ISO-10303-21;
HEADER;
FILE_DESCRIPTION(('KiCad electronic assembly'),'2;1');
FILE_NAME('electropneu.step','2025-10-30T08:43:10',('Pcbnew'),('Kicad'),
  'Open CASCADE STEP processor 7.8','KiCad to STEP converter','Unknown'
  );
FILE_SCHEMA(('AUTOMOTIVE_DESIGN { 1 0 10303 214 1 1 1 1 }'));
ENDSEC;
DATA;
#1 = APPLICATION_PROTOCOL_DEFINITION('international standard',
  'automotive_design',2000,#2);
#2 = APPLICATION_CONTEXT(
  'core data for automotive mechanical design processes');
#3 = SHAPE_DEFINITION_REPRESENTATION(#4,#10);
#4 = PRODUCT_DEFINITION_SHAPE('','',#5);
#5 = PRODUCT_DEFINITION('design','',#6,#9);
#6 = PRODUCT_DEFINITION_FORMATION('','',#7);
#7 = PRODUCT('electropneu 1','electropneu 1','',(#8));
#8 = PRODUCT_CONTEXT('',#2,'mechanical');
#9 = PRODUCT_DEFINITION_CONTEXT('part definition',#2,'design');
#10 = SHAPE_REPRESENTATION('',(#11,#15,#19,#23,#27,#31,#35,#39,#43,#47,
    #51,#55,#59,#63,#67,#71,#75,#79,#83,#87,#91,#95),#99);
#11 = AXIS2_PLACEMENT_3D('',#12,#13,#14);
#12 = CARTESIAN_POINT('',(0.,0.,0.));
#13 = DIRECTION('',(0.,0.,1.));
#14 = DIRECTION('',(1.,0.,-0.));
#15 = AXIS2_PLACEMENT_3D('',#16,#17,#18);
#16 = CARTESIAN_POINT('',(76.2,-124.46,1.595));
#17 = DIRECTION('',(0.,0.,1.));
#18 = DIRECTION('',(-1.,1.224646799147E-16,0.));
#19 = AXIS2_PLACEMENT_3D('',#20,#21,#22);
#20 = CARTESIAN_POINT('',(116.84,-54.61,1.595));
#21 = DIRECTION('',(0.,0.,1.));
#22 = DIRECTION('',(-1.,1.224646799147E-16,0.));
#23 = AXIS2_PLACEMENT_3D('',#24,#25,#26);
#24 = CARTESIAN_POINT('',(76.2,-114.3,1.595));
#25 = DIRECTION('',(0.,0.,1.));
#26 = DIRECTION('',(-1.,1.224646799147E-16,0.));
#27 = AXIS2_PLACEMENT_3D('',#28,#29,#30);
#28 = CARTESIAN_POINT('',(146.055,-54.4375,1.595));
#29 = DIRECTION('',(0.,0.,1.));
#30 = DIRECTION('',(-1.,1.224646799147E-16,0.));
#31 = AXIS2_PLACEMENT_3D('',#32,#33,#34);
#32 = CARTESIAN_POINT('',(88.67,-68.58,1.595));
#33 = DIRECTION('',(0.,0.,1.));
#34 = DIRECTION('',(1.,0.,0.));
#35 = AXIS2_PLACEMENT_3D('',#36,#37,#38);
#36 = CARTESIAN_POINT('',(154.94,-111.76,1.595));
#37 = DIRECTION('',(-0.,0.,1.));
#38 = DIRECTION('',(1.110223024625E-16,-1.,0.));
#39 = AXIS2_PLACEMENT_3D('',#40,#41,#42);
#40 = CARTESIAN_POINT('',(77.2975,-57.145,1.595));
#41 = DIRECTION('',(-0.,0.,1.));
#42 = DIRECTION('',(1.110223024625E-16,-1.,0.));
#43 = AXIS2_PLACEMENT_3D('',#44,#45,#46);
#44 = CARTESIAN_POINT('',(139.695,-127.,1.595));
#45 = DIRECTION('',(0.,0.,1.));
#46 = DIRECTION('',(1.,0.,0.));
#47 = AXIS2_PLACEMENT_3D('',#48,#49,#50);
#48 = CARTESIAN_POINT('',(81.28,-71.12,1.595));
#49 = DIRECTION('',(0.,0.,1.));
#50 = DIRECTION('',(1.,0.,0.));
#51 = AXIS2_PLACEMENT_3D('',#52,#53,#54);
#52 = CARTESIAN_POINT('',(132.08,-111.76,1.595));
#53 = DIRECTION('',(-0.,0.,1.));
#54 = DIRECTION('',(1.110223024625E-16,-1.,0.));
#55 = AXIS2_PLACEMENT_3D('',#56,#57,#58);
#56 = CARTESIAN_POINT('',(91.44,-129.54,1.595));
#57 = DIRECTION('',(0.,0.,1.));
#58 = DIRECTION('',(1.,0.,0.));
#59 = AXIS2_PLACEMENT_3D('',#60,#61,#62);
#60 = CARTESIAN_POINT('',(87.63,-76.2,1.595));
#61 = DIRECTION('',(0.,0.,1.));
#62 = DIRECTION('',(1.,0.,0.));
#63 = AXIS2_PLACEMENT_3D('',#64,#65,#66);
#64 = CARTESIAN_POINT('',(160.025,-54.4375,1.595));
#65 = DIRECTION('',(0.,0.,1.));
#66 = DIRECTION('',(-1.,1.224646799147E-16,0.));
#67 = AXIS2_PLACEMENT_3D('',#68,#69,#70);
#68 = CARTESIAN_POINT('',(107.95,-66.04,1.595));
#69 = DIRECTION('',(-0.,0.,1.));
#70 = DIRECTION('',(1.110223024625E-16,-1.,0.));
#71 = AXIS2_PLACEMENT_3D('',#72,#73,#74);
#72 = CARTESIAN_POINT('',(138.51,-121.92,1.595));
#73 = DIRECTION('',(0.,0.,1.));
#74 = DIRECTION('',(1.,0.,0.));
#75 = AXIS2_PLACEMENT_3D('',#76,#77,#78);
#76 = CARTESIAN_POINT('',(124.46,-76.2,1.595));
#77 = DIRECTION('',(-0.,0.,1.));
#78 = DIRECTION('',(1.110223024625E-16,-1.,0.));
#79 = AXIS2_PLACEMENT_3D('',#80,#81,#82);
#80 = CARTESIAN_POINT('',(113.03,-66.04,1.595));
#81 = DIRECTION('',(-0.,0.,1.));
#82 = DIRECTION('',(1.110223024625E-16,-1.,0.));
#83 = AXIS2_PLACEMENT_3D('',#84,#85,#86);
#84 = CARTESIAN_POINT('',(81.28,-114.3,1.595));
#85 = DIRECTION('',(0.,0.,1.));
#86 = DIRECTION('',(1.,0.,0.));
#87 = AXIS2_PLACEMENT_3D('',#88,#89,#90);
#88 = CARTESIAN_POINT('',(130.815,-54.4375,1.595));
#89 = DIRECTION('',(0.,0.,1.));
#90 = DIRECTION('',(-1.,1.224646799147E-16,0.));
#91 = AXIS2_PLACEMENT_3D('',#92,#93,#94);
#92 = CARTESIAN_POINT('',(81.28,-124.46,1.595));
#93 = DIRECTION('',(0.,0.,1.));
#94 = DIRECTION('',(1.,0.,0.));
#95 = AXIS2_PLACEMENT_3D('',#96,#97,#98);
#96 = CARTESIAN_POINT('',(0.,0.,0.));
#97 = DIRECTION('',(0.,0.,1.));
#98 = DIRECTION('',(1.,0.,-0.));
#99 = ( GEOMETRIC_REPRESENTATION_CONTEXT(3) 
GLOBAL_UNCERTAINTY_ASSIGNED_CONTEXT((#103)) GLOBAL_UNIT_ASSIGNED_CONTEXT
((#100,#101,#102)) REPRESENTATION_CONTEXT('Context #1',
  '3D Context with UNIT and UNCERTAINTY') );
#100 = ( LENGTH_UNIT() NAMED_UNIT(*) SI_UNIT(.MILLI.,.METRE.) );
#101 = ( NAMED_UNIT(*) PLANE_ANGLE_UNIT() SI_UNIT($,.RADIAN.) );
#102 = ( NAMED_UNIT(*) SI_UNIT($,.STERADIAN.) SOLID_ANGLE_UNIT() );
#103 = UNCERTAINTY_MEASURE_WITH_UNIT(LENGTH_MEASURE(1.E-07),#100,
  'distance_accuracy_value','confusion accuracy');
#104 = PRODUCT_RELATED_PRODUCT_CATEGORY('part',$,(#7));
#105 = SHAPE_DEFINITION_REPRESENTATION(#106,#112);
#106 = PRODUCT_DEFINITION_SHAPE('','',#107);
#107 = PRODUCT_DEFINITION('design','',#108,#111);
#108 = PRODUCT_DEFINITION_FORMATION('','',#109);
#109 = PRODUCT('LED_D5.0mm','LED_D5.0mm','',(#110));
#110 = PRODUCT_CONTEXT('',#2,'mechanical');
#111 = PRODUCT_DEFINITION_CONTEXT('part definition',#2,'design');
#112 = ADVANCED_BREP_SHAPE_REPRESENTATION('',(#11,#113),#538);
#113 = MANIFOLD_SOLID_BREP('',#114);
#114 = CLOSED_SHELL('',(#115,#142,#167,#195,#227,#244,#322,#353,#377,
    #401,#418,#449,#473,#497,#514,#526));
#115 = ADVANCED_FACE('',(#116),#137,.T.);
#116 = FACE_BOUND('',#117,.T.);
#117 = EDGE_LOOP('',(#118,#129,#130));
#118 = ORIENTED_EDGE('',*,*,#119,.T.);
#119 = EDGE_CURVE('',#120,#122,#124,.T.);
#120 = VERTEX_POINT('',#121);
#121 = CARTESIAN_POINT('',(3.72,6.095124405192E-15,9.15));
#122 = VERTEX_POINT('',#123);
#123 = CARTESIAN_POINT('',(1.27,7.727152251391E-15,11.6));
#124 = CIRCLE('',#125,2.45);
#125 = AXIS2_PLACEMENT_3D('',#126,#127,#128);
#126 = CARTESIAN_POINT('',(1.27,6.095124405192E-15,9.15));
#127 = DIRECTION('',(0.,-1.,6.661338147751E-16));
#128 = DIRECTION('',(1.,0.,0.));
#129 = ORIENTED_EDGE('',*,*,#119,.F.);
#130 = ORIENTED_EDGE('',*,*,#131,.F.);
#131 = EDGE_CURVE('',#120,#120,#132,.T.);
#132 = CIRCLE('',#133,2.45);
#133 = AXIS2_PLACEMENT_3D('',#134,#135,#136);
#134 = CARTESIAN_POINT('',(1.27,4.063416270128E-15,9.15));
#135 = DIRECTION('',(-5.585532782092E-47,-4.440892098501E-16,-1.));
#136 = DIRECTION('',(1.,8.292686265567E-16,-3.68269249121E-31));
#137 = SPHERICAL_SURFACE('',#138,2.45);
#138 = AXIS2_PLACEMENT_3D('',#139,#140,#141);
#139 = CARTESIAN_POINT('',(1.27,6.095124405192E-15,9.15));
#140 = DIRECTION('',(0.,4.440892098501E-16,1.));
#141 = DIRECTION('',(1.,1.394807543452E-15,-6.194189798646E-31));
#142 = ADVANCED_FACE('',(#143),#162,.T.);
#143 = FACE_BOUND('',#144,.T.);
#144 = EDGE_LOOP('',(#145,#153,#154,#155));
#145 = ORIENTED_EDGE('',*,*,#146,.F.);
#146 = EDGE_CURVE('',#120,#147,#149,.T.);
#147 = VERTEX_POINT('',#148);
#148 = CARTESIAN_POINT('',(3.72,2.6645352591E-15,4.));
#149 = LINE('',#150,#151);
#150 = CARTESIAN_POINT('',(3.72,6.095124405192E-15,9.15));
#151 = VECTOR('',#152,1.);
#152 = DIRECTION('',(0.,-6.661338147751E-16,-1.));
#153 = ORIENTED_EDGE('',*,*,#131,.T.);
#154 = ORIENTED_EDGE('',*,*,#146,.T.);
#155 = ORIENTED_EDGE('',*,*,#156,.F.);
#156 = EDGE_CURVE('',#147,#147,#157,.T.);
#157 = CIRCLE('',#158,2.45);
#158 = AXIS2_PLACEMENT_3D('',#159,#160,#161);
#159 = CARTESIAN_POINT('',(1.27,1.7763568394E-15,4.));
#160 = DIRECTION('',(-2.681055735445E-47,-4.440892098501E-16,-1.));
#161 = DIRECTION('',(1.,3.625218039592E-16,-1.609920214737E-31));
#162 = CYLINDRICAL_SURFACE('',#163,2.45);
#163 = AXIS2_PLACEMENT_3D('',#164,#165,#166);
#164 = CARTESIAN_POINT('',(1.27,4.063416270128E-15,9.15));
#165 = DIRECTION('',(0.,-4.440892098501E-16,-1.));
#166 = DIRECTION('',(1.,8.292686265567E-16,-3.68269249121E-31));
#167 = ADVANCED_FACE('',(#168,#187),#190,.F.);
#168 = FACE_BOUND('',#169,.F.);
#169 = EDGE_LOOP('',(#170,#181));
#170 = ORIENTED_EDGE('',*,*,#171,.F.);
#171 = EDGE_CURVE('',#172,#174,#176,.T.);
#172 = VERTEX_POINT('',#173);
#173 = CARTESIAN_POINT('',(-1.229999999999,-1.46969384567,4.));
#174 = VERTEX_POINT('',#175);
#175 = CARTESIAN_POINT('',(-1.23,1.469693845669,4.));
#176 = CIRCLE('',#177,2.9);
#177 = AXIS2_PLACEMENT_3D('',#178,#179,#180);
#178 = CARTESIAN_POINT('',(1.27,0.,4.));
#179 = DIRECTION('',(0.,0.,1.));
#180 = DIRECTION('',(1.,0.,-0.));
#181 = ORIENTED_EDGE('',*,*,#182,.T.);
#182 = EDGE_CURVE('',#172,#174,#183,.T.);
#183 = LINE('',#184,#185);
#184 = CARTESIAN_POINT('',(-1.229999999999,-1.46969384567,4.));
#185 = VECTOR('',#186,1.);
#186 = DIRECTION('',(0.,1.,0.));
#187 = FACE_BOUND('',#188,.F.);
#188 = EDGE_LOOP('',(#189));
#189 = ORIENTED_EDGE('',*,*,#156,.F.);
#190 = PLANE('',#191);
#191 = AXIS2_PLACEMENT_3D('',#192,#193,#194);
#192 = CARTESIAN_POINT('',(-1.229999999999,-1.469693845671,4.));
#193 = DIRECTION('',(0.,0.,-1.));
#194 = DIRECTION('',(-1.,0.,0.));
#195 = ADVANCED_FACE('',(#196),#222,.T.);
#196 = FACE_BOUND('',#197,.T.);
#197 = EDGE_LOOP('',(#198,#209,#215,#216));
#198 = ORIENTED_EDGE('',*,*,#199,.T.);
#199 = EDGE_CURVE('',#200,#202,#204,.T.);
#200 = VERTEX_POINT('',#201);
#201 = CARTESIAN_POINT('',(-1.229999999999,-1.46969384567,3.));
#202 = VERTEX_POINT('',#203);
#203 = CARTESIAN_POINT('',(-1.23,1.469693845669,3.));
#204 = CIRCLE('',#205,2.9);
#205 = AXIS2_PLACEMENT_3D('',#206,#207,#208);
#206 = CARTESIAN_POINT('',(1.27,0.,3.));
#207 = DIRECTION('',(0.,0.,1.));
#208 = DIRECTION('',(1.,0.,-0.));
#209 = ORIENTED_EDGE('',*,*,#210,.T.);
#210 = EDGE_CURVE('',#202,#174,#211,.T.);
#211 = LINE('',#212,#213);
#212 = CARTESIAN_POINT('',(-1.23,1.469693845669,3.));
#213 = VECTOR('',#214,1.);
#214 = DIRECTION('',(0.,0.,1.));
#215 = ORIENTED_EDGE('',*,*,#171,.F.);
#216 = ORIENTED_EDGE('',*,*,#217,.F.);
#217 = EDGE_CURVE('',#200,#172,#218,.T.);
#218 = LINE('',#219,#220);
#219 = CARTESIAN_POINT('',(-1.229999999999,-1.46969384567,3.));
#220 = VECTOR('',#221,1.);
#221 = DIRECTION('',(0.,0.,1.));
#222 = CYLINDRICAL_SURFACE('',#223,2.9);
#223 = AXIS2_PLACEMENT_3D('',#224,#225,#226);
#224 = CARTESIAN_POINT('',(1.27,0.,3.));
#225 = DIRECTION('',(-0.,-0.,-1.));
#226 = DIRECTION('',(1.,0.,0.));
#227 = ADVANCED_FACE('',(#228),#239,.T.);
#228 = FACE_BOUND('',#229,.T.);
#229 = EDGE_LOOP('',(#230,#231,#232,#233));
#230 = ORIENTED_EDGE('',*,*,#217,.T.);
#231 = ORIENTED_EDGE('',*,*,#182,.T.);
#232 = ORIENTED_EDGE('',*,*,#210,.F.);
#233 = ORIENTED_EDGE('',*,*,#234,.F.);
#234 = EDGE_CURVE('',#200,#202,#235,.T.);
#235 = LINE('',#236,#237);
#236 = CARTESIAN_POINT('',(-1.229999999999,-1.46969384567,3.));
#237 = VECTOR('',#238,1.);
#238 = DIRECTION('',(0.,1.,0.));
#239 = PLANE('',#240);
#240 = AXIS2_PLACEMENT_3D('',#241,#242,#243);
#241 = CARTESIAN_POINT('',(-1.229999999999,-1.46969384567,3.));
#242 = DIRECTION('',(-1.,0.,0.));
#243 = DIRECTION('',(0.,1.,0.));
#244 = ADVANCED_FACE('',(#245,#249,#283),#317,.T.);
#245 = FACE_BOUND('',#246,.T.);
#246 = EDGE_LOOP('',(#247,#248));
#247 = ORIENTED_EDGE('',*,*,#199,.F.);
#248 = ORIENTED_EDGE('',*,*,#234,.T.);
#249 = FACE_BOUND('',#250,.T.);
#250 = EDGE_LOOP('',(#251,#261,#269,#277));
#251 = ORIENTED_EDGE('',*,*,#252,.T.);
#252 = EDGE_CURVE('',#253,#255,#257,.T.);
#253 = VERTEX_POINT('',#254);
#254 = CARTESIAN_POINT('',(-0.2,-0.2,3.));
#255 = VERTEX_POINT('',#256);
#256 = CARTESIAN_POINT('',(0.2,-0.2,3.));
#257 = LINE('',#258,#259);
#258 = CARTESIAN_POINT('',(-0.515,-0.2,3.));
#259 = VECTOR('',#260,1.);
#260 = DIRECTION('',(1.,0.,0.));
#261 = ORIENTED_EDGE('',*,*,#262,.T.);
#262 = EDGE_CURVE('',#255,#263,#265,.T.);
#263 = VERTEX_POINT('',#264);
#264 = CARTESIAN_POINT('',(0.2,0.2,3.));
#265 = LINE('',#266,#267);
#266 = CARTESIAN_POINT('',(0.2,-0.634846922835,3.));
#267 = VECTOR('',#268,1.);
#268 = DIRECTION('',(0.,1.,0.));
#269 = ORIENTED_EDGE('',*,*,#270,.T.);
#270 = EDGE_CURVE('',#263,#271,#273,.T.);
#271 = VERTEX_POINT('',#272);
#272 = CARTESIAN_POINT('',(-0.2,0.2,3.));
#273 = LINE('',#274,#275);
#274 = CARTESIAN_POINT('',(-0.715,0.2,3.));
#275 = VECTOR('',#276,1.);
#276 = DIRECTION('',(-1.,-0.,-0.));
#277 = ORIENTED_EDGE('',*,*,#278,.T.);
#278 = EDGE_CURVE('',#271,#253,#279,.T.);
#279 = LINE('',#280,#281);
#280 = CARTESIAN_POINT('',(-0.2,-0.834846922835,3.));
#281 = VECTOR('',#282,1.);
#282 = DIRECTION('',(0.,-1.,0.));
#283 = FACE_BOUND('',#284,.T.);
#284 = EDGE_LOOP('',(#285,#295,#303,#311));
#285 = ORIENTED_EDGE('',*,*,#286,.T.);
#286 = EDGE_CURVE('',#287,#289,#291,.T.);
#287 = VERTEX_POINT('',#288);
#288 = CARTESIAN_POINT('',(2.34,0.2,3.));
#289 = VERTEX_POINT('',#290);
#290 = CARTESIAN_POINT('',(2.34,-0.2,3.));
#291 = LINE('',#292,#293);
#292 = CARTESIAN_POINT('',(2.34,-0.834846922835,3.));
#293 = VECTOR('',#294,1.);
#294 = DIRECTION('',(0.,-1.,0.));
#295 = ORIENTED_EDGE('',*,*,#296,.T.);
#296 = EDGE_CURVE('',#289,#297,#299,.T.);
#297 = VERTEX_POINT('',#298);
#298 = CARTESIAN_POINT('',(2.74,-0.2,3.));
#299 = LINE('',#300,#301);
#300 = CARTESIAN_POINT('',(0.755,-0.2,3.));
#301 = VECTOR('',#302,1.);
#302 = DIRECTION('',(1.,0.,0.));
#303 = ORIENTED_EDGE('',*,*,#304,.T.);
#304 = EDGE_CURVE('',#297,#305,#307,.T.);
#305 = VERTEX_POINT('',#306);
#306 = CARTESIAN_POINT('',(2.74,0.2,3.));
#307 = LINE('',#308,#309);
#308 = CARTESIAN_POINT('',(2.74,-0.634846922835,3.));
#309 = VECTOR('',#310,1.);
#310 = DIRECTION('',(0.,1.,0.));
#311 = ORIENTED_EDGE('',*,*,#312,.T.);
#312 = EDGE_CURVE('',#305,#287,#313,.T.);
#313 = LINE('',#314,#315);
#314 = CARTESIAN_POINT('',(0.555,0.2,3.));
#315 = VECTOR('',#316,1.);
#316 = DIRECTION('',(-1.,-0.,-0.));
#317 = PLANE('',#318);
#318 = AXIS2_PLACEMENT_3D('',#319,#320,#321);
#319 = CARTESIAN_POINT('',(-1.229999999999,-1.469693845671,3.));
#320 = DIRECTION('',(0.,0.,-1.));
#321 = DIRECTION('',(-1.,0.,0.));
#322 = ADVANCED_FACE('',(#323),#348,.F.);
#323 = FACE_BOUND('',#324,.F.);
#324 = EDGE_LOOP('',(#325,#326,#334,#342));
#325 = ORIENTED_EDGE('',*,*,#252,.T.);
#326 = ORIENTED_EDGE('',*,*,#327,.T.);
#327 = EDGE_CURVE('',#255,#328,#330,.T.);
#328 = VERTEX_POINT('',#329);
#329 = CARTESIAN_POINT('',(0.2,-0.2,-2.5));
#330 = LINE('',#331,#332);
#331 = CARTESIAN_POINT('',(0.2,-0.2,3.5));
#332 = VECTOR('',#333,1.);
#333 = DIRECTION('',(-0.,-0.,-1.));
#334 = ORIENTED_EDGE('',*,*,#335,.T.);
#335 = EDGE_CURVE('',#328,#336,#338,.T.);
#336 = VERTEX_POINT('',#337);
#337 = CARTESIAN_POINT('',(-0.2,-0.2,-2.5));
#338 = LINE('',#339,#340);
#339 = CARTESIAN_POINT('',(0.2,-0.2,-2.5));
#340 = VECTOR('',#341,1.);
#341 = DIRECTION('',(-1.,0.,0.));
#342 = ORIENTED_EDGE('',*,*,#343,.F.);
#343 = EDGE_CURVE('',#253,#336,#344,.T.);
#344 = LINE('',#345,#346);
#345 = CARTESIAN_POINT('',(-0.2,-0.2,3.5));
#346 = VECTOR('',#347,1.);
#347 = DIRECTION('',(-0.,-0.,-1.));
#348 = PLANE('',#349);
#349 = AXIS2_PLACEMENT_3D('',#350,#351,#352);
#350 = CARTESIAN_POINT('',(0.2,-0.2,3.5));
#351 = DIRECTION('',(0.,1.,0.));
#352 = DIRECTION('',(-1.,0.,0.));
#353 = ADVANCED_FACE('',(#354),#372,.F.);
#354 = FACE_BOUND('',#355,.F.);
#355 = EDGE_LOOP('',(#356,#357,#358,#366));
#356 = ORIENTED_EDGE('',*,*,#278,.T.);
#357 = ORIENTED_EDGE('',*,*,#343,.T.);
#358 = ORIENTED_EDGE('',*,*,#359,.T.);
#359 = EDGE_CURVE('',#336,#360,#362,.T.);
#360 = VERTEX_POINT('',#361);
#361 = CARTESIAN_POINT('',(-0.2,0.2,-2.5));
#362 = LINE('',#363,#364);
#363 = CARTESIAN_POINT('',(-0.2,-0.2,-2.5));
#364 = VECTOR('',#365,1.);
#365 = DIRECTION('',(0.,1.,0.));
#366 = ORIENTED_EDGE('',*,*,#367,.F.);
#367 = EDGE_CURVE('',#271,#360,#368,.T.);
#368 = LINE('',#369,#370);
#369 = CARTESIAN_POINT('',(-0.2,0.2,3.5));
#370 = VECTOR('',#371,1.);
#371 = DIRECTION('',(-0.,-0.,-1.));
#372 = PLANE('',#373);
#373 = AXIS2_PLACEMENT_3D('',#374,#375,#376);
#374 = CARTESIAN_POINT('',(-0.2,-0.2,3.5));
#375 = DIRECTION('',(1.,0.,0.));
#376 = DIRECTION('',(-0.,1.,0.));
#377 = ADVANCED_FACE('',(#378),#396,.F.);
#378 = FACE_BOUND('',#379,.F.);
#379 = EDGE_LOOP('',(#380,#381,#382,#390));
#380 = ORIENTED_EDGE('',*,*,#270,.T.);
#381 = ORIENTED_EDGE('',*,*,#367,.T.);
#382 = ORIENTED_EDGE('',*,*,#383,.T.);
#383 = EDGE_CURVE('',#360,#384,#386,.T.);
#384 = VERTEX_POINT('',#385);
#385 = CARTESIAN_POINT('',(0.2,0.2,-2.5));
#386 = LINE('',#387,#388);
#387 = CARTESIAN_POINT('',(-0.2,0.2,-2.5));
#388 = VECTOR('',#389,1.);
#389 = DIRECTION('',(1.,0.,0.));
#390 = ORIENTED_EDGE('',*,*,#391,.F.);
#391 = EDGE_CURVE('',#263,#384,#392,.T.);
#392 = LINE('',#393,#394);
#393 = CARTESIAN_POINT('',(0.2,0.2,3.5));
#394 = VECTOR('',#395,1.);
#395 = DIRECTION('',(-0.,-0.,-1.));
#396 = PLANE('',#397);
#397 = AXIS2_PLACEMENT_3D('',#398,#399,#400);
#398 = CARTESIAN_POINT('',(-0.2,0.2,3.5));
#399 = DIRECTION('',(0.,-1.,0.));
#400 = DIRECTION('',(1.,0.,0.));
#401 = ADVANCED_FACE('',(#402),#413,.F.);
#402 = FACE_BOUND('',#403,.F.);
#403 = EDGE_LOOP('',(#404,#405,#406,#412));
#404 = ORIENTED_EDGE('',*,*,#262,.T.);
#405 = ORIENTED_EDGE('',*,*,#391,.T.);
#406 = ORIENTED_EDGE('',*,*,#407,.T.);
#407 = EDGE_CURVE('',#384,#328,#408,.T.);
#408 = LINE('',#409,#410);
#409 = CARTESIAN_POINT('',(0.2,0.2,-2.5));
#410 = VECTOR('',#411,1.);
#411 = DIRECTION('',(0.,-1.,0.));
#412 = ORIENTED_EDGE('',*,*,#327,.F.);
#413 = PLANE('',#414);
#414 = AXIS2_PLACEMENT_3D('',#415,#416,#417);
#415 = CARTESIAN_POINT('',(0.2,0.2,3.5));
#416 = DIRECTION('',(-1.,0.,0.));
#417 = DIRECTION('',(0.,-1.,0.));
#418 = ADVANCED_FACE('',(#419),#444,.F.);
#419 = FACE_BOUND('',#420,.F.);
#420 = EDGE_LOOP('',(#421,#422,#430,#438));
#421 = ORIENTED_EDGE('',*,*,#286,.T.);
#422 = ORIENTED_EDGE('',*,*,#423,.T.);
#423 = EDGE_CURVE('',#289,#424,#426,.T.);
#424 = VERTEX_POINT('',#425);
#425 = CARTESIAN_POINT('',(2.34,-0.2,-2.5));
#426 = LINE('',#427,#428);
#427 = CARTESIAN_POINT('',(2.34,-0.2,3.5));
#428 = VECTOR('',#429,1.);
#429 = DIRECTION('',(-0.,-0.,-1.));
#430 = ORIENTED_EDGE('',*,*,#431,.T.);
#431 = EDGE_CURVE('',#424,#432,#434,.T.);
#432 = VERTEX_POINT('',#433);
#433 = CARTESIAN_POINT('',(2.34,0.2,-2.5));
#434 = LINE('',#435,#436);
#435 = CARTESIAN_POINT('',(2.34,-0.2,-2.5));
#436 = VECTOR('',#437,1.);
#437 = DIRECTION('',(0.,1.,0.));
#438 = ORIENTED_EDGE('',*,*,#439,.F.);
#439 = EDGE_CURVE('',#287,#432,#440,.T.);
#440 = LINE('',#441,#442);
#441 = CARTESIAN_POINT('',(2.34,0.2,3.5));
#442 = VECTOR('',#443,1.);
#443 = DIRECTION('',(-0.,-0.,-1.));
#444 = PLANE('',#445);
#445 = AXIS2_PLACEMENT_3D('',#446,#447,#448);
#446 = CARTESIAN_POINT('',(2.34,-0.2,3.5));
#447 = DIRECTION('',(1.,0.,0.));
#448 = DIRECTION('',(-0.,1.,0.));
#449 = ADVANCED_FACE('',(#450),#468,.F.);
#450 = FACE_BOUND('',#451,.F.);
#451 = EDGE_LOOP('',(#452,#453,#454,#462));
#452 = ORIENTED_EDGE('',*,*,#312,.T.);
#453 = ORIENTED_EDGE('',*,*,#439,.T.);
#454 = ORIENTED_EDGE('',*,*,#455,.T.);
#455 = EDGE_CURVE('',#432,#456,#458,.T.);
#456 = VERTEX_POINT('',#457);
#457 = CARTESIAN_POINT('',(2.74,0.2,-2.5));
#458 = LINE('',#459,#460);
#459 = CARTESIAN_POINT('',(2.34,0.2,-2.5));
#460 = VECTOR('',#461,1.);
#461 = DIRECTION('',(1.,0.,0.));
#462 = ORIENTED_EDGE('',*,*,#463,.F.);
#463 = EDGE_CURVE('',#305,#456,#464,.T.);
#464 = LINE('',#465,#466);
#465 = CARTESIAN_POINT('',(2.74,0.2,3.5));
#466 = VECTOR('',#467,1.);
#467 = DIRECTION('',(-0.,-0.,-1.));
#468 = PLANE('',#469);
#469 = AXIS2_PLACEMENT_3D('',#470,#471,#472);
#470 = CARTESIAN_POINT('',(2.34,0.2,3.5));
#471 = DIRECTION('',(0.,-1.,0.));
#472 = DIRECTION('',(1.,0.,0.));
#473 = ADVANCED_FACE('',(#474),#492,.F.);
#474 = FACE_BOUND('',#475,.F.);
#475 = EDGE_LOOP('',(#476,#477,#478,#486));
#476 = ORIENTED_EDGE('',*,*,#304,.T.);
#477 = ORIENTED_EDGE('',*,*,#463,.T.);
#478 = ORIENTED_EDGE('',*,*,#479,.T.);
#479 = EDGE_CURVE('',#456,#480,#482,.T.);
#480 = VERTEX_POINT('',#481);
#481 = CARTESIAN_POINT('',(2.74,-0.2,-2.5));
#482 = LINE('',#483,#484);
#483 = CARTESIAN_POINT('',(2.74,0.2,-2.5));
#484 = VECTOR('',#485,1.);
#485 = DIRECTION('',(0.,-1.,0.));
#486 = ORIENTED_EDGE('',*,*,#487,.F.);
#487 = EDGE_CURVE('',#297,#480,#488,.T.);
#488 = LINE('',#489,#490);
#489 = CARTESIAN_POINT('',(2.74,-0.2,3.5));
#490 = VECTOR('',#491,1.);
#491 = DIRECTION('',(-0.,-0.,-1.));
#492 = PLANE('',#493);
#493 = AXIS2_PLACEMENT_3D('',#494,#495,#496);
#494 = CARTESIAN_POINT('',(2.74,0.2,3.5));
#495 = DIRECTION('',(-1.,0.,0.));
#496 = DIRECTION('',(0.,-1.,0.));
#497 = ADVANCED_FACE('',(#498),#509,.F.);
#498 = FACE_BOUND('',#499,.F.);
#499 = EDGE_LOOP('',(#500,#501,#502,#508));
#500 = ORIENTED_EDGE('',*,*,#296,.T.);
#501 = ORIENTED_EDGE('',*,*,#487,.T.);
#502 = ORIENTED_EDGE('',*,*,#503,.T.);
#503 = EDGE_CURVE('',#480,#424,#504,.T.);
#504 = LINE('',#505,#506);
#505 = CARTESIAN_POINT('',(2.74,-0.2,-2.5));
#506 = VECTOR('',#507,1.);
#507 = DIRECTION('',(-1.,0.,0.));
#508 = ORIENTED_EDGE('',*,*,#423,.F.);
#509 = PLANE('',#510);
#510 = AXIS2_PLACEMENT_3D('',#511,#512,#513);
#511 = CARTESIAN_POINT('',(2.74,-0.2,3.5));
#512 = DIRECTION('',(0.,1.,0.));
#513 = DIRECTION('',(-1.,0.,0.));
#514 = ADVANCED_FACE('',(#515),#521,.F.);
#515 = FACE_BOUND('',#516,.T.);
#516 = EDGE_LOOP('',(#517,#518,#519,#520));
#517 = ORIENTED_EDGE('',*,*,#383,.T.);
#518 = ORIENTED_EDGE('',*,*,#407,.T.);
#519 = ORIENTED_EDGE('',*,*,#335,.T.);
#520 = ORIENTED_EDGE('',*,*,#359,.T.);
#521 = PLANE('',#522);
#522 = AXIS2_PLACEMENT_3D('',#523,#524,#525);
#523 = CARTESIAN_POINT('',(-0.2,0.2,-2.5));
#524 = DIRECTION('',(0.,0.,1.));
#525 = DIRECTION('',(1.,0.,-0.));
#526 = ADVANCED_FACE('',(#527),#533,.F.);
#527 = FACE_BOUND('',#528,.T.);
#528 = EDGE_LOOP('',(#529,#530,#531,#532));
#529 = ORIENTED_EDGE('',*,*,#455,.T.);
#530 = ORIENTED_EDGE('',*,*,#479,.T.);
#531 = ORIENTED_EDGE('',*,*,#503,.T.);
#532 = ORIENTED_EDGE('',*,*,#431,.T.);
#533 = PLANE('',#534);
#534 = AXIS2_PLACEMENT_3D('',#535,#536,#537);
#535 = CARTESIAN_POINT('',(2.34,0.2,-2.5));
#536 = DIRECTION('',(0.,0.,1.));
#537 = DIRECTION('',(1.,0.,-0.));
#538 = ( GEOMETRIC_REPRESENTATION_CONTEXT(3) 
GLOBAL_UNCERTAINTY_ASSIGNED_CONTEXT((#542)) GLOBAL_UNIT_ASSIGNED_CONTEXT
((#539,#540,#541)) REPRESENTATION_CONTEXT('Context #1',
  '3D Context with UNIT and UNCERTAINTY') );
#539 = ( LENGTH_UNIT() NAMED_UNIT(*) SI_UNIT(.MILLI.,.METRE.) );
#540 = ( NAMED_UNIT(*) PLANE_ANGLE_UNIT() SI_UNIT($,.RADIAN.) );
#541 = ( NAMED_UNIT(*) SI_UNIT($,.STERADIAN.) SOLID_ANGLE_UNIT() );
#542 = UNCERTAINTY_MEASURE_WITH_UNIT(LENGTH_MEASURE(1.E-07),#539,
  'distance_accuracy_value','confusion accuracy');
#543 = CONTEXT_DEPENDENT_SHAPE_REPRESENTATION(#544,#546);
#544 = ( REPRESENTATION_RELATIONSHIP('','',#112,#10) 
REPRESENTATION_RELATIONSHIP_WITH_TRANSFORMATION(#545) 
SHAPE_REPRESENTATION_RELATIONSHIP() );
#545 = ITEM_DEFINED_TRANSFORMATION('','',#11,#15);
#546 = PRODUCT_DEFINITION_SHAPE('Placement','Placement of an item',#547
  );
#547 = NEXT_ASSEMBLY_USAGE_OCCURRENCE('1','D2','',#5,#107,$);
#548 = PRODUCT_RELATED_PRODUCT_CATEGORY('part',$,(#109));
#549 = SHAPE_DEFINITION_REPRESENTATION(#550,#556);
#550 = PRODUCT_DEFINITION_SHAPE('','',#551);
#551 = PRODUCT_DEFINITION('design','',#552,#555);
#552 = PRODUCT_DEFINITION_FORMATION('','',#553);
#553 = PRODUCT(
  'TerminalBlock_Phoenix_MKDS-1,5-2-5.08_1x02_P5.08mm_Horizontal',
  'TerminalBlock_Phoenix_MKDS-1,5-2-5.08_1x02_P5.08mm_Horizontal','',(
    #554));
#554 = PRODUCT_CONTEXT('',#2,'mechanical');
#555 = PRODUCT_DEFINITION_CONTEXT('part definition',#2,'design');
#556 = ADVANCED_BREP_SHAPE_REPRESENTATION('',(#11,#557),#3178);
#557 = MANIFOLD_SOLID_BREP('',#558);
#558 = CLOSED_SHELL('',(#559,#655,#686,#732,#756,#780,#927,#951,#975,
    #992,#1084,#1101,#1139,#1250,#1361,#1373,#1397,#1421,#1438,#1469,
    #1493,#1517,#1534,#1565,#1589,#1613,#1630,#1659,#1682,#1705,#1722,
    #1751,#1774,#1797,#1814,#1826,#1842,#1875,#1900,#1938,#1970,#2001,
    #2011,#2029,#2045,#2078,#2103,#2141,#2173,#2204,#2214,#2232,#2244,
    #2256,#2287,#2304,#2321,#2352,#2369,#2386,#2411,#2522,#2577,#2587,
    #2612,#2723,#2778,#2788,#2804,#2821,#2838,#2855,#2865,#2875,#2906,
    #2930,#2954,#2971,#2987,#3004,#3021,#3038,#3048,#3058,#3089,#3113,
    #3137,#3154,#3166));
#559 = ADVANCED_FACE('',(#560),#650,.F.);
#560 = FACE_BOUND('',#561,.F.);
#561 = EDGE_LOOP('',(#562,#572,#580,#588,#596,#604,#612,#620,#628,#636,
    #644));
#562 = ORIENTED_EDGE('',*,*,#563,.T.);
#563 = EDGE_CURVE('',#564,#566,#568,.T.);
#564 = VERTEX_POINT('',#565);
#565 = CARTESIAN_POINT('',(-2.54,-2.6,13.8));
#566 = VERTEX_POINT('',#567);
#567 = CARTESIAN_POINT('',(-2.54,-4.1,7.4));
#568 = LINE('',#569,#570);
#569 = CARTESIAN_POINT('',(-2.54,-2.6,13.8));
#570 = VECTOR('',#571,1.);
#571 = DIRECTION('',(0.,-0.228191322789,-0.973616310568));
#572 = ORIENTED_EDGE('',*,*,#573,.T.);
#573 = EDGE_CURVE('',#566,#574,#576,.T.);
#574 = VERTEX_POINT('',#575);
#575 = CARTESIAN_POINT('',(-2.54,-4.6,7.4));
#576 = LINE('',#577,#578);
#577 = CARTESIAN_POINT('',(-2.54,-4.1,7.4));
#578 = VECTOR('',#579,1.);
#579 = DIRECTION('',(0.,-1.,0.));
#580 = ORIENTED_EDGE('',*,*,#581,.T.);
#581 = EDGE_CURVE('',#574,#582,#584,.T.);
#582 = VERTEX_POINT('',#583);
#583 = CARTESIAN_POINT('',(-2.54,-4.6,0.));
#584 = LINE('',#585,#586);
#585 = CARTESIAN_POINT('',(-2.54,-4.6,13.8));
#586 = VECTOR('',#587,1.);
#587 = DIRECTION('',(0.,0.,-1.));
#588 = ORIENTED_EDGE('',*,*,#589,.T.);
#589 = EDGE_CURVE('',#582,#590,#592,.T.);
#590 = VERTEX_POINT('',#591);
#591 = CARTESIAN_POINT('',(-2.54,-3.83,0.));
#592 = LINE('',#593,#594);
#593 = CARTESIAN_POINT('',(-2.54,-4.6,0.));
#594 = VECTOR('',#595,1.);
#595 = DIRECTION('',(0.,1.,0.));
#596 = ORIENTED_EDGE('',*,*,#597,.T.);
#597 = EDGE_CURVE('',#590,#598,#600,.T.);
#598 = VERTEX_POINT('',#599);
#599 = CARTESIAN_POINT('',(-2.54,-3.83,7.));
#600 = LINE('',#601,#602);
#601 = CARTESIAN_POINT('',(-2.54,-3.83,0.));
#602 = VECTOR('',#603,1.);
#603 = DIRECTION('',(0.,0.,1.));
#604 = ORIENTED_EDGE('',*,*,#605,.T.);
#605 = EDGE_CURVE('',#598,#606,#608,.T.);
#606 = VERTEX_POINT('',#607);
#607 = CARTESIAN_POINT('',(-2.54,-3.37,7.));
#608 = LINE('',#609,#610);
#609 = CARTESIAN_POINT('',(-2.54,-3.83,7.));
#610 = VECTOR('',#611,1.);
#611 = DIRECTION('',(0.,1.,0.));
#612 = ORIENTED_EDGE('',*,*,#613,.F.);
#613 = EDGE_CURVE('',#614,#606,#616,.T.);
#614 = VERTEX_POINT('',#615);
#615 = CARTESIAN_POINT('',(-2.54,-3.37,0.));
#616 = LINE('',#617,#618);
#617 = CARTESIAN_POINT('',(-2.54,-3.37,0.));
#618 = VECTOR('',#619,1.);
#619 = DIRECTION('',(0.,0.,1.));
#620 = ORIENTED_EDGE('',*,*,#621,.T.);
#621 = EDGE_CURVE('',#614,#622,#624,.T.);
#622 = VERTEX_POINT('',#623);
#623 = CARTESIAN_POINT('',(-2.54,5.2,0.));
#624 = LINE('',#625,#626);
#625 = CARTESIAN_POINT('',(-2.54,-4.6,0.));
#626 = VECTOR('',#627,1.);
#627 = DIRECTION('',(0.,1.,0.));
#628 = ORIENTED_EDGE('',*,*,#629,.T.);
#629 = EDGE_CURVE('',#622,#630,#632,.T.);
#630 = VERTEX_POINT('',#631);
#631 = CARTESIAN_POINT('',(-2.54,5.2,4.57));
#632 = LINE('',#633,#634);
#633 = CARTESIAN_POINT('',(-2.54,5.2,0.));
#634 = VECTOR('',#635,1.);
#635 = DIRECTION('',(0.,0.,1.));
#636 = ORIENTED_EDGE('',*,*,#637,.F.);
#637 = EDGE_CURVE('',#638,#630,#640,.T.);
#638 = VERTEX_POINT('',#639);
#639 = CARTESIAN_POINT('',(-2.54,2.2,13.8));
#640 = LINE('',#641,#642);
#641 = CARTESIAN_POINT('',(-2.54,2.2,13.8));
#642 = VECTOR('',#643,1.);
#643 = DIRECTION('',(0.,0.309109370483,-0.951026496518));
#644 = ORIENTED_EDGE('',*,*,#645,.T.);
#645 = EDGE_CURVE('',#638,#564,#646,.T.);
#646 = LINE('',#647,#648);
#647 = CARTESIAN_POINT('',(-2.54,5.2,13.8));
#648 = VECTOR('',#649,1.);
#649 = DIRECTION('',(0.,-1.,0.));
#650 = PLANE('',#651);
#651 = AXIS2_PLACEMENT_3D('',#652,#653,#654);
#652 = CARTESIAN_POINT('',(-2.54,0.3,6.9));
#653 = DIRECTION('',(1.,0.,0.));
#654 = DIRECTION('',(0.,0.,1.));
#655 = ADVANCED_FACE('',(#656),#681,.F.);
#656 = FACE_BOUND('',#657,.F.);
#657 = EDGE_LOOP('',(#658,#666,#674,#680));
#658 = ORIENTED_EDGE('',*,*,#659,.T.);
#659 = EDGE_CURVE('',#564,#660,#662,.T.);
#660 = VERTEX_POINT('',#661);
#661 = CARTESIAN_POINT('',(7.62,-2.6,13.8));
#662 = LINE('',#663,#664);
#663 = CARTESIAN_POINT('',(-2.54,-2.6,13.8));
#664 = VECTOR('',#665,1.);
#665 = DIRECTION('',(1.,0.,0.));
#666 = ORIENTED_EDGE('',*,*,#667,.T.);
#667 = EDGE_CURVE('',#660,#668,#670,.T.);
#668 = VERTEX_POINT('',#669);
#669 = CARTESIAN_POINT('',(7.62,-4.1,7.4));
#670 = LINE('',#671,#672);
#671 = CARTESIAN_POINT('',(7.62,-2.6,13.8));
#672 = VECTOR('',#673,1.);
#673 = DIRECTION('',(0.,-0.228191322789,-0.973616310568));
#674 = ORIENTED_EDGE('',*,*,#675,.F.);
#675 = EDGE_CURVE('',#566,#668,#676,.T.);
#676 = LINE('',#677,#678);
#677 = CARTESIAN_POINT('',(-2.54,-4.1,7.4));
#678 = VECTOR('',#679,1.);
#679 = DIRECTION('',(1.,0.,0.));
#680 = ORIENTED_EDGE('',*,*,#563,.F.);
#681 = PLANE('',#682);
#682 = AXIS2_PLACEMENT_3D('',#683,#684,#685);
#683 = CARTESIAN_POINT('',(-2.54,-2.6,13.8));
#684 = DIRECTION('',(0.,0.973616310568,-0.228191322789));
#685 = DIRECTION('',(0.,-0.228191322789,-0.973616310568));
#686 = ADVANCED_FACE('',(#687,#705,#716),#727,.F.);
#687 = FACE_BOUND('',#688,.F.);
#688 = EDGE_LOOP('',(#689,#690,#698,#704));
#689 = ORIENTED_EDGE('',*,*,#645,.F.);
#690 = ORIENTED_EDGE('',*,*,#691,.T.);
#691 = EDGE_CURVE('',#638,#692,#694,.T.);
#692 = VERTEX_POINT('',#693);
#693 = CARTESIAN_POINT('',(7.62,2.2,13.8));
#694 = LINE('',#695,#696);
#695 = CARTESIAN_POINT('',(-2.54,2.2,13.8));
#696 = VECTOR('',#697,1.);
#697 = DIRECTION('',(1.,0.,0.));
#698 = ORIENTED_EDGE('',*,*,#699,.T.);
#699 = EDGE_CURVE('',#692,#660,#700,.T.);
#700 = LINE('',#701,#702);
#701 = CARTESIAN_POINT('',(7.62,5.2,13.8));
#702 = VECTOR('',#703,1.);
#703 = DIRECTION('',(0.,-1.,0.));
#704 = ORIENTED_EDGE('',*,*,#659,.F.);
#705 = FACE_BOUND('',#706,.F.);
#706 = EDGE_LOOP('',(#707));
#707 = ORIENTED_EDGE('',*,*,#708,.T.);
#708 = EDGE_CURVE('',#709,#709,#711,.T.);
#709 = VERTEX_POINT('',#710);
#710 = CARTESIAN_POINT('',(2.,-0.2,13.8));
#711 = CIRCLE('',#712,2.);
#712 = AXIS2_PLACEMENT_3D('',#713,#714,#715);
#713 = CARTESIAN_POINT('',(0.,-0.2,13.8));
#714 = DIRECTION('',(0.,0.,1.));
#715 = DIRECTION('',(1.,0.,-0.));
#716 = FACE_BOUND('',#717,.F.);
#717 = EDGE_LOOP('',(#718));
#718 = ORIENTED_EDGE('',*,*,#719,.T.);
#719 = EDGE_CURVE('',#720,#720,#722,.T.);
#720 = VERTEX_POINT('',#721);
#721 = CARTESIAN_POINT('',(7.08,-0.2,13.8));
#722 = CIRCLE('',#723,2.);
#723 = AXIS2_PLACEMENT_3D('',#724,#725,#726);
#724 = CARTESIAN_POINT('',(5.08,-0.2,13.8));
#725 = DIRECTION('',(0.,0.,1.));
#726 = DIRECTION('',(1.,0.,-0.));
#727 = PLANE('',#728);
#728 = AXIS2_PLACEMENT_3D('',#729,#730,#731);
#729 = CARTESIAN_POINT('',(-2.54,5.2,13.8));
#730 = DIRECTION('',(0.,0.,-1.));
#731 = DIRECTION('',(0.,-1.,0.));
#732 = ADVANCED_FACE('',(#733),#751,.T.);
#733 = FACE_BOUND('',#734,.T.);
#734 = EDGE_LOOP('',(#735,#736,#744,#750));
#735 = ORIENTED_EDGE('',*,*,#691,.T.);
#736 = ORIENTED_EDGE('',*,*,#737,.T.);
#737 = EDGE_CURVE('',#692,#738,#740,.T.);
#738 = VERTEX_POINT('',#739);
#739 = CARTESIAN_POINT('',(7.62,5.2,4.57));
#740 = LINE('',#741,#742);
#741 = CARTESIAN_POINT('',(7.62,2.2,13.8));
#742 = VECTOR('',#743,1.);
#743 = DIRECTION('',(0.,0.309109370483,-0.951026496518));
#744 = ORIENTED_EDGE('',*,*,#745,.F.);
#745 = EDGE_CURVE('',#630,#738,#746,.T.);
#746 = LINE('',#747,#748);
#747 = CARTESIAN_POINT('',(-2.54,5.2,4.57));
#748 = VECTOR('',#749,1.);
#749 = DIRECTION('',(1.,0.,0.));
#750 = ORIENTED_EDGE('',*,*,#637,.F.);
#751 = PLANE('',#752);
#752 = AXIS2_PLACEMENT_3D('',#753,#754,#755);
#753 = CARTESIAN_POINT('',(-2.54,2.2,13.8));
#754 = DIRECTION('',(0.,0.951026496518,0.309109370483));
#755 = DIRECTION('',(0.,0.309109370483,-0.951026496518));
#756 = ADVANCED_FACE('',(#757),#775,.F.);
#757 = FACE_BOUND('',#758,.F.);
#758 = EDGE_LOOP('',(#759,#760,#768,#774));
#759 = ORIENTED_EDGE('',*,*,#629,.F.);
#760 = ORIENTED_EDGE('',*,*,#761,.T.);
#761 = EDGE_CURVE('',#622,#762,#764,.T.);
#762 = VERTEX_POINT('',#763);
#763 = CARTESIAN_POINT('',(7.62,5.2,0.));
#764 = LINE('',#765,#766);
#765 = CARTESIAN_POINT('',(-2.54,5.2,0.));
#766 = VECTOR('',#767,1.);
#767 = DIRECTION('',(1.,0.,0.));
#768 = ORIENTED_EDGE('',*,*,#769,.T.);
#769 = EDGE_CURVE('',#762,#738,#770,.T.);
#770 = LINE('',#771,#772);
#771 = CARTESIAN_POINT('',(7.62,5.2,0.));
#772 = VECTOR('',#773,1.);
#773 = DIRECTION('',(0.,0.,1.));
#774 = ORIENTED_EDGE('',*,*,#745,.F.);
#775 = PLANE('',#776);
#776 = AXIS2_PLACEMENT_3D('',#777,#778,#779);
#777 = CARTESIAN_POINT('',(-2.54,5.2,0.));
#778 = DIRECTION('',(0.,-1.,0.));
#779 = DIRECTION('',(0.,0.,1.));
#780 = ADVANCED_FACE('',(#781,#854,#888),#922,.T.);
#781 = FACE_BOUND('',#782,.T.);
#782 = EDGE_LOOP('',(#783,#784,#792,#800,#806,#807,#808,#816,#824,#832,
    #840,#848));
#783 = ORIENTED_EDGE('',*,*,#589,.T.);
#784 = ORIENTED_EDGE('',*,*,#785,.F.);
#785 = EDGE_CURVE('',#786,#590,#788,.T.);
#786 = VERTEX_POINT('',#787);
#787 = CARTESIAN_POINT('',(-3.28,-4.06,0.));
#788 = LINE('',#789,#790);
#789 = CARTESIAN_POINT('',(-3.28,-4.06,0.));
#790 = VECTOR('',#791,1.);
#791 = DIRECTION('',(0.954938084056,0.296805080179,0.));
#792 = ORIENTED_EDGE('',*,*,#793,.F.);
#793 = EDGE_CURVE('',#794,#786,#796,.T.);
#794 = VERTEX_POINT('',#795);
#795 = CARTESIAN_POINT('',(-3.28,-3.14,0.));
#796 = LINE('',#797,#798);
#797 = CARTESIAN_POINT('',(-3.28,-3.14,0.));
#798 = VECTOR('',#799,1.);
#799 = DIRECTION('',(0.,-1.,0.));
#800 = ORIENTED_EDGE('',*,*,#801,.F.);
#801 = EDGE_CURVE('',#614,#794,#802,.T.);
#802 = LINE('',#803,#804);
#803 = CARTESIAN_POINT('',(-2.54,-3.37,0.));
#804 = VECTOR('',#805,1.);
#805 = DIRECTION('',(-0.954938084056,0.296805080179,0.));
#806 = ORIENTED_EDGE('',*,*,#621,.T.);
#807 = ORIENTED_EDGE('',*,*,#761,.T.);
#808 = ORIENTED_EDGE('',*,*,#809,.F.);
#809 = EDGE_CURVE('',#810,#762,#812,.T.);
#810 = VERTEX_POINT('',#811);
#811 = CARTESIAN_POINT('',(7.62,-3.37,0.));
#812 = LINE('',#813,#814);
#813 = CARTESIAN_POINT('',(7.62,-4.6,0.));
#814 = VECTOR('',#815,1.);
#815 = DIRECTION('',(0.,1.,0.));
#816 = ORIENTED_EDGE('',*,*,#817,.T.);
#817 = EDGE_CURVE('',#810,#818,#820,.T.);
#818 = VERTEX_POINT('',#819);
#819 = CARTESIAN_POINT('',(6.88,-3.14,0.));
#820 = LINE('',#821,#822);
#821 = CARTESIAN_POINT('',(7.62,-3.37,0.));
#822 = VECTOR('',#823,1.);
#823 = DIRECTION('',(-0.954938084056,0.296805080179,0.));
#824 = ORIENTED_EDGE('',*,*,#825,.T.);
#825 = EDGE_CURVE('',#818,#826,#828,.T.);
#826 = VERTEX_POINT('',#827);
#827 = CARTESIAN_POINT('',(6.88,-4.06,0.));
#828 = LINE('',#829,#830);
#829 = CARTESIAN_POINT('',(6.88,-3.14,0.));
#830 = VECTOR('',#831,1.);
#831 = DIRECTION('',(0.,-1.,0.));
#832 = ORIENTED_EDGE('',*,*,#833,.T.);
#833 = EDGE_CURVE('',#826,#834,#836,.T.);
#834 = VERTEX_POINT('',#835);
#835 = CARTESIAN_POINT('',(7.62,-3.83,0.));
#836 = LINE('',#837,#838);
#837 = CARTESIAN_POINT('',(6.88,-4.06,0.));
#838 = VECTOR('',#839,1.);
#839 = DIRECTION('',(0.954938084056,0.296805080179,0.));
#840 = ORIENTED_EDGE('',*,*,#841,.F.);
#841 = EDGE_CURVE('',#842,#834,#844,.T.);
#842 = VERTEX_POINT('',#843);
#843 = CARTESIAN_POINT('',(7.62,-4.6,0.));
#844 = LINE('',#845,#846);
#845 = CARTESIAN_POINT('',(7.62,-4.6,0.));
#846 = VECTOR('',#847,1.);
#847 = DIRECTION('',(0.,1.,0.));
#848 = ORIENTED_EDGE('',*,*,#849,.F.);
#849 = EDGE_CURVE('',#582,#842,#850,.T.);
#850 = LINE('',#851,#852);
#851 = CARTESIAN_POINT('',(-2.54,-4.6,0.));
#852 = VECTOR('',#853,1.);
#853 = DIRECTION('',(1.,0.,0.));
#854 = FACE_BOUND('',#855,.T.);
#855 = EDGE_LOOP('',(#856,#866,#874,#882));
#856 = ORIENTED_EDGE('',*,*,#857,.F.);
#857 = EDGE_CURVE('',#858,#860,#862,.T.);
#858 = VERTEX_POINT('',#859);
#859 = CARTESIAN_POINT('',(0.45,-0.5,0.));
#860 = VERTEX_POINT('',#861);
#861 = CARTESIAN_POINT('',(-0.45,-0.5,0.));
#862 = LINE('',#863,#864);
#863 = CARTESIAN_POINT('',(1.016455404463,-0.5,0.));
#864 = VECTOR('',#865,1.);
#865 = DIRECTION('',(-1.,0.,0.));
#866 = ORIENTED_EDGE('',*,*,#867,.F.);
#867 = EDGE_CURVE('',#868,#858,#870,.T.);
#868 = VERTEX_POINT('',#869);
#869 = CARTESIAN_POINT('',(0.45,0.5,0.));
#870 = LINE('',#871,#872);
#871 = CARTESIAN_POINT('',(0.45,-0.278389360104,0.));
#872 = VECTOR('',#873,1.);
#873 = DIRECTION('',(0.,-1.,0.));
#874 = ORIENTED_EDGE('',*,*,#875,.F.);
#875 = EDGE_CURVE('',#876,#868,#878,.T.);
#876 = VERTEX_POINT('',#877);
#877 = CARTESIAN_POINT('',(-0.45,0.5,0.));
#878 = LINE('',#879,#880);
#879 = CARTESIAN_POINT('',(1.466455404463,0.5,0.));
#880 = VECTOR('',#881,1.);
#881 = DIRECTION('',(1.,0.,0.));
#882 = ORIENTED_EDGE('',*,*,#883,.F.);
#883 = EDGE_CURVE('',#860,#876,#884,.T.);
#884 = LINE('',#885,#886);
#885 = CARTESIAN_POINT('',(-0.45,0.221610639896,0.));
#886 = VECTOR('',#887,1.);
#887 = DIRECTION('',(0.,1.,0.));
#888 = FACE_BOUND('',#889,.T.);
#889 = EDGE_LOOP('',(#890,#900,#908,#916));
#890 = ORIENTED_EDGE('',*,*,#891,.F.);
#891 = EDGE_CURVE('',#892,#894,#896,.T.);
#892 = VERTEX_POINT('',#893);
#893 = CARTESIAN_POINT('',(5.53,-0.5,0.));
#894 = VERTEX_POINT('',#895);
#895 = CARTESIAN_POINT('',(4.63,-0.5,0.));
#896 = LINE('',#897,#898);
#897 = CARTESIAN_POINT('',(3.556455404463,-0.5,0.));
#898 = VECTOR('',#899,1.);
#899 = DIRECTION('',(-1.,0.,0.));
#900 = ORIENTED_EDGE('',*,*,#901,.F.);
#901 = EDGE_CURVE('',#902,#892,#904,.T.);
#902 = VERTEX_POINT('',#903);
#903 = CARTESIAN_POINT('',(5.53,0.5,0.));
#904 = LINE('',#905,#906);
#905 = CARTESIAN_POINT('',(5.53,-0.278389360104,0.));
#906 = VECTOR('',#907,1.);
#907 = DIRECTION('',(0.,-1.,0.));
#908 = ORIENTED_EDGE('',*,*,#909,.F.);
#909 = EDGE_CURVE('',#910,#902,#912,.T.);
#910 = VERTEX_POINT('',#911);
#911 = CARTESIAN_POINT('',(4.63,0.5,0.));
#912 = LINE('',#913,#914);
#913 = CARTESIAN_POINT('',(4.006455404463,0.5,0.));
#914 = VECTOR('',#915,1.);
#915 = DIRECTION('',(1.,0.,0.));
#916 = ORIENTED_EDGE('',*,*,#917,.F.);
#917 = EDGE_CURVE('',#894,#910,#918,.T.);
#918 = LINE('',#919,#920);
#919 = CARTESIAN_POINT('',(4.63,0.221610639896,0.));
#920 = VECTOR('',#921,1.);
#921 = DIRECTION('',(0.,1.,0.));
#922 = PLANE('',#923);
#923 = AXIS2_PLACEMENT_3D('',#924,#925,#926);
#924 = CARTESIAN_POINT('',(2.482910808926,-5.677872020754E-02,0.));
#925 = DIRECTION('',(-0.,-0.,-1.));
#926 = DIRECTION('',(-1.,0.,0.));
#927 = ADVANCED_FACE('',(#928),#946,.F.);
#928 = FACE_BOUND('',#929,.F.);
#929 = EDGE_LOOP('',(#930,#931,#939,#945));
#930 = ORIENTED_EDGE('',*,*,#613,.T.);
#931 = ORIENTED_EDGE('',*,*,#932,.T.);
#932 = EDGE_CURVE('',#606,#933,#935,.T.);
#933 = VERTEX_POINT('',#934);
#934 = CARTESIAN_POINT('',(-3.28,-3.14,7.));
#935 = LINE('',#936,#937);
#936 = CARTESIAN_POINT('',(-2.54,-3.37,7.));
#937 = VECTOR('',#938,1.);
#938 = DIRECTION('',(-0.954938084056,0.296805080179,0.));
#939 = ORIENTED_EDGE('',*,*,#940,.F.);
#940 = EDGE_CURVE('',#794,#933,#941,.T.);
#941 = LINE('',#942,#943);
#942 = CARTESIAN_POINT('',(-3.28,-3.14,0.));
#943 = VECTOR('',#944,1.);
#944 = DIRECTION('',(0.,0.,1.));
#945 = ORIENTED_EDGE('',*,*,#801,.F.);
#946 = PLANE('',#947);
#947 = AXIS2_PLACEMENT_3D('',#948,#949,#950);
#948 = CARTESIAN_POINT('',(-2.54,-3.37,0.));
#949 = DIRECTION('',(-0.296805080179,-0.954938084056,0.));
#950 = DIRECTION('',(-0.954938084056,0.296805080179,0.));
#951 = ADVANCED_FACE('',(#952),#970,.T.);
#952 = FACE_BOUND('',#953,.T.);
#953 = EDGE_LOOP('',(#954,#955,#963,#969));
#954 = ORIENTED_EDGE('',*,*,#932,.T.);
#955 = ORIENTED_EDGE('',*,*,#956,.T.);
#956 = EDGE_CURVE('',#933,#957,#959,.T.);
#957 = VERTEX_POINT('',#958);
#958 = CARTESIAN_POINT('',(-3.28,-4.06,7.));
#959 = LINE('',#960,#961);
#960 = CARTESIAN_POINT('',(-3.28,-3.14,7.));
#961 = VECTOR('',#962,1.);
#962 = DIRECTION('',(0.,-1.,0.));
#963 = ORIENTED_EDGE('',*,*,#964,.T.);
#964 = EDGE_CURVE('',#957,#598,#965,.T.);
#965 = LINE('',#966,#967);
#966 = CARTESIAN_POINT('',(-3.28,-4.06,7.));
#967 = VECTOR('',#968,1.);
#968 = DIRECTION('',(0.954938084056,0.296805080179,0.));
#969 = ORIENTED_EDGE('',*,*,#605,.T.);
#970 = PLANE('',#971);
#971 = AXIS2_PLACEMENT_3D('',#972,#973,#974);
#972 = CARTESIAN_POINT('',(-2.968091935206,-3.6,7.));
#973 = DIRECTION('',(0.,0.,1.));
#974 = DIRECTION('',(1.,0.,-0.));
#975 = ADVANCED_FACE('',(#976),#987,.F.);
#976 = FACE_BOUND('',#977,.F.);
#977 = EDGE_LOOP('',(#978,#984,#985,#986));
#978 = ORIENTED_EDGE('',*,*,#979,.T.);
#979 = EDGE_CURVE('',#786,#957,#980,.T.);
#980 = LINE('',#981,#982);
#981 = CARTESIAN_POINT('',(-3.28,-4.06,0.));
#982 = VECTOR('',#983,1.);
#983 = DIRECTION('',(0.,0.,1.));
#984 = ORIENTED_EDGE('',*,*,#964,.T.);
#985 = ORIENTED_EDGE('',*,*,#597,.F.);
#986 = ORIENTED_EDGE('',*,*,#785,.F.);
#987 = PLANE('',#988);
#988 = AXIS2_PLACEMENT_3D('',#989,#990,#991);
#989 = CARTESIAN_POINT('',(-3.28,-4.06,0.));
#990 = DIRECTION('',(-0.296805080179,0.954938084056,0.));
#991 = DIRECTION('',(0.954938084056,0.296805080179,0.));
#992 = ADVANCED_FACE('',(#993,#1011,#1045),#1079,.F.);
#993 = FACE_BOUND('',#994,.F.);
#994 = EDGE_LOOP('',(#995,#996,#1004,#1010));
#995 = ORIENTED_EDGE('',*,*,#581,.F.);
#996 = ORIENTED_EDGE('',*,*,#997,.T.);
#997 = EDGE_CURVE('',#574,#998,#1000,.T.);
#998 = VERTEX_POINT('',#999);
#999 = CARTESIAN_POINT('',(7.62,-4.6,7.4));
#1000 = LINE('',#1001,#1002);
#1001 = CARTESIAN_POINT('',(-2.54,-4.6,7.4));
#1002 = VECTOR('',#1003,1.);
#1003 = DIRECTION('',(1.,0.,0.));
#1004 = ORIENTED_EDGE('',*,*,#1005,.T.);
#1005 = EDGE_CURVE('',#998,#842,#1006,.T.);
#1006 = LINE('',#1007,#1008);
#1007 = CARTESIAN_POINT('',(7.62,-4.6,13.8));
#1008 = VECTOR('',#1009,1.);
#1009 = DIRECTION('',(0.,0.,-1.));
#1010 = ORIENTED_EDGE('',*,*,#849,.F.);
#1011 = FACE_BOUND('',#1012,.F.);
#1012 = EDGE_LOOP('',(#1013,#1023,#1031,#1039));
#1013 = ORIENTED_EDGE('',*,*,#1014,.F.);
#1014 = EDGE_CURVE('',#1015,#1017,#1019,.T.);
#1015 = VERTEX_POINT('',#1016);
#1016 = CARTESIAN_POINT('',(6.88,-4.6,1.6));
#1017 = VERTEX_POINT('',#1018);
#1018 = CARTESIAN_POINT('',(3.28,-4.6,1.6));
#1019 = LINE('',#1020,#1021);
#1020 = CARTESIAN_POINT('',(6.88,-4.6,1.6));
#1021 = VECTOR('',#1022,1.);
#1022 = DIRECTION('',(-1.,0.,-1.233581138472E-16));
#1023 = ORIENTED_EDGE('',*,*,#1024,.F.);
#1024 = EDGE_CURVE('',#1025,#1015,#1027,.T.);
#1025 = VERTEX_POINT('',#1026);
#1026 = CARTESIAN_POINT('',(6.88,-4.6,6.8));
#1027 = LINE('',#1028,#1029);
#1028 = CARTESIAN_POINT('',(6.88,-4.6,6.8));
#1029 = VECTOR('',#1030,1.);
#1030 = DIRECTION('',(0.,0.,-1.));
#1031 = ORIENTED_EDGE('',*,*,#1032,.F.);
#1032 = EDGE_CURVE('',#1033,#1025,#1035,.T.);
#1033 = VERTEX_POINT('',#1034);
#1034 = CARTESIAN_POINT('',(3.28,-4.6,6.8));
#1035 = LINE('',#1036,#1037);
#1036 = CARTESIAN_POINT('',(3.28,-4.6,6.8));
#1037 = VECTOR('',#1038,1.);
#1038 = DIRECTION('',(1.,0.,2.467162276945E-16));
#1039 = ORIENTED_EDGE('',*,*,#1040,.F.);
#1040 = EDGE_CURVE('',#1017,#1033,#1041,.T.);
#1041 = LINE('',#1042,#1043);
#1042 = CARTESIAN_POINT('',(3.28,-4.6,1.6));
#1043 = VECTOR('',#1044,1.);
#1044 = DIRECTION('',(0.,0.,1.));
#1045 = FACE_BOUND('',#1046,.F.);
#1046 = EDGE_LOOP('',(#1047,#1057,#1065,#1073));
#1047 = ORIENTED_EDGE('',*,*,#1048,.F.);
#1048 = EDGE_CURVE('',#1049,#1051,#1053,.T.);
#1049 = VERTEX_POINT('',#1050);
#1050 = CARTESIAN_POINT('',(1.8,-4.6,1.6));
#1051 = VERTEX_POINT('',#1052);
#1052 = CARTESIAN_POINT('',(-1.8,-4.6,1.6));
#1053 = LINE('',#1054,#1055);
#1054 = CARTESIAN_POINT('',(1.8,-4.6,1.6));
#1055 = VECTOR('',#1056,1.);
#1056 = DIRECTION('',(-1.,0.,-1.233581138472E-16));
#1057 = ORIENTED_EDGE('',*,*,#1058,.F.);
#1058 = EDGE_CURVE('',#1059,#1049,#1061,.T.);
#1059 = VERTEX_POINT('',#1060);
#1060 = CARTESIAN_POINT('',(1.8,-4.6,6.8));
#1061 = LINE('',#1062,#1063);
#1062 = CARTESIAN_POINT('',(1.8,-4.6,6.8));
#1063 = VECTOR('',#1064,1.);
#1064 = DIRECTION('',(0.,0.,-1.));
#1065 = ORIENTED_EDGE('',*,*,#1066,.F.);
#1066 = EDGE_CURVE('',#1067,#1059,#1069,.T.);
#1067 = VERTEX_POINT('',#1068);
#1068 = CARTESIAN_POINT('',(-1.8,-4.6,6.8));
#1069 = LINE('',#1070,#1071);
#1070 = CARTESIAN_POINT('',(-1.8,-4.6,6.8));
#1071 = VECTOR('',#1072,1.);
#1072 = DIRECTION('',(1.,0.,2.467162276945E-16));
#1073 = ORIENTED_EDGE('',*,*,#1074,.F.);
#1074 = EDGE_CURVE('',#1051,#1067,#1075,.T.);
#1075 = LINE('',#1076,#1077);
#1076 = CARTESIAN_POINT('',(-1.8,-4.6,1.6));
#1077 = VECTOR('',#1078,1.);
#1078 = DIRECTION('',(0.,0.,1.));
#1079 = PLANE('',#1080);
#1080 = AXIS2_PLACEMENT_3D('',#1081,#1082,#1083);
#1081 = CARTESIAN_POINT('',(-2.54,-4.6,13.8));
#1082 = DIRECTION('',(0.,1.,0.));
#1083 = DIRECTION('',(0.,0.,-1.));
#1084 = ADVANCED_FACE('',(#1085),#1096,.F.);
#1085 = FACE_BOUND('',#1086,.F.);
#1086 = EDGE_LOOP('',(#1087,#1088,#1094,#1095));
#1087 = ORIENTED_EDGE('',*,*,#675,.T.);
#1088 = ORIENTED_EDGE('',*,*,#1089,.T.);
#1089 = EDGE_CURVE('',#668,#998,#1090,.T.);
#1090 = LINE('',#1091,#1092);
#1091 = CARTESIAN_POINT('',(7.62,-4.1,7.4));
#1092 = VECTOR('',#1093,1.);
#1093 = DIRECTION('',(0.,-1.,0.));
#1094 = ORIENTED_EDGE('',*,*,#997,.F.);
#1095 = ORIENTED_EDGE('',*,*,#573,.F.);
#1096 = PLANE('',#1097);
#1097 = AXIS2_PLACEMENT_3D('',#1098,#1099,#1100);
#1098 = CARTESIAN_POINT('',(-2.54,-4.1,7.4));
#1099 = DIRECTION('',(0.,0.,-1.));
#1100 = DIRECTION('',(0.,-1.,0.));
#1101 = ADVANCED_FACE('',(#1102),#1134,.T.);
#1102 = FACE_BOUND('',#1103,.T.);
#1103 = EDGE_LOOP('',(#1104,#1105,#1106,#1107,#1108,#1116,#1124,#1130,
    #1131,#1132,#1133));
#1104 = ORIENTED_EDGE('',*,*,#667,.T.);
#1105 = ORIENTED_EDGE('',*,*,#1089,.T.);
#1106 = ORIENTED_EDGE('',*,*,#1005,.T.);
#1107 = ORIENTED_EDGE('',*,*,#841,.T.);
#1108 = ORIENTED_EDGE('',*,*,#1109,.T.);
#1109 = EDGE_CURVE('',#834,#1110,#1112,.T.);
#1110 = VERTEX_POINT('',#1111);
#1111 = CARTESIAN_POINT('',(7.62,-3.83,7.));
#1112 = LINE('',#1113,#1114);
#1113 = CARTESIAN_POINT('',(7.62,-3.83,0.));
#1114 = VECTOR('',#1115,1.);
#1115 = DIRECTION('',(0.,0.,1.));
#1116 = ORIENTED_EDGE('',*,*,#1117,.T.);
#1117 = EDGE_CURVE('',#1110,#1118,#1120,.T.);
#1118 = VERTEX_POINT('',#1119);
#1119 = CARTESIAN_POINT('',(7.62,-3.37,7.));
#1120 = LINE('',#1121,#1122);
#1121 = CARTESIAN_POINT('',(7.62,-3.83,7.));
#1122 = VECTOR('',#1123,1.);
#1123 = DIRECTION('',(-3.861645303044E-15,1.,0.));
#1124 = ORIENTED_EDGE('',*,*,#1125,.F.);
#1125 = EDGE_CURVE('',#810,#1118,#1126,.T.);
#1126 = LINE('',#1127,#1128);
#1127 = CARTESIAN_POINT('',(7.62,-3.37,0.));
#1128 = VECTOR('',#1129,1.);
#1129 = DIRECTION('',(0.,0.,1.));
#1130 = ORIENTED_EDGE('',*,*,#809,.T.);
#1131 = ORIENTED_EDGE('',*,*,#769,.T.);
#1132 = ORIENTED_EDGE('',*,*,#737,.F.);
#1133 = ORIENTED_EDGE('',*,*,#699,.T.);
#1134 = PLANE('',#1135);
#1135 = AXIS2_PLACEMENT_3D('',#1136,#1137,#1138);
#1136 = CARTESIAN_POINT('',(7.62,0.3,6.9));
#1137 = DIRECTION('',(1.,0.,0.));
#1138 = DIRECTION('',(0.,0.,1.));
#1139 = ADVANCED_FACE('',(#1140),#1245,.F.);
#1140 = FACE_BOUND('',#1141,.F.);
#1141 = EDGE_LOOP('',(#1142,#1150,#1151,#1152,#1161,#1169,#1178,#1186,
    #1195,#1203,#1212,#1221,#1230,#1238));
#1142 = ORIENTED_EDGE('',*,*,#1143,.F.);
#1143 = EDGE_CURVE('',#709,#1144,#1146,.T.);
#1144 = VERTEX_POINT('',#1145);
#1145 = CARTESIAN_POINT('',(2.,-0.2,2.4));
#1146 = LINE('',#1147,#1148);
#1147 = CARTESIAN_POINT('',(2.,-0.2,13.8));
#1148 = VECTOR('',#1149,1.);
#1149 = DIRECTION('',(-0.,-0.,-1.));
#1150 = ORIENTED_EDGE('',*,*,#708,.F.);
#1151 = ORIENTED_EDGE('',*,*,#1143,.T.);
#1152 = ORIENTED_EDGE('',*,*,#1153,.T.);
#1153 = EDGE_CURVE('',#1144,#1154,#1156,.T.);
#1154 = VERTEX_POINT('',#1155);
#1155 = CARTESIAN_POINT('',(1.4,1.228285685709,2.4));
#1156 = CIRCLE('',#1157,2.);
#1157 = AXIS2_PLACEMENT_3D('',#1158,#1159,#1160);
#1158 = CARTESIAN_POINT('',(0.,-0.2,2.4));
#1159 = DIRECTION('',(0.,0.,1.));
#1160 = DIRECTION('',(1.,0.,-0.));
#1161 = ORIENTED_EDGE('',*,*,#1162,.T.);
#1162 = EDGE_CURVE('',#1154,#1163,#1165,.T.);
#1163 = VERTEX_POINT('',#1164);
#1164 = CARTESIAN_POINT('',(1.4,1.228285685709,5.1));
#1165 = LINE('',#1166,#1167);
#1166 = CARTESIAN_POINT('',(1.4,1.228285685709,13.8));
#1167 = VECTOR('',#1168,1.);
#1168 = DIRECTION('',(0.,0.,1.));
#1169 = ORIENTED_EDGE('',*,*,#1170,.T.);
#1170 = EDGE_CURVE('',#1163,#1171,#1173,.T.);
#1171 = VERTEX_POINT('',#1172);
#1172 = CARTESIAN_POINT('',(-1.4,1.228285685709,5.1));
#1173 = CIRCLE('',#1174,2.);
#1174 = AXIS2_PLACEMENT_3D('',#1175,#1176,#1177);
#1175 = CARTESIAN_POINT('',(0.,-0.2,5.1));
#1176 = DIRECTION('',(0.,0.,1.));
#1177 = DIRECTION('',(1.,0.,-0.));
#1178 = ORIENTED_EDGE('',*,*,#1179,.F.);
#1179 = EDGE_CURVE('',#1180,#1171,#1182,.T.);
#1180 = VERTEX_POINT('',#1181);
#1181 = CARTESIAN_POINT('',(-1.4,1.228285685709,2.4));
#1182 = LINE('',#1183,#1184);
#1183 = CARTESIAN_POINT('',(-1.4,1.228285685709,13.8));
#1184 = VECTOR('',#1185,1.);
#1185 = DIRECTION('',(0.,0.,1.));
#1186 = ORIENTED_EDGE('',*,*,#1187,.T.);
#1187 = EDGE_CURVE('',#1180,#1188,#1190,.T.);
#1188 = VERTEX_POINT('',#1189);
#1189 = CARTESIAN_POINT('',(-1.4,-1.628285685709,2.4));
#1190 = CIRCLE('',#1191,2.);
#1191 = AXIS2_PLACEMENT_3D('',#1192,#1193,#1194);
#1192 = CARTESIAN_POINT('',(0.,-0.2,2.4));
#1193 = DIRECTION('',(0.,0.,1.));
#1194 = DIRECTION('',(1.,0.,-0.));
#1195 = ORIENTED_EDGE('',*,*,#1196,.T.);
#1196 = EDGE_CURVE('',#1188,#1197,#1199,.T.);
#1197 = VERTEX_POINT('',#1198);
#1198 = CARTESIAN_POINT('',(-1.4,-1.628285685709,5.1));
#1199 = LINE('',#1200,#1201);
#1200 = CARTESIAN_POINT('',(-1.4,-1.628285685709,13.8));
#1201 = VECTOR('',#1202,1.);
#1202 = DIRECTION('',(0.,0.,1.));
#1203 = ORIENTED_EDGE('',*,*,#1204,.T.);
#1204 = EDGE_CURVE('',#1197,#1205,#1207,.T.);
#1205 = VERTEX_POINT('',#1206);
#1206 = CARTESIAN_POINT('',(-0.871779788708,-2.,5.1));
#1207 = CIRCLE('',#1208,2.);
#1208 = AXIS2_PLACEMENT_3D('',#1209,#1210,#1211);
#1209 = CARTESIAN_POINT('',(0.,-0.2,5.1));
#1210 = DIRECTION('',(0.,0.,1.));
#1211 = DIRECTION('',(1.,0.,-0.));
#1212 = ORIENTED_EDGE('',*,*,#1213,.T.);
#1213 = EDGE_CURVE('',#1205,#1214,#1216,.T.);
#1214 = VERTEX_POINT('',#1215);
#1215 = CARTESIAN_POINT('',(0.871779788708,-2.,5.1));
#1216 = CIRCLE('',#1217,2.);
#1217 = AXIS2_PLACEMENT_3D('',#1218,#1219,#1220);
#1218 = CARTESIAN_POINT('',(0.,-0.2,5.1));
#1219 = DIRECTION('',(0.,0.,1.));
#1220 = DIRECTION('',(1.,0.,-0.));
#1221 = ORIENTED_EDGE('',*,*,#1222,.T.);
#1222 = EDGE_CURVE('',#1214,#1223,#1225,.T.);
#1223 = VERTEX_POINT('',#1224);
#1224 = CARTESIAN_POINT('',(1.4,-1.628285685709,5.1));
#1225 = CIRCLE('',#1226,2.);
#1226 = AXIS2_PLACEMENT_3D('',#1227,#1228,#1229);
#1227 = CARTESIAN_POINT('',(0.,-0.2,5.1));
#1228 = DIRECTION('',(0.,0.,1.));
#1229 = DIRECTION('',(1.,0.,-0.));
#1230 = ORIENTED_EDGE('',*,*,#1231,.F.);
#1231 = EDGE_CURVE('',#1232,#1223,#1234,.T.);
#1232 = VERTEX_POINT('',#1233);
#1233 = CARTESIAN_POINT('',(1.4,-1.628285685709,2.4));
#1234 = LINE('',#1235,#1236);
#1235 = CARTESIAN_POINT('',(1.4,-1.628285685709,13.8));
#1236 = VECTOR('',#1237,1.);
#1237 = DIRECTION('',(0.,0.,1.));
#1238 = ORIENTED_EDGE('',*,*,#1239,.T.);
#1239 = EDGE_CURVE('',#1232,#1144,#1240,.T.);
#1240 = CIRCLE('',#1241,2.);
#1241 = AXIS2_PLACEMENT_3D('',#1242,#1243,#1244);
#1242 = CARTESIAN_POINT('',(0.,-0.2,2.4));
#1243 = DIRECTION('',(0.,0.,1.));
#1244 = DIRECTION('',(1.,0.,-0.));
#1245 = CYLINDRICAL_SURFACE('',#1246,2.);
#1246 = AXIS2_PLACEMENT_3D('',#1247,#1248,#1249);
#1247 = CARTESIAN_POINT('',(0.,-0.2,13.8));
#1248 = DIRECTION('',(0.,0.,1.));
#1249 = DIRECTION('',(1.,0.,-0.));
#1250 = ADVANCED_FACE('',(#1251),#1356,.F.);
#1251 = FACE_BOUND('',#1252,.F.);
#1252 = EDGE_LOOP('',(#1253,#1261,#1262,#1263,#1272,#1280,#1289,#1297,
    #1306,#1314,#1323,#1332,#1341,#1349));
#1253 = ORIENTED_EDGE('',*,*,#1254,.F.);
#1254 = EDGE_CURVE('',#720,#1255,#1257,.T.);
#1255 = VERTEX_POINT('',#1256);
#1256 = CARTESIAN_POINT('',(7.08,-0.2,2.4));
#1257 = LINE('',#1258,#1259);
#1258 = CARTESIAN_POINT('',(7.08,-0.2,13.8));
#1259 = VECTOR('',#1260,1.);
#1260 = DIRECTION('',(-0.,-0.,-1.));
#1261 = ORIENTED_EDGE('',*,*,#719,.F.);
#1262 = ORIENTED_EDGE('',*,*,#1254,.T.);
#1263 = ORIENTED_EDGE('',*,*,#1264,.T.);
#1264 = EDGE_CURVE('',#1255,#1265,#1267,.T.);
#1265 = VERTEX_POINT('',#1266);
#1266 = CARTESIAN_POINT('',(6.48,1.228285685709,2.4));
#1267 = CIRCLE('',#1268,2.);
#1268 = AXIS2_PLACEMENT_3D('',#1269,#1270,#1271);
#1269 = CARTESIAN_POINT('',(5.08,-0.2,2.4));
#1270 = DIRECTION('',(0.,0.,1.));
#1271 = DIRECTION('',(1.,0.,-0.));
#1272 = ORIENTED_EDGE('',*,*,#1273,.T.);
#1273 = EDGE_CURVE('',#1265,#1274,#1276,.T.);
#1274 = VERTEX_POINT('',#1275);
#1275 = CARTESIAN_POINT('',(6.48,1.228285685709,5.1));
#1276 = LINE('',#1277,#1278);
#1277 = CARTESIAN_POINT('',(6.48,1.228285685709,13.8));
#1278 = VECTOR('',#1279,1.);
#1279 = DIRECTION('',(0.,0.,1.));
#1280 = ORIENTED_EDGE('',*,*,#1281,.T.);
#1281 = EDGE_CURVE('',#1274,#1282,#1284,.T.);
#1282 = VERTEX_POINT('',#1283);
#1283 = CARTESIAN_POINT('',(3.68,1.228285685708,5.1));
#1284 = CIRCLE('',#1285,2.);
#1285 = AXIS2_PLACEMENT_3D('',#1286,#1287,#1288);
#1286 = CARTESIAN_POINT('',(5.08,-0.2,5.1));
#1287 = DIRECTION('',(0.,0.,1.));
#1288 = DIRECTION('',(1.,0.,-0.));
#1289 = ORIENTED_EDGE('',*,*,#1290,.F.);
#1290 = EDGE_CURVE('',#1291,#1282,#1293,.T.);
#1291 = VERTEX_POINT('',#1292);
#1292 = CARTESIAN_POINT('',(3.68,1.228285685709,2.4));
#1293 = LINE('',#1294,#1295);
#1294 = CARTESIAN_POINT('',(3.68,1.228285685709,13.8));
#1295 = VECTOR('',#1296,1.);
#1296 = DIRECTION('',(0.,0.,1.));
#1297 = ORIENTED_EDGE('',*,*,#1298,.T.);
#1298 = EDGE_CURVE('',#1291,#1299,#1301,.T.);
#1299 = VERTEX_POINT('',#1300);
#1300 = CARTESIAN_POINT('',(3.68,-1.628285685709,2.4));
#1301 = CIRCLE('',#1302,2.);
#1302 = AXIS2_PLACEMENT_3D('',#1303,#1304,#1305);
#1303 = CARTESIAN_POINT('',(5.08,-0.2,2.4));
#1304 = DIRECTION('',(0.,0.,1.));
#1305 = DIRECTION('',(1.,0.,-0.));
#1306 = ORIENTED_EDGE('',*,*,#1307,.T.);
#1307 = EDGE_CURVE('',#1299,#1308,#1310,.T.);
#1308 = VERTEX_POINT('',#1309);
#1309 = CARTESIAN_POINT('',(3.68,-1.628285685708,5.1));
#1310 = LINE('',#1311,#1312);
#1311 = CARTESIAN_POINT('',(3.68,-1.628285685709,13.8));
#1312 = VECTOR('',#1313,1.);
#1313 = DIRECTION('',(0.,0.,1.));
#1314 = ORIENTED_EDGE('',*,*,#1315,.T.);
#1315 = EDGE_CURVE('',#1308,#1316,#1318,.T.);
#1316 = VERTEX_POINT('',#1317);
#1317 = CARTESIAN_POINT('',(4.208220211292,-2.,5.1));
#1318 = CIRCLE('',#1319,2.);
#1319 = AXIS2_PLACEMENT_3D('',#1320,#1321,#1322);
#1320 = CARTESIAN_POINT('',(5.08,-0.2,5.1));
#1321 = DIRECTION('',(0.,0.,1.));
#1322 = DIRECTION('',(1.,0.,-0.));
#1323 = ORIENTED_EDGE('',*,*,#1324,.T.);
#1324 = EDGE_CURVE('',#1316,#1325,#1327,.T.);
#1325 = VERTEX_POINT('',#1326);
#1326 = CARTESIAN_POINT('',(5.951779788708,-2.,5.1));
#1327 = CIRCLE('',#1328,2.);
#1328 = AXIS2_PLACEMENT_3D('',#1329,#1330,#1331);
#1329 = CARTESIAN_POINT('',(5.08,-0.2,5.1));
#1330 = DIRECTION('',(0.,0.,1.));
#1331 = DIRECTION('',(1.,0.,-0.));
#1332 = ORIENTED_EDGE('',*,*,#1333,.T.);
#1333 = EDGE_CURVE('',#1325,#1334,#1336,.T.);
#1334 = VERTEX_POINT('',#1335);
#1335 = CARTESIAN_POINT('',(6.48,-1.628285685709,5.1));
#1336 = CIRCLE('',#1337,2.);
#1337 = AXIS2_PLACEMENT_3D('',#1338,#1339,#1340);
#1338 = CARTESIAN_POINT('',(5.08,-0.2,5.1));
#1339 = DIRECTION('',(0.,0.,1.));
#1340 = DIRECTION('',(1.,0.,-0.));
#1341 = ORIENTED_EDGE('',*,*,#1342,.F.);
#1342 = EDGE_CURVE('',#1343,#1334,#1345,.T.);
#1343 = VERTEX_POINT('',#1344);
#1344 = CARTESIAN_POINT('',(6.48,-1.628285685709,2.4));
#1345 = LINE('',#1346,#1347);
#1346 = CARTESIAN_POINT('',(6.48,-1.628285685709,13.8));
#1347 = VECTOR('',#1348,1.);
#1348 = DIRECTION('',(0.,0.,1.));
#1349 = ORIENTED_EDGE('',*,*,#1350,.T.);
#1350 = EDGE_CURVE('',#1343,#1255,#1351,.T.);
#1351 = CIRCLE('',#1352,2.);
#1352 = AXIS2_PLACEMENT_3D('',#1353,#1354,#1355);
#1353 = CARTESIAN_POINT('',(5.08,-0.2,2.4));
#1354 = DIRECTION('',(0.,0.,1.));
#1355 = DIRECTION('',(1.,0.,-0.));
#1356 = CYLINDRICAL_SURFACE('',#1357,2.);
#1357 = AXIS2_PLACEMENT_3D('',#1358,#1359,#1360);
#1358 = CARTESIAN_POINT('',(5.08,-0.2,13.8));
#1359 = DIRECTION('',(0.,0.,1.));
#1360 = DIRECTION('',(1.,0.,-0.));
#1361 = ADVANCED_FACE('',(#1362),#1368,.F.);
#1362 = FACE_BOUND('',#1363,.F.);
#1363 = EDGE_LOOP('',(#1364,#1365,#1366,#1367));
#1364 = ORIENTED_EDGE('',*,*,#940,.T.);
#1365 = ORIENTED_EDGE('',*,*,#956,.T.);
#1366 = ORIENTED_EDGE('',*,*,#979,.F.);
#1367 = ORIENTED_EDGE('',*,*,#793,.F.);
#1368 = PLANE('',#1369);
#1369 = AXIS2_PLACEMENT_3D('',#1370,#1371,#1372);
#1370 = CARTESIAN_POINT('',(-3.28,-3.14,0.));
#1371 = DIRECTION('',(1.,0.,0.));
#1372 = DIRECTION('',(0.,-1.,0.));
#1373 = ADVANCED_FACE('',(#1374),#1392,.T.);
#1374 = FACE_BOUND('',#1375,.T.);
#1375 = EDGE_LOOP('',(#1376,#1384,#1390,#1391));
#1376 = ORIENTED_EDGE('',*,*,#1377,.T.);
#1377 = EDGE_CURVE('',#826,#1378,#1380,.T.);
#1378 = VERTEX_POINT('',#1379);
#1379 = CARTESIAN_POINT('',(6.88,-4.06,7.));
#1380 = LINE('',#1381,#1382);
#1381 = CARTESIAN_POINT('',(6.88,-4.06,0.));
#1382 = VECTOR('',#1383,1.);
#1383 = DIRECTION('',(0.,0.,1.));
#1384 = ORIENTED_EDGE('',*,*,#1385,.T.);
#1385 = EDGE_CURVE('',#1378,#1110,#1386,.T.);
#1386 = LINE('',#1387,#1388);
#1387 = CARTESIAN_POINT('',(6.88,-4.06,7.));
#1388 = VECTOR('',#1389,1.);
#1389 = DIRECTION('',(0.954938084056,0.296805080179,0.));
#1390 = ORIENTED_EDGE('',*,*,#1109,.F.);
#1391 = ORIENTED_EDGE('',*,*,#833,.F.);
#1392 = PLANE('',#1393);
#1393 = AXIS2_PLACEMENT_3D('',#1394,#1395,#1396);
#1394 = CARTESIAN_POINT('',(6.88,-4.06,0.));
#1395 = DIRECTION('',(-0.296805080179,0.954938084056,0.));
#1396 = DIRECTION('',(0.954938084056,0.296805080179,0.));
#1397 = ADVANCED_FACE('',(#1398),#1416,.T.);
#1398 = FACE_BOUND('',#1399,.T.);
#1399 = EDGE_LOOP('',(#1400,#1408,#1414,#1415));
#1400 = ORIENTED_EDGE('',*,*,#1401,.T.);
#1401 = EDGE_CURVE('',#818,#1402,#1404,.T.);
#1402 = VERTEX_POINT('',#1403);
#1403 = CARTESIAN_POINT('',(6.88,-3.14,7.));
#1404 = LINE('',#1405,#1406);
#1405 = CARTESIAN_POINT('',(6.88,-3.14,0.));
#1406 = VECTOR('',#1407,1.);
#1407 = DIRECTION('',(0.,0.,1.));
#1408 = ORIENTED_EDGE('',*,*,#1409,.T.);
#1409 = EDGE_CURVE('',#1402,#1378,#1410,.T.);
#1410 = LINE('',#1411,#1412);
#1411 = CARTESIAN_POINT('',(6.88,-3.14,7.));
#1412 = VECTOR('',#1413,1.);
#1413 = DIRECTION('',(0.,-1.,0.));
#1414 = ORIENTED_EDGE('',*,*,#1377,.F.);
#1415 = ORIENTED_EDGE('',*,*,#825,.F.);
#1416 = PLANE('',#1417);
#1417 = AXIS2_PLACEMENT_3D('',#1418,#1419,#1420);
#1418 = CARTESIAN_POINT('',(6.88,-3.14,0.));
#1419 = DIRECTION('',(1.,0.,0.));
#1420 = DIRECTION('',(0.,-1.,0.));
#1421 = ADVANCED_FACE('',(#1422),#1433,.T.);
#1422 = FACE_BOUND('',#1423,.T.);
#1423 = EDGE_LOOP('',(#1424,#1425,#1431,#1432));
#1424 = ORIENTED_EDGE('',*,*,#1125,.T.);
#1425 = ORIENTED_EDGE('',*,*,#1426,.T.);
#1426 = EDGE_CURVE('',#1118,#1402,#1427,.T.);
#1427 = LINE('',#1428,#1429);
#1428 = CARTESIAN_POINT('',(7.62,-3.37,7.));
#1429 = VECTOR('',#1430,1.);
#1430 = DIRECTION('',(-0.954938084056,0.296805080179,0.));
#1431 = ORIENTED_EDGE('',*,*,#1401,.F.);
#1432 = ORIENTED_EDGE('',*,*,#817,.F.);
#1433 = PLANE('',#1434);
#1434 = AXIS2_PLACEMENT_3D('',#1435,#1436,#1437);
#1435 = CARTESIAN_POINT('',(7.62,-3.37,0.));
#1436 = DIRECTION('',(-0.296805080179,-0.954938084056,0.));
#1437 = DIRECTION('',(-0.954938084056,0.296805080179,0.));
#1438 = ADVANCED_FACE('',(#1439),#1464,.T.);
#1439 = FACE_BOUND('',#1440,.T.);
#1440 = EDGE_LOOP('',(#1441,#1442,#1450,#1458));
#1441 = ORIENTED_EDGE('',*,*,#857,.T.);
#1442 = ORIENTED_EDGE('',*,*,#1443,.T.);
#1443 = EDGE_CURVE('',#860,#1444,#1446,.T.);
#1444 = VERTEX_POINT('',#1445);
#1445 = CARTESIAN_POINT('',(-0.45,-0.5,-3.5));
#1446 = LINE('',#1447,#1448);
#1447 = CARTESIAN_POINT('',(-0.45,-0.5,2.4));
#1448 = VECTOR('',#1449,1.);
#1449 = DIRECTION('',(-0.,-0.,-1.));
#1450 = ORIENTED_EDGE('',*,*,#1451,.T.);
#1451 = EDGE_CURVE('',#1444,#1452,#1454,.T.);
#1452 = VERTEX_POINT('',#1453);
#1453 = CARTESIAN_POINT('',(0.45,-0.5,-3.5));
#1454 = LINE('',#1455,#1456);
#1455 = CARTESIAN_POINT('',(-0.45,-0.5,-3.5));
#1456 = VECTOR('',#1457,1.);
#1457 = DIRECTION('',(1.,0.,0.));
#1458 = ORIENTED_EDGE('',*,*,#1459,.F.);
#1459 = EDGE_CURVE('',#858,#1452,#1460,.T.);
#1460 = LINE('',#1461,#1462);
#1461 = CARTESIAN_POINT('',(0.45,-0.5,2.4));
#1462 = VECTOR('',#1463,1.);
#1463 = DIRECTION('',(-0.,-0.,-1.));
#1464 = PLANE('',#1465);
#1465 = AXIS2_PLACEMENT_3D('',#1466,#1467,#1468);
#1466 = CARTESIAN_POINT('',(-0.45,-0.5,2.4));
#1467 = DIRECTION('',(0.,-1.,0.));
#1468 = DIRECTION('',(1.,0.,0.));
#1469 = ADVANCED_FACE('',(#1470),#1488,.T.);
#1470 = FACE_BOUND('',#1471,.T.);
#1471 = EDGE_LOOP('',(#1472,#1473,#1481,#1487));
#1472 = ORIENTED_EDGE('',*,*,#883,.T.);
#1473 = ORIENTED_EDGE('',*,*,#1474,.T.);
#1474 = EDGE_CURVE('',#876,#1475,#1477,.T.);
#1475 = VERTEX_POINT('',#1476);
#1476 = CARTESIAN_POINT('',(-0.45,0.5,-3.5));
#1477 = LINE('',#1478,#1479);
#1478 = CARTESIAN_POINT('',(-0.45,0.5,2.4));
#1479 = VECTOR('',#1480,1.);
#1480 = DIRECTION('',(-0.,-0.,-1.));
#1481 = ORIENTED_EDGE('',*,*,#1482,.T.);
#1482 = EDGE_CURVE('',#1475,#1444,#1483,.T.);
#1483 = LINE('',#1484,#1485);
#1484 = CARTESIAN_POINT('',(-0.45,0.5,-3.5));
#1485 = VECTOR('',#1486,1.);
#1486 = DIRECTION('',(0.,-1.,0.));
#1487 = ORIENTED_EDGE('',*,*,#1443,.F.);
#1488 = PLANE('',#1489);
#1489 = AXIS2_PLACEMENT_3D('',#1490,#1491,#1492);
#1490 = CARTESIAN_POINT('',(-0.45,0.5,2.4));
#1491 = DIRECTION('',(-1.,0.,0.));
#1492 = DIRECTION('',(0.,-1.,0.));
#1493 = ADVANCED_FACE('',(#1494),#1512,.T.);
#1494 = FACE_BOUND('',#1495,.T.);
#1495 = EDGE_LOOP('',(#1496,#1497,#1505,#1511));
#1496 = ORIENTED_EDGE('',*,*,#875,.T.);
#1497 = ORIENTED_EDGE('',*,*,#1498,.T.);
#1498 = EDGE_CURVE('',#868,#1499,#1501,.T.);
#1499 = VERTEX_POINT('',#1500);
#1500 = CARTESIAN_POINT('',(0.45,0.5,-3.5));
#1501 = LINE('',#1502,#1503);
#1502 = CARTESIAN_POINT('',(0.45,0.5,2.4));
#1503 = VECTOR('',#1504,1.);
#1504 = DIRECTION('',(-0.,-0.,-1.));
#1505 = ORIENTED_EDGE('',*,*,#1506,.T.);
#1506 = EDGE_CURVE('',#1499,#1475,#1507,.T.);
#1507 = LINE('',#1508,#1509);
#1508 = CARTESIAN_POINT('',(0.45,0.5,-3.5));
#1509 = VECTOR('',#1510,1.);
#1510 = DIRECTION('',(-1.,0.,0.));
#1511 = ORIENTED_EDGE('',*,*,#1474,.F.);
#1512 = PLANE('',#1513);
#1513 = AXIS2_PLACEMENT_3D('',#1514,#1515,#1516);
#1514 = CARTESIAN_POINT('',(0.45,0.5,2.4));
#1515 = DIRECTION('',(0.,1.,0.));
#1516 = DIRECTION('',(-1.,0.,0.));
#1517 = ADVANCED_FACE('',(#1518),#1529,.T.);
#1518 = FACE_BOUND('',#1519,.T.);
#1519 = EDGE_LOOP('',(#1520,#1521,#1522,#1528));
#1520 = ORIENTED_EDGE('',*,*,#867,.T.);
#1521 = ORIENTED_EDGE('',*,*,#1459,.T.);
#1522 = ORIENTED_EDGE('',*,*,#1523,.T.);
#1523 = EDGE_CURVE('',#1452,#1499,#1524,.T.);
#1524 = LINE('',#1525,#1526);
#1525 = CARTESIAN_POINT('',(0.45,-0.5,-3.5));
#1526 = VECTOR('',#1527,1.);
#1527 = DIRECTION('',(0.,1.,0.));
#1528 = ORIENTED_EDGE('',*,*,#1498,.F.);
#1529 = PLANE('',#1530);
#1530 = AXIS2_PLACEMENT_3D('',#1531,#1532,#1533);
#1531 = CARTESIAN_POINT('',(0.45,-0.5,2.4));
#1532 = DIRECTION('',(1.,0.,0.));
#1533 = DIRECTION('',(-0.,1.,0.));
#1534 = ADVANCED_FACE('',(#1535),#1560,.T.);
#1535 = FACE_BOUND('',#1536,.T.);
#1536 = EDGE_LOOP('',(#1537,#1538,#1546,#1554));
#1537 = ORIENTED_EDGE('',*,*,#891,.T.);
#1538 = ORIENTED_EDGE('',*,*,#1539,.T.);
#1539 = EDGE_CURVE('',#894,#1540,#1542,.T.);
#1540 = VERTEX_POINT('',#1541);
#1541 = CARTESIAN_POINT('',(4.63,-0.5,-3.5));
#1542 = LINE('',#1543,#1544);
#1543 = CARTESIAN_POINT('',(4.63,-0.5,2.4));
#1544 = VECTOR('',#1545,1.);
#1545 = DIRECTION('',(-0.,-0.,-1.));
#1546 = ORIENTED_EDGE('',*,*,#1547,.T.);
#1547 = EDGE_CURVE('',#1540,#1548,#1550,.T.);
#1548 = VERTEX_POINT('',#1549);
#1549 = CARTESIAN_POINT('',(5.53,-0.5,-3.5));
#1550 = LINE('',#1551,#1552);
#1551 = CARTESIAN_POINT('',(4.63,-0.5,-3.5));
#1552 = VECTOR('',#1553,1.);
#1553 = DIRECTION('',(1.,0.,0.));
#1554 = ORIENTED_EDGE('',*,*,#1555,.F.);
#1555 = EDGE_CURVE('',#892,#1548,#1556,.T.);
#1556 = LINE('',#1557,#1558);
#1557 = CARTESIAN_POINT('',(5.53,-0.5,2.4));
#1558 = VECTOR('',#1559,1.);
#1559 = DIRECTION('',(-0.,-0.,-1.));
#1560 = PLANE('',#1561);
#1561 = AXIS2_PLACEMENT_3D('',#1562,#1563,#1564);
#1562 = CARTESIAN_POINT('',(4.63,-0.5,2.4));
#1563 = DIRECTION('',(0.,-1.,0.));
#1564 = DIRECTION('',(1.,0.,0.));
#1565 = ADVANCED_FACE('',(#1566),#1584,.T.);
#1566 = FACE_BOUND('',#1567,.T.);
#1567 = EDGE_LOOP('',(#1568,#1569,#1577,#1583));
#1568 = ORIENTED_EDGE('',*,*,#917,.T.);
#1569 = ORIENTED_EDGE('',*,*,#1570,.T.);
#1570 = EDGE_CURVE('',#910,#1571,#1573,.T.);
#1571 = VERTEX_POINT('',#1572);
#1572 = CARTESIAN_POINT('',(4.63,0.5,-3.5));
#1573 = LINE('',#1574,#1575);
#1574 = CARTESIAN_POINT('',(4.63,0.5,2.4));
#1575 = VECTOR('',#1576,1.);
#1576 = DIRECTION('',(-0.,-0.,-1.));
#1577 = ORIENTED_EDGE('',*,*,#1578,.T.);
#1578 = EDGE_CURVE('',#1571,#1540,#1579,.T.);
#1579 = LINE('',#1580,#1581);
#1580 = CARTESIAN_POINT('',(4.63,0.5,-3.5));
#1581 = VECTOR('',#1582,1.);
#1582 = DIRECTION('',(0.,-1.,0.));
#1583 = ORIENTED_EDGE('',*,*,#1539,.F.);
#1584 = PLANE('',#1585);
#1585 = AXIS2_PLACEMENT_3D('',#1586,#1587,#1588);
#1586 = CARTESIAN_POINT('',(4.63,0.5,2.4));
#1587 = DIRECTION('',(-1.,0.,0.));
#1588 = DIRECTION('',(0.,-1.,0.));
#1589 = ADVANCED_FACE('',(#1590),#1608,.T.);
#1590 = FACE_BOUND('',#1591,.T.);
#1591 = EDGE_LOOP('',(#1592,#1593,#1601,#1607));
#1592 = ORIENTED_EDGE('',*,*,#909,.T.);
#1593 = ORIENTED_EDGE('',*,*,#1594,.T.);
#1594 = EDGE_CURVE('',#902,#1595,#1597,.T.);
#1595 = VERTEX_POINT('',#1596);
#1596 = CARTESIAN_POINT('',(5.53,0.5,-3.5));
#1597 = LINE('',#1598,#1599);
#1598 = CARTESIAN_POINT('',(5.53,0.5,2.4));
#1599 = VECTOR('',#1600,1.);
#1600 = DIRECTION('',(-0.,-0.,-1.));
#1601 = ORIENTED_EDGE('',*,*,#1602,.T.);
#1602 = EDGE_CURVE('',#1595,#1571,#1603,.T.);
#1603 = LINE('',#1604,#1605);
#1604 = CARTESIAN_POINT('',(5.53,0.5,-3.5));
#1605 = VECTOR('',#1606,1.);
#1606 = DIRECTION('',(-1.,0.,0.));
#1607 = ORIENTED_EDGE('',*,*,#1570,.F.);
#1608 = PLANE('',#1609);
#1609 = AXIS2_PLACEMENT_3D('',#1610,#1611,#1612);
#1610 = CARTESIAN_POINT('',(5.53,0.5,2.4));
#1611 = DIRECTION('',(0.,1.,0.));
#1612 = DIRECTION('',(-1.,0.,0.));
#1613 = ADVANCED_FACE('',(#1614),#1625,.T.);
#1614 = FACE_BOUND('',#1615,.T.);
#1615 = EDGE_LOOP('',(#1616,#1617,#1618,#1624));
#1616 = ORIENTED_EDGE('',*,*,#901,.T.);
#1617 = ORIENTED_EDGE('',*,*,#1555,.T.);
#1618 = ORIENTED_EDGE('',*,*,#1619,.T.);
#1619 = EDGE_CURVE('',#1548,#1595,#1620,.T.);
#1620 = LINE('',#1621,#1622);
#1621 = CARTESIAN_POINT('',(5.53,-0.5,-3.5));
#1622 = VECTOR('',#1623,1.);
#1623 = DIRECTION('',(0.,1.,0.));
#1624 = ORIENTED_EDGE('',*,*,#1594,.F.);
#1625 = PLANE('',#1626);
#1626 = AXIS2_PLACEMENT_3D('',#1627,#1628,#1629);
#1627 = CARTESIAN_POINT('',(5.53,-0.5,2.4));
#1628 = DIRECTION('',(1.,0.,0.));
#1629 = DIRECTION('',(-0.,1.,0.));
#1630 = ADVANCED_FACE('',(#1631),#1654,.F.);
#1631 = FACE_BOUND('',#1632,.F.);
#1632 = EDGE_LOOP('',(#1633,#1643,#1648,#1649));
#1633 = ORIENTED_EDGE('',*,*,#1634,.T.);
#1634 = EDGE_CURVE('',#1635,#1637,#1639,.T.);
#1635 = VERTEX_POINT('',#1636);
#1636 = CARTESIAN_POINT('',(3.68,-3.8,2.4));
#1637 = VERTEX_POINT('',#1638);
#1638 = CARTESIAN_POINT('',(6.48,-3.8,2.4));
#1639 = LINE('',#1640,#1641);
#1640 = CARTESIAN_POINT('',(3.68,-3.8,2.4));
#1641 = VECTOR('',#1642,1.);
#1642 = DIRECTION('',(1.,0.,0.));
#1643 = ORIENTED_EDGE('',*,*,#1644,.T.);
#1644 = EDGE_CURVE('',#1637,#1015,#1645,.T.);
#1645 = B_SPLINE_CURVE_WITH_KNOTS('',1,(#1646,#1647),.UNSPECIFIED.,.F.,
  .F.,(2,2),(0.,1.),.PIECEWISE_BEZIER_KNOTS.);
#1646 = CARTESIAN_POINT('',(6.48,-3.8,2.4));
#1647 = CARTESIAN_POINT('',(6.88,-4.6,1.6));
#1648 = ORIENTED_EDGE('',*,*,#1014,.T.);
#1649 = ORIENTED_EDGE('',*,*,#1650,.F.);
#1650 = EDGE_CURVE('',#1635,#1017,#1651,.T.);
#1651 = B_SPLINE_CURVE_WITH_KNOTS('',1,(#1652,#1653),.UNSPECIFIED.,.F.,
  .F.,(2,2),(0.,1.),.PIECEWISE_BEZIER_KNOTS.);
#1652 = CARTESIAN_POINT('',(3.68,-3.8,2.4));
#1653 = CARTESIAN_POINT('',(3.28,-4.6,1.6));
#1654 = B_SPLINE_SURFACE_WITH_KNOTS('',1,1,(
    (#1655,#1656)
    ,(#1657,#1658
    )),.UNSPECIFIED.,.F.,.F.,.F.,(2,2),(2,2),(-3.6,0.),(0.,1.),
  .PIECEWISE_BEZIER_KNOTS.);
#1655 = CARTESIAN_POINT('',(3.68,-3.8,2.4));
#1656 = CARTESIAN_POINT('',(3.28,-4.6,1.6));
#1657 = CARTESIAN_POINT('',(6.48,-3.8,2.4));
#1658 = CARTESIAN_POINT('',(6.88,-4.6,1.6));
#1659 = ADVANCED_FACE('',(#1660),#1677,.F.);
#1660 = FACE_BOUND('',#1661,.F.);
#1661 = EDGE_LOOP('',(#1662,#1670,#1675,#1676));
#1662 = ORIENTED_EDGE('',*,*,#1663,.T.);
#1663 = EDGE_CURVE('',#1637,#1664,#1666,.T.);
#1664 = VERTEX_POINT('',#1665);
#1665 = CARTESIAN_POINT('',(6.48,-3.8,5.1));
#1666 = LINE('',#1667,#1668);
#1667 = CARTESIAN_POINT('',(6.48,-3.8,2.4));
#1668 = VECTOR('',#1669,1.);
#1669 = DIRECTION('',(0.,0.,1.));
#1670 = ORIENTED_EDGE('',*,*,#1671,.T.);
#1671 = EDGE_CURVE('',#1664,#1025,#1672,.T.);
#1672 = B_SPLINE_CURVE_WITH_KNOTS('',1,(#1673,#1674),.UNSPECIFIED.,.F.,
  .F.,(2,2),(0.,1.),.PIECEWISE_BEZIER_KNOTS.);
#1673 = CARTESIAN_POINT('',(6.48,-3.8,5.1));
#1674 = CARTESIAN_POINT('',(6.88,-4.6,6.8));
#1675 = ORIENTED_EDGE('',*,*,#1024,.T.);
#1676 = ORIENTED_EDGE('',*,*,#1644,.F.);
#1677 = B_SPLINE_SURFACE_WITH_KNOTS('',1,1,(
    (#1678,#1679)
    ,(#1680,#1681
    )),.UNSPECIFIED.,.F.,.F.,.F.,(2,2),(2,2),(-5.2,0.),(0.,1.),
  .PIECEWISE_BEZIER_KNOTS.);
#1678 = CARTESIAN_POINT('',(6.48,-3.8,2.4));
#1679 = CARTESIAN_POINT('',(6.88,-4.6,1.6));
#1680 = CARTESIAN_POINT('',(6.48,-3.8,5.1));
#1681 = CARTESIAN_POINT('',(6.88,-4.6,6.8));
#1682 = ADVANCED_FACE('',(#1683),#1700,.F.);
#1683 = FACE_BOUND('',#1684,.F.);
#1684 = EDGE_LOOP('',(#1685,#1693,#1694,#1695));
#1685 = ORIENTED_EDGE('',*,*,#1686,.T.);
#1686 = EDGE_CURVE('',#1687,#1635,#1689,.T.);
#1687 = VERTEX_POINT('',#1688);
#1688 = CARTESIAN_POINT('',(3.68,-3.8,5.1));
#1689 = LINE('',#1690,#1691);
#1690 = CARTESIAN_POINT('',(3.68,-3.8,5.1));
#1691 = VECTOR('',#1692,1.);
#1692 = DIRECTION('',(0.,0.,-1.));
#1693 = ORIENTED_EDGE('',*,*,#1650,.T.);
#1694 = ORIENTED_EDGE('',*,*,#1040,.T.);
#1695 = ORIENTED_EDGE('',*,*,#1696,.F.);
#1696 = EDGE_CURVE('',#1687,#1033,#1697,.T.);
#1697 = B_SPLINE_CURVE_WITH_KNOTS('',1,(#1698,#1699),.UNSPECIFIED.,.F.,
  .F.,(2,2),(0.,1.),.PIECEWISE_BEZIER_KNOTS.);
#1698 = CARTESIAN_POINT('',(3.68,-3.8,5.1));
#1699 = CARTESIAN_POINT('',(3.28,-4.6,6.8));
#1700 = B_SPLINE_SURFACE_WITH_KNOTS('',1,1,(
    (#1701,#1702)
    ,(#1703,#1704
    )),.UNSPECIFIED.,.F.,.F.,.F.,(2,2),(2,2),(-5.2,0.),(0.,1.),
  .PIECEWISE_BEZIER_KNOTS.);
#1701 = CARTESIAN_POINT('',(3.68,-3.8,5.1));
#1702 = CARTESIAN_POINT('',(3.28,-4.6,6.8));
#1703 = CARTESIAN_POINT('',(3.68,-3.8,2.4));
#1704 = CARTESIAN_POINT('',(3.28,-4.6,1.6));
#1705 = ADVANCED_FACE('',(#1706),#1717,.F.);
#1706 = FACE_BOUND('',#1707,.F.);
#1707 = EDGE_LOOP('',(#1708,#1714,#1715,#1716));
#1708 = ORIENTED_EDGE('',*,*,#1709,.T.);
#1709 = EDGE_CURVE('',#1664,#1687,#1710,.T.);
#1710 = LINE('',#1711,#1712);
#1711 = CARTESIAN_POINT('',(6.48,-3.8,5.1));
#1712 = VECTOR('',#1713,1.);
#1713 = DIRECTION('',(-1.,0.,0.));
#1714 = ORIENTED_EDGE('',*,*,#1696,.T.);
#1715 = ORIENTED_EDGE('',*,*,#1032,.T.);
#1716 = ORIENTED_EDGE('',*,*,#1671,.F.);
#1717 = B_SPLINE_SURFACE_WITH_KNOTS('',1,1,(
    (#1718,#1719)
    ,(#1720,#1721
    )),.UNSPECIFIED.,.F.,.F.,.F.,(2,2),(2,2),(-3.6,0.),(0.,1.),
  .PIECEWISE_BEZIER_KNOTS.);
#1718 = CARTESIAN_POINT('',(6.48,-3.8,5.1));
#1719 = CARTESIAN_POINT('',(6.88,-4.6,6.8));
#1720 = CARTESIAN_POINT('',(3.68,-3.8,5.1));
#1721 = CARTESIAN_POINT('',(3.28,-4.6,6.8));
#1722 = ADVANCED_FACE('',(#1723),#1746,.F.);
#1723 = FACE_BOUND('',#1724,.F.);
#1724 = EDGE_LOOP('',(#1725,#1735,#1740,#1741));
#1725 = ORIENTED_EDGE('',*,*,#1726,.T.);
#1726 = EDGE_CURVE('',#1727,#1729,#1731,.T.);
#1727 = VERTEX_POINT('',#1728);
#1728 = CARTESIAN_POINT('',(-1.4,-3.8,2.4));
#1729 = VERTEX_POINT('',#1730);
#1730 = CARTESIAN_POINT('',(1.4,-3.8,2.4));
#1731 = LINE('',#1732,#1733);
#1732 = CARTESIAN_POINT('',(-1.4,-3.8,2.4));
#1733 = VECTOR('',#1734,1.);
#1734 = DIRECTION('',(1.,0.,0.));
#1735 = ORIENTED_EDGE('',*,*,#1736,.T.);
#1736 = EDGE_CURVE('',#1729,#1049,#1737,.T.);
#1737 = B_SPLINE_CURVE_WITH_KNOTS('',1,(#1738,#1739),.UNSPECIFIED.,.F.,
  .F.,(2,2),(0.,1.),.PIECEWISE_BEZIER_KNOTS.);
#1738 = CARTESIAN_POINT('',(1.4,-3.8,2.4));
#1739 = CARTESIAN_POINT('',(1.8,-4.6,1.6));
#1740 = ORIENTED_EDGE('',*,*,#1048,.T.);
#1741 = ORIENTED_EDGE('',*,*,#1742,.F.);
#1742 = EDGE_CURVE('',#1727,#1051,#1743,.T.);
#1743 = B_SPLINE_CURVE_WITH_KNOTS('',1,(#1744,#1745),.UNSPECIFIED.,.F.,
  .F.,(2,2),(0.,1.),.PIECEWISE_BEZIER_KNOTS.);
#1744 = CARTESIAN_POINT('',(-1.4,-3.8,2.4));
#1745 = CARTESIAN_POINT('',(-1.8,-4.6,1.6));
#1746 = B_SPLINE_SURFACE_WITH_KNOTS('',1,1,(
    (#1747,#1748)
    ,(#1749,#1750
    )),.UNSPECIFIED.,.F.,.F.,.F.,(2,2),(2,2),(-3.6,0.),(0.,1.),
  .PIECEWISE_BEZIER_KNOTS.);
#1747 = CARTESIAN_POINT('',(-1.4,-3.8,2.4));
#1748 = CARTESIAN_POINT('',(-1.8,-4.6,1.6));
#1749 = CARTESIAN_POINT('',(1.4,-3.8,2.4));
#1750 = CARTESIAN_POINT('',(1.8,-4.6,1.6));
#1751 = ADVANCED_FACE('',(#1752),#1769,.F.);
#1752 = FACE_BOUND('',#1753,.F.);
#1753 = EDGE_LOOP('',(#1754,#1762,#1767,#1768));
#1754 = ORIENTED_EDGE('',*,*,#1755,.T.);
#1755 = EDGE_CURVE('',#1729,#1756,#1758,.T.);
#1756 = VERTEX_POINT('',#1757);
#1757 = CARTESIAN_POINT('',(1.4,-3.8,5.1));
#1758 = LINE('',#1759,#1760);
#1759 = CARTESIAN_POINT('',(1.4,-3.8,2.4));
#1760 = VECTOR('',#1761,1.);
#1761 = DIRECTION('',(0.,0.,1.));
#1762 = ORIENTED_EDGE('',*,*,#1763,.T.);
#1763 = EDGE_CURVE('',#1756,#1059,#1764,.T.);
#1764 = B_SPLINE_CURVE_WITH_KNOTS('',1,(#1765,#1766),.UNSPECIFIED.,.F.,
  .F.,(2,2),(0.,1.),.PIECEWISE_BEZIER_KNOTS.);
#1765 = CARTESIAN_POINT('',(1.4,-3.8,5.1));
#1766 = CARTESIAN_POINT('',(1.8,-4.6,6.8));
#1767 = ORIENTED_EDGE('',*,*,#1058,.T.);
#1768 = ORIENTED_EDGE('',*,*,#1736,.F.);
#1769 = B_SPLINE_SURFACE_WITH_KNOTS('',1,1,(
    (#1770,#1771)
    ,(#1772,#1773
    )),.UNSPECIFIED.,.F.,.F.,.F.,(2,2),(2,2),(-5.2,0.),(0.,1.),
  .PIECEWISE_BEZIER_KNOTS.);
#1770 = CARTESIAN_POINT('',(1.4,-3.8,2.4));
#1771 = CARTESIAN_POINT('',(1.8,-4.6,1.6));
#1772 = CARTESIAN_POINT('',(1.4,-3.8,5.1));
#1773 = CARTESIAN_POINT('',(1.8,-4.6,6.8));
#1774 = ADVANCED_FACE('',(#1775),#1792,.F.);
#1775 = FACE_BOUND('',#1776,.F.);
#1776 = EDGE_LOOP('',(#1777,#1785,#1786,#1787));
#1777 = ORIENTED_EDGE('',*,*,#1778,.T.);
#1778 = EDGE_CURVE('',#1779,#1727,#1781,.T.);
#1779 = VERTEX_POINT('',#1780);
#1780 = CARTESIAN_POINT('',(-1.4,-3.8,5.1));
#1781 = LINE('',#1782,#1783);
#1782 = CARTESIAN_POINT('',(-1.4,-3.8,5.1));
#1783 = VECTOR('',#1784,1.);
#1784 = DIRECTION('',(0.,0.,-1.));
#1785 = ORIENTED_EDGE('',*,*,#1742,.T.);
#1786 = ORIENTED_EDGE('',*,*,#1074,.T.);
#1787 = ORIENTED_EDGE('',*,*,#1788,.F.);
#1788 = EDGE_CURVE('',#1779,#1067,#1789,.T.);
#1789 = B_SPLINE_CURVE_WITH_KNOTS('',1,(#1790,#1791),.UNSPECIFIED.,.F.,
  .F.,(2,2),(0.,1.),.PIECEWISE_BEZIER_KNOTS.);
#1790 = CARTESIAN_POINT('',(-1.4,-3.8,5.1));
#1791 = CARTESIAN_POINT('',(-1.8,-4.6,6.8));
#1792 = B_SPLINE_SURFACE_WITH_KNOTS('',1,1,(
    (#1793,#1794)
    ,(#1795,#1796
    )),.UNSPECIFIED.,.F.,.F.,.F.,(2,2),(2,2),(-5.2,0.),(0.,1.),
  .PIECEWISE_BEZIER_KNOTS.);
#1793 = CARTESIAN_POINT('',(-1.4,-3.8,5.1));
#1794 = CARTESIAN_POINT('',(-1.8,-4.6,6.8));
#1795 = CARTESIAN_POINT('',(-1.4,-3.8,2.4));
#1796 = CARTESIAN_POINT('',(-1.8,-4.6,1.6));
#1797 = ADVANCED_FACE('',(#1798),#1809,.F.);
#1798 = FACE_BOUND('',#1799,.F.);
#1799 = EDGE_LOOP('',(#1800,#1806,#1807,#1808));
#1800 = ORIENTED_EDGE('',*,*,#1801,.T.);
#1801 = EDGE_CURVE('',#1756,#1779,#1802,.T.);
#1802 = LINE('',#1803,#1804);
#1803 = CARTESIAN_POINT('',(1.4,-3.8,5.1));
#1804 = VECTOR('',#1805,1.);
#1805 = DIRECTION('',(-1.,0.,0.));
#1806 = ORIENTED_EDGE('',*,*,#1788,.T.);
#1807 = ORIENTED_EDGE('',*,*,#1066,.T.);
#1808 = ORIENTED_EDGE('',*,*,#1763,.F.);
#1809 = B_SPLINE_SURFACE_WITH_KNOTS('',1,1,(
    (#1810,#1811)
    ,(#1812,#1813
    )),.UNSPECIFIED.,.F.,.F.,.F.,(2,2),(2,2),(-3.6,0.),(0.,1.),
  .PIECEWISE_BEZIER_KNOTS.);
#1810 = CARTESIAN_POINT('',(1.4,-3.8,5.1));
#1811 = CARTESIAN_POINT('',(1.8,-4.6,6.8));
#1812 = CARTESIAN_POINT('',(-1.4,-3.8,5.1));
#1813 = CARTESIAN_POINT('',(-1.8,-4.6,6.8));
#1814 = ADVANCED_FACE('',(#1815),#1821,.F.);
#1815 = FACE_BOUND('',#1816,.F.);
#1816 = EDGE_LOOP('',(#1817,#1818,#1819,#1820));
#1817 = ORIENTED_EDGE('',*,*,#1426,.T.);
#1818 = ORIENTED_EDGE('',*,*,#1409,.T.);
#1819 = ORIENTED_EDGE('',*,*,#1385,.T.);
#1820 = ORIENTED_EDGE('',*,*,#1117,.T.);
#1821 = PLANE('',#1822);
#1822 = AXIS2_PLACEMENT_3D('',#1823,#1824,#1825);
#1823 = CARTESIAN_POINT('',(7.191908064794,-3.6,7.));
#1824 = DIRECTION('',(0.,0.,1.));
#1825 = DIRECTION('',(1.,0.,-0.));
#1826 = ADVANCED_FACE('',(#1827),#1837,.T.);
#1827 = FACE_BOUND('',#1828,.T.);
#1828 = EDGE_LOOP('',(#1829,#1835,#1836));
#1829 = ORIENTED_EDGE('',*,*,#1830,.F.);
#1830 = EDGE_CURVE('',#1232,#1154,#1831,.T.);
#1831 = LINE('',#1832,#1833);
#1832 = CARTESIAN_POINT('',(1.4,-2.,2.4));
#1833 = VECTOR('',#1834,1.);
#1834 = DIRECTION('',(0.,1.,0.));
#1835 = ORIENTED_EDGE('',*,*,#1239,.T.);
#1836 = ORIENTED_EDGE('',*,*,#1153,.T.);
#1837 = PLANE('',#1838);
#1838 = AXIS2_PLACEMENT_3D('',#1839,#1840,#1841);
#1839 = CARTESIAN_POINT('',(7.70491144959E-03,-1.265782005125,2.4));
#1840 = DIRECTION('',(-4.370286341272E-18,-9.017547605327E-17,1.));
#1841 = DIRECTION('',(-2.443323634935E-50,1.,9.017547605327E-17));
#1842 = ADVANCED_FACE('',(#1843),#1870,.F.);
#1843 = FACE_BOUND('',#1844,.F.);
#1844 = EDGE_LOOP('',(#1845,#1846,#1847,#1855,#1863,#1869));
#1845 = ORIENTED_EDGE('',*,*,#1830,.F.);
#1846 = ORIENTED_EDGE('',*,*,#1231,.T.);
#1847 = ORIENTED_EDGE('',*,*,#1848,.T.);
#1848 = EDGE_CURVE('',#1223,#1849,#1851,.T.);
#1849 = VERTEX_POINT('',#1850);
#1850 = CARTESIAN_POINT('',(1.4,-1.484523257867,5.1));
#1851 = LINE('',#1852,#1853);
#1852 = CARTESIAN_POINT('',(1.4,-2.,5.1));
#1853 = VECTOR('',#1854,1.);
#1854 = DIRECTION('',(0.,1.,0.));
#1855 = ORIENTED_EDGE('',*,*,#1856,.T.);
#1856 = EDGE_CURVE('',#1849,#1857,#1859,.T.);
#1857 = VERTEX_POINT('',#1858);
#1858 = CARTESIAN_POINT('',(1.4,1.084523257867,5.1));
#1859 = LINE('',#1860,#1861);
#1860 = CARTESIAN_POINT('',(1.4,-2.,5.1));
#1861 = VECTOR('',#1862,1.);
#1862 = DIRECTION('',(0.,1.,0.));
#1863 = ORIENTED_EDGE('',*,*,#1864,.T.);
#1864 = EDGE_CURVE('',#1857,#1163,#1865,.T.);
#1865 = LINE('',#1866,#1867);
#1866 = CARTESIAN_POINT('',(1.4,-2.,5.1));
#1867 = VECTOR('',#1868,1.);
#1868 = DIRECTION('',(0.,1.,0.));
#1869 = ORIENTED_EDGE('',*,*,#1162,.F.);
#1870 = PLANE('',#1871);
#1871 = AXIS2_PLACEMENT_3D('',#1872,#1873,#1874);
#1872 = CARTESIAN_POINT('',(1.4,-2.,2.4));
#1873 = DIRECTION('',(-1.,0.,0.));
#1874 = DIRECTION('',(0.,1.,0.));
#1875 = ADVANCED_FACE('',(#1876),#1895,.T.);
#1876 = FACE_BOUND('',#1877,.T.);
#1877 = EDGE_LOOP('',(#1878,#1887,#1893,#1894));
#1878 = ORIENTED_EDGE('',*,*,#1879,.F.);
#1879 = EDGE_CURVE('',#1880,#1849,#1882,.T.);
#1880 = VERTEX_POINT('',#1881);
#1881 = CARTESIAN_POINT('',(0.60827625303,-2.,5.1));
#1882 = CIRCLE('',#1883,1.9);
#1883 = AXIS2_PLACEMENT_3D('',#1884,#1885,#1886);
#1884 = CARTESIAN_POINT('',(0.,-0.2,5.1));
#1885 = DIRECTION('',(0.,0.,1.));
#1886 = DIRECTION('',(1.,0.,-0.));
#1887 = ORIENTED_EDGE('',*,*,#1888,.T.);
#1888 = EDGE_CURVE('',#1880,#1214,#1889,.T.);
#1889 = LINE('',#1890,#1891);
#1890 = CARTESIAN_POINT('',(-1.4,-2.,5.1));
#1891 = VECTOR('',#1892,1.);
#1892 = DIRECTION('',(1.,0.,0.));
#1893 = ORIENTED_EDGE('',*,*,#1222,.T.);
#1894 = ORIENTED_EDGE('',*,*,#1848,.T.);
#1895 = PLANE('',#1896);
#1896 = AXIS2_PLACEMENT_3D('',#1897,#1898,#1899);
#1897 = CARTESIAN_POINT('',(0.,0.,5.1));
#1898 = DIRECTION('',(0.,0.,1.));
#1899 = DIRECTION('',(1.,0.,-0.));
#1900 = ADVANCED_FACE('',(#1901),#1933,.F.);
#1901 = FACE_BOUND('',#1902,.F.);
#1902 = EDGE_LOOP('',(#1903,#1911,#1912,#1920,#1926,#1927));
#1903 = ORIENTED_EDGE('',*,*,#1904,.F.);
#1904 = EDGE_CURVE('',#1779,#1905,#1907,.T.);
#1905 = VERTEX_POINT('',#1906);
#1906 = CARTESIAN_POINT('',(-1.4,-2.,5.1));
#1907 = LINE('',#1908,#1909);
#1908 = CARTESIAN_POINT('',(-1.4,-104.6,5.1));
#1909 = VECTOR('',#1910,1.);
#1910 = DIRECTION('',(0.,1.,0.));
#1911 = ORIENTED_EDGE('',*,*,#1801,.F.);
#1912 = ORIENTED_EDGE('',*,*,#1913,.T.);
#1913 = EDGE_CURVE('',#1756,#1914,#1916,.T.);
#1914 = VERTEX_POINT('',#1915);
#1915 = CARTESIAN_POINT('',(1.4,-2.,5.1));
#1916 = LINE('',#1917,#1918);
#1917 = CARTESIAN_POINT('',(1.4,-104.6,5.1));
#1918 = VECTOR('',#1919,1.);
#1919 = DIRECTION('',(0.,1.,0.));
#1920 = ORIENTED_EDGE('',*,*,#1921,.F.);
#1921 = EDGE_CURVE('',#1214,#1914,#1922,.T.);
#1922 = LINE('',#1923,#1924);
#1923 = CARTESIAN_POINT('',(-1.4,-2.,5.1));
#1924 = VECTOR('',#1925,1.);
#1925 = DIRECTION('',(1.,0.,0.));
#1926 = ORIENTED_EDGE('',*,*,#1213,.F.);
#1927 = ORIENTED_EDGE('',*,*,#1928,.F.);
#1928 = EDGE_CURVE('',#1905,#1205,#1929,.T.);
#1929 = LINE('',#1930,#1931);
#1930 = CARTESIAN_POINT('',(-1.4,-2.,5.1));
#1931 = VECTOR('',#1932,1.);
#1932 = DIRECTION('',(1.,0.,0.));
#1933 = PLANE('',#1934);
#1934 = AXIS2_PLACEMENT_3D('',#1935,#1936,#1937);
#1935 = CARTESIAN_POINT('',(1.4,-104.6,5.1));
#1936 = DIRECTION('',(0.,0.,1.));
#1937 = DIRECTION('',(-1.,0.,0.));
#1938 = ADVANCED_FACE('',(#1939),#1965,.T.);
#1939 = FACE_BOUND('',#1940,.T.);
#1940 = EDGE_LOOP('',(#1941,#1952,#1958,#1959));
#1941 = ORIENTED_EDGE('',*,*,#1942,.F.);
#1942 = EDGE_CURVE('',#1943,#1945,#1947,.T.);
#1943 = VERTEX_POINT('',#1944);
#1944 = CARTESIAN_POINT('',(-1.4,-1.484523257866,5.1));
#1945 = VERTEX_POINT('',#1946);
#1946 = CARTESIAN_POINT('',(-0.60827625303,-2.,5.1));
#1947 = CIRCLE('',#1948,1.9);
#1948 = AXIS2_PLACEMENT_3D('',#1949,#1950,#1951);
#1949 = CARTESIAN_POINT('',(0.,-0.2,5.1));
#1950 = DIRECTION('',(0.,0.,1.));
#1951 = DIRECTION('',(1.,0.,-0.));
#1952 = ORIENTED_EDGE('',*,*,#1953,.T.);
#1953 = EDGE_CURVE('',#1943,#1197,#1954,.T.);
#1954 = LINE('',#1955,#1956);
#1955 = CARTESIAN_POINT('',(-1.4,2.,5.1));
#1956 = VECTOR('',#1957,1.);
#1957 = DIRECTION('',(0.,-1.,0.));
#1958 = ORIENTED_EDGE('',*,*,#1204,.T.);
#1959 = ORIENTED_EDGE('',*,*,#1960,.T.);
#1960 = EDGE_CURVE('',#1205,#1945,#1961,.T.);
#1961 = LINE('',#1962,#1963);
#1962 = CARTESIAN_POINT('',(-1.4,-2.,5.1));
#1963 = VECTOR('',#1964,1.);
#1964 = DIRECTION('',(1.,0.,0.));
#1965 = PLANE('',#1966);
#1966 = AXIS2_PLACEMENT_3D('',#1967,#1968,#1969);
#1967 = CARTESIAN_POINT('',(0.,0.,5.1));
#1968 = DIRECTION('',(0.,0.,1.));
#1969 = DIRECTION('',(1.,0.,-0.));
#1970 = ADVANCED_FACE('',(#1971),#1996,.F.);
#1971 = FACE_BOUND('',#1972,.F.);
#1972 = EDGE_LOOP('',(#1973,#1974,#1982,#1988,#1989,#1990));
#1973 = ORIENTED_EDGE('',*,*,#1179,.T.);
#1974 = ORIENTED_EDGE('',*,*,#1975,.T.);
#1975 = EDGE_CURVE('',#1171,#1976,#1978,.T.);
#1976 = VERTEX_POINT('',#1977);
#1977 = CARTESIAN_POINT('',(-1.4,1.084523257866,5.1));
#1978 = LINE('',#1979,#1980);
#1979 = CARTESIAN_POINT('',(-1.4,2.,5.1));
#1980 = VECTOR('',#1981,1.);
#1981 = DIRECTION('',(0.,-1.,0.));
#1982 = ORIENTED_EDGE('',*,*,#1983,.T.);
#1983 = EDGE_CURVE('',#1976,#1943,#1984,.T.);
#1984 = LINE('',#1985,#1986);
#1985 = CARTESIAN_POINT('',(-1.4,2.,5.1));
#1986 = VECTOR('',#1987,1.);
#1987 = DIRECTION('',(0.,-1.,0.));
#1988 = ORIENTED_EDGE('',*,*,#1953,.T.);
#1989 = ORIENTED_EDGE('',*,*,#1196,.F.);
#1990 = ORIENTED_EDGE('',*,*,#1991,.F.);
#1991 = EDGE_CURVE('',#1180,#1188,#1992,.T.);
#1992 = LINE('',#1993,#1994);
#1993 = CARTESIAN_POINT('',(-1.4,2.,2.4));
#1994 = VECTOR('',#1995,1.);
#1995 = DIRECTION('',(0.,-1.,0.));
#1996 = PLANE('',#1997);
#1997 = AXIS2_PLACEMENT_3D('',#1998,#1999,#2000);
#1998 = CARTESIAN_POINT('',(-1.4,2.,2.4));
#1999 = DIRECTION('',(1.,0.,0.));
#2000 = DIRECTION('',(0.,-1.,0.));
#2001 = ADVANCED_FACE('',(#2002),#2006,.T.);
#2002 = FACE_BOUND('',#2003,.T.);
#2003 = EDGE_LOOP('',(#2004,#2005));
#2004 = ORIENTED_EDGE('',*,*,#1187,.T.);
#2005 = ORIENTED_EDGE('',*,*,#1991,.F.);
#2006 = PLANE('',#2007);
#2007 = AXIS2_PLACEMENT_3D('',#2008,#2009,#2010);
#2008 = CARTESIAN_POINT('',(7.70491144959E-03,-1.265782005125,2.4));
#2009 = DIRECTION('',(-4.370286341272E-18,-9.017547605327E-17,1.));
#2010 = DIRECTION('',(-2.443323634935E-50,1.,9.017547605327E-17));
#2011 = ADVANCED_FACE('',(#2012),#2024,.T.);
#2012 = FACE_BOUND('',#2013,.T.);
#2013 = EDGE_LOOP('',(#2014,#2015,#2016,#2023));
#2014 = ORIENTED_EDGE('',*,*,#1170,.T.);
#2015 = ORIENTED_EDGE('',*,*,#1975,.T.);
#2016 = ORIENTED_EDGE('',*,*,#2017,.F.);
#2017 = EDGE_CURVE('',#1857,#1976,#2018,.T.);
#2018 = CIRCLE('',#2019,1.9);
#2019 = AXIS2_PLACEMENT_3D('',#2020,#2021,#2022);
#2020 = CARTESIAN_POINT('',(0.,-0.2,5.1));
#2021 = DIRECTION('',(0.,0.,1.));
#2022 = DIRECTION('',(1.,0.,-0.));
#2023 = ORIENTED_EDGE('',*,*,#1864,.T.);
#2024 = PLANE('',#2025);
#2025 = AXIS2_PLACEMENT_3D('',#2026,#2027,#2028);
#2026 = CARTESIAN_POINT('',(0.,0.,5.1));
#2027 = DIRECTION('',(0.,0.,1.));
#2028 = DIRECTION('',(1.,0.,-0.));
#2029 = ADVANCED_FACE('',(#2030),#2040,.T.);
#2030 = FACE_BOUND('',#2031,.T.);
#2031 = EDGE_LOOP('',(#2032,#2038,#2039));
#2032 = ORIENTED_EDGE('',*,*,#2033,.F.);
#2033 = EDGE_CURVE('',#1343,#1265,#2034,.T.);
#2034 = LINE('',#2035,#2036);
#2035 = CARTESIAN_POINT('',(6.48,-2.,2.4));
#2036 = VECTOR('',#2037,1.);
#2037 = DIRECTION('',(0.,1.,0.));
#2038 = ORIENTED_EDGE('',*,*,#1350,.T.);
#2039 = ORIENTED_EDGE('',*,*,#1264,.T.);
#2040 = PLANE('',#2041);
#2041 = AXIS2_PLACEMENT_3D('',#2042,#2043,#2044);
#2042 = CARTESIAN_POINT('',(5.08770491145,-1.265782005125,2.4));
#2043 = DIRECTION('',(-4.370286341272E-18,-9.017547605327E-17,1.));
#2044 = DIRECTION('',(-2.443323634935E-50,1.,9.017547605327E-17));
#2045 = ADVANCED_FACE('',(#2046),#2073,.F.);
#2046 = FACE_BOUND('',#2047,.F.);
#2047 = EDGE_LOOP('',(#2048,#2049,#2050,#2058,#2066,#2072));
#2048 = ORIENTED_EDGE('',*,*,#2033,.F.);
#2049 = ORIENTED_EDGE('',*,*,#1342,.T.);
#2050 = ORIENTED_EDGE('',*,*,#2051,.T.);
#2051 = EDGE_CURVE('',#1334,#2052,#2054,.T.);
#2052 = VERTEX_POINT('',#2053);
#2053 = CARTESIAN_POINT('',(6.48,-1.484523257867,5.1));
#2054 = LINE('',#2055,#2056);
#2055 = CARTESIAN_POINT('',(6.48,-2.,5.1));
#2056 = VECTOR('',#2057,1.);
#2057 = DIRECTION('',(0.,1.,0.));
#2058 = ORIENTED_EDGE('',*,*,#2059,.T.);
#2059 = EDGE_CURVE('',#2052,#2060,#2062,.T.);
#2060 = VERTEX_POINT('',#2061);
#2061 = CARTESIAN_POINT('',(6.48,1.084523257867,5.1));
#2062 = LINE('',#2063,#2064);
#2063 = CARTESIAN_POINT('',(6.48,-2.,5.1));
#2064 = VECTOR('',#2065,1.);
#2065 = DIRECTION('',(0.,1.,0.));
#2066 = ORIENTED_EDGE('',*,*,#2067,.T.);
#2067 = EDGE_CURVE('',#2060,#1274,#2068,.T.);
#2068 = LINE('',#2069,#2070);
#2069 = CARTESIAN_POINT('',(6.48,-2.,5.1));
#2070 = VECTOR('',#2071,1.);
#2071 = DIRECTION('',(0.,1.,0.));
#2072 = ORIENTED_EDGE('',*,*,#1273,.F.);
#2073 = PLANE('',#2074);
#2074 = AXIS2_PLACEMENT_3D('',#2075,#2076,#2077);
#2075 = CARTESIAN_POINT('',(6.48,-2.,2.4));
#2076 = DIRECTION('',(-1.,0.,0.));
#2077 = DIRECTION('',(0.,1.,0.));
#2078 = ADVANCED_FACE('',(#2079),#2098,.T.);
#2079 = FACE_BOUND('',#2080,.T.);
#2080 = EDGE_LOOP('',(#2081,#2090,#2096,#2097));
#2081 = ORIENTED_EDGE('',*,*,#2082,.F.);
#2082 = EDGE_CURVE('',#2083,#2052,#2085,.T.);
#2083 = VERTEX_POINT('',#2084);
#2084 = CARTESIAN_POINT('',(5.68827625303,-2.,5.1));
#2085 = CIRCLE('',#2086,1.9);
#2086 = AXIS2_PLACEMENT_3D('',#2087,#2088,#2089);
#2087 = CARTESIAN_POINT('',(5.08,-0.2,5.1));
#2088 = DIRECTION('',(0.,0.,1.));
#2089 = DIRECTION('',(1.,0.,-0.));
#2090 = ORIENTED_EDGE('',*,*,#2091,.T.);
#2091 = EDGE_CURVE('',#2083,#1325,#2092,.T.);
#2092 = LINE('',#2093,#2094);
#2093 = CARTESIAN_POINT('',(3.68,-2.,5.1));
#2094 = VECTOR('',#2095,1.);
#2095 = DIRECTION('',(1.,0.,0.));
#2096 = ORIENTED_EDGE('',*,*,#1333,.T.);
#2097 = ORIENTED_EDGE('',*,*,#2051,.T.);
#2098 = PLANE('',#2099);
#2099 = AXIS2_PLACEMENT_3D('',#2100,#2101,#2102);
#2100 = CARTESIAN_POINT('',(5.08,0.,5.1));
#2101 = DIRECTION('',(0.,0.,1.));
#2102 = DIRECTION('',(1.,0.,-0.));
#2103 = ADVANCED_FACE('',(#2104),#2136,.F.);
#2104 = FACE_BOUND('',#2105,.F.);
#2105 = EDGE_LOOP('',(#2106,#2114,#2115,#2123,#2129,#2130));
#2106 = ORIENTED_EDGE('',*,*,#2107,.F.);
#2107 = EDGE_CURVE('',#1687,#2108,#2110,.T.);
#2108 = VERTEX_POINT('',#2109);
#2109 = CARTESIAN_POINT('',(3.68,-2.,5.1));
#2110 = LINE('',#2111,#2112);
#2111 = CARTESIAN_POINT('',(3.68,-104.6,5.1));
#2112 = VECTOR('',#2113,1.);
#2113 = DIRECTION('',(0.,1.,0.));
#2114 = ORIENTED_EDGE('',*,*,#1709,.F.);
#2115 = ORIENTED_EDGE('',*,*,#2116,.T.);
#2116 = EDGE_CURVE('',#1664,#2117,#2119,.T.);
#2117 = VERTEX_POINT('',#2118);
#2118 = CARTESIAN_POINT('',(6.48,-2.,5.1));
#2119 = LINE('',#2120,#2121);
#2120 = CARTESIAN_POINT('',(6.48,-104.6,5.1));
#2121 = VECTOR('',#2122,1.);
#2122 = DIRECTION('',(0.,1.,0.));
#2123 = ORIENTED_EDGE('',*,*,#2124,.F.);
#2124 = EDGE_CURVE('',#1325,#2117,#2125,.T.);
#2125 = LINE('',#2126,#2127);
#2126 = CARTESIAN_POINT('',(3.68,-2.,5.1));
#2127 = VECTOR('',#2128,1.);
#2128 = DIRECTION('',(1.,0.,0.));
#2129 = ORIENTED_EDGE('',*,*,#1324,.F.);
#2130 = ORIENTED_EDGE('',*,*,#2131,.F.);
#2131 = EDGE_CURVE('',#2108,#1316,#2132,.T.);
#2132 = LINE('',#2133,#2134);
#2133 = CARTESIAN_POINT('',(3.68,-2.,5.1));
#2134 = VECTOR('',#2135,1.);
#2135 = DIRECTION('',(1.,0.,0.));
#2136 = PLANE('',#2137);
#2137 = AXIS2_PLACEMENT_3D('',#2138,#2139,#2140);
#2138 = CARTESIAN_POINT('',(6.48,-104.6,5.1));
#2139 = DIRECTION('',(0.,0.,1.));
#2140 = DIRECTION('',(-1.,0.,0.));
#2141 = ADVANCED_FACE('',(#2142),#2168,.T.);
#2142 = FACE_BOUND('',#2143,.T.);
#2143 = EDGE_LOOP('',(#2144,#2155,#2161,#2162));
#2144 = ORIENTED_EDGE('',*,*,#2145,.F.);
#2145 = EDGE_CURVE('',#2146,#2148,#2150,.T.);
#2146 = VERTEX_POINT('',#2147);
#2147 = CARTESIAN_POINT('',(3.68,-1.484523257866,5.1));
#2148 = VERTEX_POINT('',#2149);
#2149 = CARTESIAN_POINT('',(4.47172374697,-2.,5.1));
#2150 = CIRCLE('',#2151,1.9);
#2151 = AXIS2_PLACEMENT_3D('',#2152,#2153,#2154);
#2152 = CARTESIAN_POINT('',(5.08,-0.2,5.1));
#2153 = DIRECTION('',(0.,0.,1.));
#2154 = DIRECTION('',(1.,0.,-0.));
#2155 = ORIENTED_EDGE('',*,*,#2156,.T.);
#2156 = EDGE_CURVE('',#2146,#1308,#2157,.T.);
#2157 = LINE('',#2158,#2159);
#2158 = CARTESIAN_POINT('',(3.68,2.,5.1));
#2159 = VECTOR('',#2160,1.);
#2160 = DIRECTION('',(0.,-1.,0.));
#2161 = ORIENTED_EDGE('',*,*,#1315,.T.);
#2162 = ORIENTED_EDGE('',*,*,#2163,.T.);
#2163 = EDGE_CURVE('',#1316,#2148,#2164,.T.);
#2164 = LINE('',#2165,#2166);
#2165 = CARTESIAN_POINT('',(3.68,-2.,5.1));
#2166 = VECTOR('',#2167,1.);
#2167 = DIRECTION('',(1.,0.,0.));
#2168 = PLANE('',#2169);
#2169 = AXIS2_PLACEMENT_3D('',#2170,#2171,#2172);
#2170 = CARTESIAN_POINT('',(5.08,0.,5.1));
#2171 = DIRECTION('',(0.,0.,1.));
#2172 = DIRECTION('',(1.,0.,-0.));
#2173 = ADVANCED_FACE('',(#2174),#2199,.F.);
#2174 = FACE_BOUND('',#2175,.F.);
#2175 = EDGE_LOOP('',(#2176,#2177,#2185,#2191,#2192,#2193));
#2176 = ORIENTED_EDGE('',*,*,#1290,.T.);
#2177 = ORIENTED_EDGE('',*,*,#2178,.T.);
#2178 = EDGE_CURVE('',#1282,#2179,#2181,.T.);
#2179 = VERTEX_POINT('',#2180);
#2180 = CARTESIAN_POINT('',(3.68,1.084523257866,5.1));
#2181 = LINE('',#2182,#2183);
#2182 = CARTESIAN_POINT('',(3.68,2.,5.1));
#2183 = VECTOR('',#2184,1.);
#2184 = DIRECTION('',(0.,-1.,0.));
#2185 = ORIENTED_EDGE('',*,*,#2186,.T.);
#2186 = EDGE_CURVE('',#2179,#2146,#2187,.T.);
#2187 = LINE('',#2188,#2189);
#2188 = CARTESIAN_POINT('',(3.68,2.,5.1));
#2189 = VECTOR('',#2190,1.);
#2190 = DIRECTION('',(0.,-1.,0.));
#2191 = ORIENTED_EDGE('',*,*,#2156,.T.);
#2192 = ORIENTED_EDGE('',*,*,#1307,.F.);
#2193 = ORIENTED_EDGE('',*,*,#2194,.F.);
#2194 = EDGE_CURVE('',#1291,#1299,#2195,.T.);
#2195 = LINE('',#2196,#2197);
#2196 = CARTESIAN_POINT('',(3.68,2.,2.4));
#2197 = VECTOR('',#2198,1.);
#2198 = DIRECTION('',(0.,-1.,0.));
#2199 = PLANE('',#2200);
#2200 = AXIS2_PLACEMENT_3D('',#2201,#2202,#2203);
#2201 = CARTESIAN_POINT('',(3.68,2.,2.4));
#2202 = DIRECTION('',(1.,0.,0.));
#2203 = DIRECTION('',(0.,-1.,0.));
#2204 = ADVANCED_FACE('',(#2205),#2209,.T.);
#2205 = FACE_BOUND('',#2206,.T.);
#2206 = EDGE_LOOP('',(#2207,#2208));
#2207 = ORIENTED_EDGE('',*,*,#1298,.T.);
#2208 = ORIENTED_EDGE('',*,*,#2194,.F.);
#2209 = PLANE('',#2210);
#2210 = AXIS2_PLACEMENT_3D('',#2211,#2212,#2213);
#2211 = CARTESIAN_POINT('',(5.08770491145,-1.265782005125,2.4));
#2212 = DIRECTION('',(-4.370286341272E-18,-9.017547605327E-17,1.));
#2213 = DIRECTION('',(-2.443323634935E-50,1.,9.017547605327E-17));
#2214 = ADVANCED_FACE('',(#2215),#2227,.T.);
#2215 = FACE_BOUND('',#2216,.T.);
#2216 = EDGE_LOOP('',(#2217,#2218,#2219,#2226));
#2217 = ORIENTED_EDGE('',*,*,#1281,.T.);
#2218 = ORIENTED_EDGE('',*,*,#2178,.T.);
#2219 = ORIENTED_EDGE('',*,*,#2220,.F.);
#2220 = EDGE_CURVE('',#2060,#2179,#2221,.T.);
#2221 = CIRCLE('',#2222,1.9);
#2222 = AXIS2_PLACEMENT_3D('',#2223,#2224,#2225);
#2223 = CARTESIAN_POINT('',(5.08,-0.2,5.1));
#2224 = DIRECTION('',(0.,0.,1.));
#2225 = DIRECTION('',(1.,0.,-0.));
#2226 = ORIENTED_EDGE('',*,*,#2067,.T.);
#2227 = PLANE('',#2228);
#2228 = AXIS2_PLACEMENT_3D('',#2229,#2230,#2231);
#2229 = CARTESIAN_POINT('',(5.08,0.,5.1));
#2230 = DIRECTION('',(0.,0.,1.));
#2231 = DIRECTION('',(1.,0.,-0.));
#2232 = ADVANCED_FACE('',(#2233),#2239,.F.);
#2233 = FACE_BOUND('',#2234,.F.);
#2234 = EDGE_LOOP('',(#2235,#2236,#2237,#2238));
#2235 = ORIENTED_EDGE('',*,*,#1451,.T.);
#2236 = ORIENTED_EDGE('',*,*,#1523,.T.);
#2237 = ORIENTED_EDGE('',*,*,#1506,.T.);
#2238 = ORIENTED_EDGE('',*,*,#1482,.T.);
#2239 = PLANE('',#2240);
#2240 = AXIS2_PLACEMENT_3D('',#2241,#2242,#2243);
#2241 = CARTESIAN_POINT('',(1.460819769244E-17,1.460819769244E-17,-3.5)
  );
#2242 = DIRECTION('',(0.,0.,1.));
#2243 = DIRECTION('',(1.,0.,-0.));
#2244 = ADVANCED_FACE('',(#2245),#2251,.F.);
#2245 = FACE_BOUND('',#2246,.F.);
#2246 = EDGE_LOOP('',(#2247,#2248,#2249,#2250));
#2247 = ORIENTED_EDGE('',*,*,#1547,.T.);
#2248 = ORIENTED_EDGE('',*,*,#1619,.T.);
#2249 = ORIENTED_EDGE('',*,*,#1602,.T.);
#2250 = ORIENTED_EDGE('',*,*,#1578,.T.);
#2251 = PLANE('',#2252);
#2252 = AXIS2_PLACEMENT_3D('',#2253,#2254,#2255);
#2253 = CARTESIAN_POINT('',(5.08,1.460819769244E-17,-3.5));
#2254 = DIRECTION('',(0.,0.,1.));
#2255 = DIRECTION('',(1.,0.,-0.));
#2256 = ADVANCED_FACE('',(#2257),#2282,.T.);
#2257 = FACE_BOUND('',#2258,.T.);
#2258 = EDGE_LOOP('',(#2259,#2267,#2268,#2276));
#2259 = ORIENTED_EDGE('',*,*,#2260,.F.);
#2260 = EDGE_CURVE('',#1635,#2261,#2263,.T.);
#2261 = VERTEX_POINT('',#2262);
#2262 = CARTESIAN_POINT('',(3.68,-2.,2.4));
#2263 = LINE('',#2264,#2265);
#2264 = CARTESIAN_POINT('',(3.68,-104.6,2.4));
#2265 = VECTOR('',#2266,1.);
#2266 = DIRECTION('',(0.,1.,0.));
#2267 = ORIENTED_EDGE('',*,*,#1634,.T.);
#2268 = ORIENTED_EDGE('',*,*,#2269,.T.);
#2269 = EDGE_CURVE('',#1637,#2270,#2272,.T.);
#2270 = VERTEX_POINT('',#2271);
#2271 = CARTESIAN_POINT('',(6.48,-2.,2.4));
#2272 = LINE('',#2273,#2274);
#2273 = CARTESIAN_POINT('',(6.48,-104.6,2.4));
#2274 = VECTOR('',#2275,1.);
#2275 = DIRECTION('',(0.,1.,0.));
#2276 = ORIENTED_EDGE('',*,*,#2277,.F.);
#2277 = EDGE_CURVE('',#2261,#2270,#2278,.T.);
#2278 = LINE('',#2279,#2280);
#2279 = CARTESIAN_POINT('',(3.68,-2.,2.4));
#2280 = VECTOR('',#2281,1.);
#2281 = DIRECTION('',(1.,0.,0.));
#2282 = PLANE('',#2283);
#2283 = AXIS2_PLACEMENT_3D('',#2284,#2285,#2286);
#2284 = CARTESIAN_POINT('',(5.08770491145,-1.265782005125,2.4));
#2285 = DIRECTION('',(-4.370286341272E-18,-9.017547605327E-17,1.));
#2286 = DIRECTION('',(-2.443323634935E-50,1.,9.017547605327E-17));
#2287 = ADVANCED_FACE('',(#2288),#2299,.F.);
#2288 = FACE_BOUND('',#2289,.F.);
#2289 = EDGE_LOOP('',(#2290,#2291,#2292,#2293));
#2290 = ORIENTED_EDGE('',*,*,#2116,.F.);
#2291 = ORIENTED_EDGE('',*,*,#1663,.F.);
#2292 = ORIENTED_EDGE('',*,*,#2269,.T.);
#2293 = ORIENTED_EDGE('',*,*,#2294,.T.);
#2294 = EDGE_CURVE('',#2270,#2117,#2295,.T.);
#2295 = LINE('',#2296,#2297);
#2296 = CARTESIAN_POINT('',(6.48,-2.,2.4));
#2297 = VECTOR('',#2298,1.);
#2298 = DIRECTION('',(0.,0.,1.));
#2299 = PLANE('',#2300);
#2300 = AXIS2_PLACEMENT_3D('',#2301,#2302,#2303);
#2301 = CARTESIAN_POINT('',(6.48,-104.6,2.4));
#2302 = DIRECTION('',(1.,0.,0.));
#2303 = DIRECTION('',(0.,0.,1.));
#2304 = ADVANCED_FACE('',(#2305),#2316,.F.);
#2305 = FACE_BOUND('',#2306,.F.);
#2306 = EDGE_LOOP('',(#2307,#2308,#2309,#2310));
#2307 = ORIENTED_EDGE('',*,*,#2260,.F.);
#2308 = ORIENTED_EDGE('',*,*,#1686,.F.);
#2309 = ORIENTED_EDGE('',*,*,#2107,.T.);
#2310 = ORIENTED_EDGE('',*,*,#2311,.F.);
#2311 = EDGE_CURVE('',#2261,#2108,#2312,.T.);
#2312 = LINE('',#2313,#2314);
#2313 = CARTESIAN_POINT('',(3.68,-2.,2.4));
#2314 = VECTOR('',#2315,1.);
#2315 = DIRECTION('',(0.,0.,1.));
#2316 = PLANE('',#2317);
#2317 = AXIS2_PLACEMENT_3D('',#2318,#2319,#2320);
#2318 = CARTESIAN_POINT('',(3.68,-104.6,5.1));
#2319 = DIRECTION('',(-1.,-0.,-0.));
#2320 = DIRECTION('',(0.,0.,-1.));
#2321 = ADVANCED_FACE('',(#2322),#2347,.T.);
#2322 = FACE_BOUND('',#2323,.T.);
#2323 = EDGE_LOOP('',(#2324,#2332,#2333,#2341));
#2324 = ORIENTED_EDGE('',*,*,#2325,.F.);
#2325 = EDGE_CURVE('',#1727,#2326,#2328,.T.);
#2326 = VERTEX_POINT('',#2327);
#2327 = CARTESIAN_POINT('',(-1.4,-2.,2.4));
#2328 = LINE('',#2329,#2330);
#2329 = CARTESIAN_POINT('',(-1.4,-104.6,2.4));
#2330 = VECTOR('',#2331,1.);
#2331 = DIRECTION('',(0.,1.,0.));
#2332 = ORIENTED_EDGE('',*,*,#1726,.T.);
#2333 = ORIENTED_EDGE('',*,*,#2334,.T.);
#2334 = EDGE_CURVE('',#1729,#2335,#2337,.T.);
#2335 = VERTEX_POINT('',#2336);
#2336 = CARTESIAN_POINT('',(1.4,-2.,2.4));
#2337 = LINE('',#2338,#2339);
#2338 = CARTESIAN_POINT('',(1.4,-104.6,2.4));
#2339 = VECTOR('',#2340,1.);
#2340 = DIRECTION('',(0.,1.,0.));
#2341 = ORIENTED_EDGE('',*,*,#2342,.F.);
#2342 = EDGE_CURVE('',#2326,#2335,#2343,.T.);
#2343 = LINE('',#2344,#2345);
#2344 = CARTESIAN_POINT('',(-1.4,-2.,2.4));
#2345 = VECTOR('',#2346,1.);
#2346 = DIRECTION('',(1.,0.,0.));
#2347 = PLANE('',#2348);
#2348 = AXIS2_PLACEMENT_3D('',#2349,#2350,#2351);
#2349 = CARTESIAN_POINT('',(7.70491144959E-03,-1.265782005125,2.4));
#2350 = DIRECTION('',(-4.370286341272E-18,-9.017547605327E-17,1.));
#2351 = DIRECTION('',(-2.443323634935E-50,1.,9.017547605327E-17));
#2352 = ADVANCED_FACE('',(#2353),#2364,.F.);
#2353 = FACE_BOUND('',#2354,.F.);
#2354 = EDGE_LOOP('',(#2355,#2356,#2357,#2358));
#2355 = ORIENTED_EDGE('',*,*,#1913,.F.);
#2356 = ORIENTED_EDGE('',*,*,#1755,.F.);
#2357 = ORIENTED_EDGE('',*,*,#2334,.T.);
#2358 = ORIENTED_EDGE('',*,*,#2359,.T.);
#2359 = EDGE_CURVE('',#2335,#1914,#2360,.T.);
#2360 = LINE('',#2361,#2362);
#2361 = CARTESIAN_POINT('',(1.4,-2.,2.4));
#2362 = VECTOR('',#2363,1.);
#2363 = DIRECTION('',(0.,0.,1.));
#2364 = PLANE('',#2365);
#2365 = AXIS2_PLACEMENT_3D('',#2366,#2367,#2368);
#2366 = CARTESIAN_POINT('',(1.4,-104.6,2.4));
#2367 = DIRECTION('',(1.,0.,0.));
#2368 = DIRECTION('',(0.,0.,1.));
#2369 = ADVANCED_FACE('',(#2370),#2381,.F.);
#2370 = FACE_BOUND('',#2371,.F.);
#2371 = EDGE_LOOP('',(#2372,#2373,#2374,#2375));
#2372 = ORIENTED_EDGE('',*,*,#2325,.F.);
#2373 = ORIENTED_EDGE('',*,*,#1778,.F.);
#2374 = ORIENTED_EDGE('',*,*,#1904,.T.);
#2375 = ORIENTED_EDGE('',*,*,#2376,.F.);
#2376 = EDGE_CURVE('',#2326,#1905,#2377,.T.);
#2377 = LINE('',#2378,#2379);
#2378 = CARTESIAN_POINT('',(-1.4,-2.,2.4));
#2379 = VECTOR('',#2380,1.);
#2380 = DIRECTION('',(0.,0.,1.));
#2381 = PLANE('',#2382);
#2382 = AXIS2_PLACEMENT_3D('',#2383,#2384,#2385);
#2383 = CARTESIAN_POINT('',(-1.4,-104.6,5.1));
#2384 = DIRECTION('',(-1.,-0.,-0.));
#2385 = DIRECTION('',(0.,0.,-1.));
#2386 = ADVANCED_FACE('',(#2387),#2406,.F.);
#2387 = FACE_BOUND('',#2388,.F.);
#2388 = EDGE_LOOP('',(#2389,#2398,#2405));
#2389 = ORIENTED_EDGE('',*,*,#2390,.T.);
#2390 = EDGE_CURVE('',#1849,#2391,#2393,.T.);
#2391 = VERTEX_POINT('',#2392);
#2392 = CARTESIAN_POINT('',(1.9,-0.2,5.1));
#2393 = CIRCLE('',#2394,1.9);
#2394 = AXIS2_PLACEMENT_3D('',#2395,#2396,#2397);
#2395 = CARTESIAN_POINT('',(0.,-0.2,5.1));
#2396 = DIRECTION('',(0.,0.,1.));
#2397 = DIRECTION('',(1.,0.,-0.));
#2398 = ORIENTED_EDGE('',*,*,#2399,.T.);
#2399 = EDGE_CURVE('',#2391,#1857,#2400,.T.);
#2400 = CIRCLE('',#2401,1.9);
#2401 = AXIS2_PLACEMENT_3D('',#2402,#2403,#2404);
#2402 = CARTESIAN_POINT('',(0.,-0.2,5.1));
#2403 = DIRECTION('',(0.,0.,1.));
#2404 = DIRECTION('',(1.,0.,-0.));
#2405 = ORIENTED_EDGE('',*,*,#1856,.F.);
#2406 = PLANE('',#2407);
#2407 = AXIS2_PLACEMENT_3D('',#2408,#2409,#2410);
#2408 = CARTESIAN_POINT('',(-1.799263332289E-16,-0.2,5.1));
#2409 = DIRECTION('',(0.,0.,1.));
#2410 = DIRECTION('',(1.,0.,-0.));
#2411 = ADVANCED_FACE('',(#2412),#2517,.T.);
#2412 = FACE_BOUND('',#2413,.T.);
#2413 = EDGE_LOOP('',(#2414,#2425,#2433,#2442,#2450,#2459,#2467,#2476,
    #2484,#2491,#2497,#2498,#2499,#2506,#2507,#2514,#2515,#2516));
#2414 = ORIENTED_EDGE('',*,*,#2415,.F.);
#2415 = EDGE_CURVE('',#2416,#2418,#2420,.T.);
#2416 = VERTEX_POINT('',#2417);
#2417 = CARTESIAN_POINT('',(0.35,-2.067484939698,13.6));
#2418 = VERTEX_POINT('',#2419);
#2419 = CARTESIAN_POINT('',(1.9,-0.2,13.6));
#2420 = CIRCLE('',#2421,1.9);
#2421 = AXIS2_PLACEMENT_3D('',#2422,#2423,#2424);
#2422 = CARTESIAN_POINT('',(0.,-0.2,13.6));
#2423 = DIRECTION('',(0.,0.,1.));
#2424 = DIRECTION('',(1.,0.,-0.));
#2425 = ORIENTED_EDGE('',*,*,#2426,.T.);
#2426 = EDGE_CURVE('',#2416,#2427,#2429,.T.);
#2427 = VERTEX_POINT('',#2428);
#2428 = CARTESIAN_POINT('',(0.35,-2.067484939698,12.9));
#2429 = LINE('',#2430,#2431);
#2430 = CARTESIAN_POINT('',(0.35,-2.067484939698,5.1));
#2431 = VECTOR('',#2432,1.);
#2432 = DIRECTION('',(-0.,-0.,-1.));
#2433 = ORIENTED_EDGE('',*,*,#2434,.T.);
#2434 = EDGE_CURVE('',#2427,#2435,#2437,.T.);
#2435 = VERTEX_POINT('',#2436);
#2436 = CARTESIAN_POINT('',(-0.35,-2.067484939698,12.9));
#2437 = CIRCLE('',#2438,1.9);
#2438 = AXIS2_PLACEMENT_3D('',#2439,#2440,#2441);
#2439 = CARTESIAN_POINT('',(0.,-0.2,12.9));
#2440 = DIRECTION('',(0.,0.,-1.));
#2441 = DIRECTION('',(1.,0.,0.));
#2442 = ORIENTED_EDGE('',*,*,#2443,.F.);
#2443 = EDGE_CURVE('',#2444,#2435,#2446,.T.);
#2444 = VERTEX_POINT('',#2445);
#2445 = CARTESIAN_POINT('',(-0.35,-2.067484939698,13.6));
#2446 = LINE('',#2447,#2448);
#2447 = CARTESIAN_POINT('',(-0.35,-2.067484939698,5.1));
#2448 = VECTOR('',#2449,1.);
#2449 = DIRECTION('',(-0.,-0.,-1.));
#2450 = ORIENTED_EDGE('',*,*,#2451,.F.);
#2451 = EDGE_CURVE('',#2452,#2444,#2454,.T.);
#2452 = VERTEX_POINT('',#2453);
#2453 = CARTESIAN_POINT('',(-0.35,1.667484939698,13.6));
#2454 = CIRCLE('',#2455,1.9);
#2455 = AXIS2_PLACEMENT_3D('',#2456,#2457,#2458);
#2456 = CARTESIAN_POINT('',(0.,-0.2,13.6));
#2457 = DIRECTION('',(0.,0.,1.));
#2458 = DIRECTION('',(1.,0.,-0.));
#2459 = ORIENTED_EDGE('',*,*,#2460,.T.);
#2460 = EDGE_CURVE('',#2452,#2461,#2463,.T.);
#2461 = VERTEX_POINT('',#2462);
#2462 = CARTESIAN_POINT('',(-0.35,1.667484939698,12.9));
#2463 = LINE('',#2464,#2465);
#2464 = CARTESIAN_POINT('',(-0.35,1.667484939698,5.1));
#2465 = VECTOR('',#2466,1.);
#2466 = DIRECTION('',(-0.,-0.,-1.));
#2467 = ORIENTED_EDGE('',*,*,#2468,.T.);
#2468 = EDGE_CURVE('',#2461,#2469,#2471,.T.);
#2469 = VERTEX_POINT('',#2470);
#2470 = CARTESIAN_POINT('',(0.35,1.667484939698,12.9));
#2471 = CIRCLE('',#2472,1.9);
#2472 = AXIS2_PLACEMENT_3D('',#2473,#2474,#2475);
#2473 = CARTESIAN_POINT('',(0.,-0.2,12.9));
#2474 = DIRECTION('',(0.,0.,-1.));
#2475 = DIRECTION('',(1.,0.,0.));
#2476 = ORIENTED_EDGE('',*,*,#2477,.F.);
#2477 = EDGE_CURVE('',#2478,#2469,#2480,.T.);
#2478 = VERTEX_POINT('',#2479);
#2479 = CARTESIAN_POINT('',(0.35,1.667484939698,13.6));
#2480 = LINE('',#2481,#2482);
#2481 = CARTESIAN_POINT('',(0.35,1.667484939698,5.1));
#2482 = VECTOR('',#2483,1.);
#2483 = DIRECTION('',(-0.,-0.,-1.));
#2484 = ORIENTED_EDGE('',*,*,#2485,.F.);
#2485 = EDGE_CURVE('',#2418,#2478,#2486,.T.);
#2486 = CIRCLE('',#2487,1.9);
#2487 = AXIS2_PLACEMENT_3D('',#2488,#2489,#2490);
#2488 = CARTESIAN_POINT('',(0.,-0.2,13.6));
#2489 = DIRECTION('',(0.,0.,1.));
#2490 = DIRECTION('',(1.,0.,-0.));
#2491 = ORIENTED_EDGE('',*,*,#2492,.F.);
#2492 = EDGE_CURVE('',#2391,#2418,#2493,.T.);
#2493 = LINE('',#2494,#2495);
#2494 = CARTESIAN_POINT('',(1.9,-0.2,5.1));
#2495 = VECTOR('',#2496,1.);
#2496 = DIRECTION('',(0.,0.,1.));
#2497 = ORIENTED_EDGE('',*,*,#2399,.T.);
#2498 = ORIENTED_EDGE('',*,*,#2017,.T.);
#2499 = ORIENTED_EDGE('',*,*,#2500,.T.);
#2500 = EDGE_CURVE('',#1976,#1943,#2501,.T.);
#2501 = CIRCLE('',#2502,1.9);
#2502 = AXIS2_PLACEMENT_3D('',#2503,#2504,#2505);
#2503 = CARTESIAN_POINT('',(0.,-0.2,5.1));
#2504 = DIRECTION('',(0.,0.,1.));
#2505 = DIRECTION('',(1.,0.,-0.));
#2506 = ORIENTED_EDGE('',*,*,#1942,.T.);
#2507 = ORIENTED_EDGE('',*,*,#2508,.T.);
#2508 = EDGE_CURVE('',#1945,#1880,#2509,.T.);
#2509 = CIRCLE('',#2510,1.9);
#2510 = AXIS2_PLACEMENT_3D('',#2511,#2512,#2513);
#2511 = CARTESIAN_POINT('',(0.,-0.2,5.1));
#2512 = DIRECTION('',(0.,0.,1.));
#2513 = DIRECTION('',(1.,0.,-0.));
#2514 = ORIENTED_EDGE('',*,*,#1879,.T.);
#2515 = ORIENTED_EDGE('',*,*,#2390,.T.);
#2516 = ORIENTED_EDGE('',*,*,#2492,.T.);
#2517 = CYLINDRICAL_SURFACE('',#2518,1.9);
#2518 = AXIS2_PLACEMENT_3D('',#2519,#2520,#2521);
#2519 = CARTESIAN_POINT('',(0.,-0.2,5.1));
#2520 = DIRECTION('',(-0.,-0.,-1.));
#2521 = DIRECTION('',(1.,0.,0.));
#2522 = ADVANCED_FACE('',(#2523,#2538),#2572,.F.);
#2523 = FACE_BOUND('',#2524,.F.);
#2524 = EDGE_LOOP('',(#2525,#2526,#2527,#2528,#2534,#2535,#2536,#2537));
#2525 = ORIENTED_EDGE('',*,*,#2376,.T.);
#2526 = ORIENTED_EDGE('',*,*,#1928,.T.);
#2527 = ORIENTED_EDGE('',*,*,#1960,.T.);
#2528 = ORIENTED_EDGE('',*,*,#2529,.T.);
#2529 = EDGE_CURVE('',#1945,#1880,#2530,.T.);
#2530 = LINE('',#2531,#2532);
#2531 = CARTESIAN_POINT('',(-1.4,-2.,5.1));
#2532 = VECTOR('',#2533,1.);
#2533 = DIRECTION('',(1.,0.,0.));
#2534 = ORIENTED_EDGE('',*,*,#1888,.T.);
#2535 = ORIENTED_EDGE('',*,*,#1921,.T.);
#2536 = ORIENTED_EDGE('',*,*,#2359,.F.);
#2537 = ORIENTED_EDGE('',*,*,#2342,.F.);
#2538 = FACE_BOUND('',#2539,.F.);
#2539 = EDGE_LOOP('',(#2540,#2550,#2558,#2566));
#2540 = ORIENTED_EDGE('',*,*,#2541,.T.);
#2541 = EDGE_CURVE('',#2542,#2544,#2546,.T.);
#2542 = VERTEX_POINT('',#2543);
#2543 = CARTESIAN_POINT('',(-1.25,-2.,5.));
#2544 = VERTEX_POINT('',#2545);
#2545 = CARTESIAN_POINT('',(-1.25,-2.,2.5));
#2546 = LINE('',#2547,#2548);
#2547 = CARTESIAN_POINT('',(-1.25,-2.,5.));
#2548 = VECTOR('',#2549,1.);
#2549 = DIRECTION('',(0.,0.,-1.));
#2550 = ORIENTED_EDGE('',*,*,#2551,.T.);
#2551 = EDGE_CURVE('',#2544,#2552,#2554,.T.);
#2552 = VERTEX_POINT('',#2553);
#2553 = CARTESIAN_POINT('',(1.25,-2.,2.5));
#2554 = LINE('',#2555,#2556);
#2555 = CARTESIAN_POINT('',(-1.25,-2.,2.5));
#2556 = VECTOR('',#2557,1.);
#2557 = DIRECTION('',(1.,0.,0.));
#2558 = ORIENTED_EDGE('',*,*,#2559,.T.);
#2559 = EDGE_CURVE('',#2552,#2560,#2562,.T.);
#2560 = VERTEX_POINT('',#2561);
#2561 = CARTESIAN_POINT('',(1.25,-2.,5.));
#2562 = LINE('',#2563,#2564);
#2563 = CARTESIAN_POINT('',(1.25,-2.,2.5));
#2564 = VECTOR('',#2565,1.);
#2565 = DIRECTION('',(0.,0.,1.));
#2566 = ORIENTED_EDGE('',*,*,#2567,.T.);
#2567 = EDGE_CURVE('',#2560,#2542,#2568,.T.);
#2568 = LINE('',#2569,#2570);
#2569 = CARTESIAN_POINT('',(1.25,-2.,5.));
#2570 = VECTOR('',#2571,1.);
#2571 = DIRECTION('',(-1.,0.,0.));
#2572 = PLANE('',#2573);
#2573 = AXIS2_PLACEMENT_3D('',#2574,#2575,#2576);
#2574 = CARTESIAN_POINT('',(-1.4,-2.,2.4));
#2575 = DIRECTION('',(0.,1.,0.));
#2576 = DIRECTION('',(1.,0.,0.));
#2577 = ADVANCED_FACE('',(#2578),#2582,.F.);
#2578 = FACE_BOUND('',#2579,.F.);
#2579 = EDGE_LOOP('',(#2580,#2581));
#2580 = ORIENTED_EDGE('',*,*,#1983,.F.);
#2581 = ORIENTED_EDGE('',*,*,#2500,.T.);
#2582 = PLANE('',#2583);
#2583 = AXIS2_PLACEMENT_3D('',#2584,#2585,#2586);
#2584 = CARTESIAN_POINT('',(-1.799263332289E-16,-0.2,5.1));
#2585 = DIRECTION('',(0.,0.,1.));
#2586 = DIRECTION('',(1.,0.,-0.));
#2587 = ADVANCED_FACE('',(#2588),#2607,.F.);
#2588 = FACE_BOUND('',#2589,.F.);
#2589 = EDGE_LOOP('',(#2590,#2599,#2606));
#2590 = ORIENTED_EDGE('',*,*,#2591,.T.);
#2591 = EDGE_CURVE('',#2052,#2592,#2594,.T.);
#2592 = VERTEX_POINT('',#2593);
#2593 = CARTESIAN_POINT('',(6.98,-0.2,5.1));
#2594 = CIRCLE('',#2595,1.9);
#2595 = AXIS2_PLACEMENT_3D('',#2596,#2597,#2598);
#2596 = CARTESIAN_POINT('',(5.08,-0.2,5.1));
#2597 = DIRECTION('',(0.,0.,1.));
#2598 = DIRECTION('',(1.,0.,-0.));
#2599 = ORIENTED_EDGE('',*,*,#2600,.T.);
#2600 = EDGE_CURVE('',#2592,#2060,#2601,.T.);
#2601 = CIRCLE('',#2602,1.9);
#2602 = AXIS2_PLACEMENT_3D('',#2603,#2604,#2605);
#2603 = CARTESIAN_POINT('',(5.08,-0.2,5.1));
#2604 = DIRECTION('',(0.,0.,1.));
#2605 = DIRECTION('',(1.,0.,-0.));
#2606 = ORIENTED_EDGE('',*,*,#2059,.F.);
#2607 = PLANE('',#2608);
#2608 = AXIS2_PLACEMENT_3D('',#2609,#2610,#2611);
#2609 = CARTESIAN_POINT('',(5.08,-0.2,5.1));
#2610 = DIRECTION('',(0.,0.,1.));
#2611 = DIRECTION('',(1.,0.,-0.));
#2612 = ADVANCED_FACE('',(#2613),#2718,.T.);
#2613 = FACE_BOUND('',#2614,.T.);
#2614 = EDGE_LOOP('',(#2615,#2626,#2634,#2643,#2651,#2660,#2668,#2677,
    #2685,#2692,#2698,#2699,#2700,#2707,#2708,#2715,#2716,#2717));
#2615 = ORIENTED_EDGE('',*,*,#2616,.F.);
#2616 = EDGE_CURVE('',#2617,#2619,#2621,.T.);
#2617 = VERTEX_POINT('',#2618);
#2618 = CARTESIAN_POINT('',(5.43,-2.067484939698,13.6));
#2619 = VERTEX_POINT('',#2620);
#2620 = CARTESIAN_POINT('',(6.98,-0.2,13.6));
#2621 = CIRCLE('',#2622,1.9);
#2622 = AXIS2_PLACEMENT_3D('',#2623,#2624,#2625);
#2623 = CARTESIAN_POINT('',(5.08,-0.2,13.6));
#2624 = DIRECTION('',(0.,0.,1.));
#2625 = DIRECTION('',(1.,0.,-0.));
#2626 = ORIENTED_EDGE('',*,*,#2627,.T.);
#2627 = EDGE_CURVE('',#2617,#2628,#2630,.T.);
#2628 = VERTEX_POINT('',#2629);
#2629 = CARTESIAN_POINT('',(5.43,-2.067484939698,12.9));
#2630 = LINE('',#2631,#2632);
#2631 = CARTESIAN_POINT('',(5.43,-2.067484939698,5.1));
#2632 = VECTOR('',#2633,1.);
#2633 = DIRECTION('',(-0.,-0.,-1.));
#2634 = ORIENTED_EDGE('',*,*,#2635,.T.);
#2635 = EDGE_CURVE('',#2628,#2636,#2638,.T.);
#2636 = VERTEX_POINT('',#2637);
#2637 = CARTESIAN_POINT('',(4.73,-2.067484939698,12.9));
#2638 = CIRCLE('',#2639,1.9);
#2639 = AXIS2_PLACEMENT_3D('',#2640,#2641,#2642);
#2640 = CARTESIAN_POINT('',(5.08,-0.2,12.9));
#2641 = DIRECTION('',(0.,0.,-1.));
#2642 = DIRECTION('',(1.,0.,0.));
#2643 = ORIENTED_EDGE('',*,*,#2644,.F.);
#2644 = EDGE_CURVE('',#2645,#2636,#2647,.T.);
#2645 = VERTEX_POINT('',#2646);
#2646 = CARTESIAN_POINT('',(4.73,-2.067484939698,13.6));
#2647 = LINE('',#2648,#2649);
#2648 = CARTESIAN_POINT('',(4.73,-2.067484939698,5.1));
#2649 = VECTOR('',#2650,1.);
#2650 = DIRECTION('',(-0.,-0.,-1.));
#2651 = ORIENTED_EDGE('',*,*,#2652,.F.);
#2652 = EDGE_CURVE('',#2653,#2645,#2655,.T.);
#2653 = VERTEX_POINT('',#2654);
#2654 = CARTESIAN_POINT('',(4.73,1.667484939698,13.6));
#2655 = CIRCLE('',#2656,1.9);
#2656 = AXIS2_PLACEMENT_3D('',#2657,#2658,#2659);
#2657 = CARTESIAN_POINT('',(5.08,-0.2,13.6));
#2658 = DIRECTION('',(0.,0.,1.));
#2659 = DIRECTION('',(1.,0.,-0.));
#2660 = ORIENTED_EDGE('',*,*,#2661,.T.);
#2661 = EDGE_CURVE('',#2653,#2662,#2664,.T.);
#2662 = VERTEX_POINT('',#2663);
#2663 = CARTESIAN_POINT('',(4.73,1.667484939698,12.9));
#2664 = LINE('',#2665,#2666);
#2665 = CARTESIAN_POINT('',(4.73,1.667484939698,5.1));
#2666 = VECTOR('',#2667,1.);
#2667 = DIRECTION('',(-0.,-0.,-1.));
#2668 = ORIENTED_EDGE('',*,*,#2669,.T.);
#2669 = EDGE_CURVE('',#2662,#2670,#2672,.T.);
#2670 = VERTEX_POINT('',#2671);
#2671 = CARTESIAN_POINT('',(5.43,1.667484939698,12.9));
#2672 = CIRCLE('',#2673,1.9);
#2673 = AXIS2_PLACEMENT_3D('',#2674,#2675,#2676);
#2674 = CARTESIAN_POINT('',(5.08,-0.2,12.9));
#2675 = DIRECTION('',(0.,0.,-1.));
#2676 = DIRECTION('',(1.,0.,0.));
#2677 = ORIENTED_EDGE('',*,*,#2678,.F.);
#2678 = EDGE_CURVE('',#2679,#2670,#2681,.T.);
#2679 = VERTEX_POINT('',#2680);
#2680 = CARTESIAN_POINT('',(5.43,1.667484939698,13.6));
#2681 = LINE('',#2682,#2683);
#2682 = CARTESIAN_POINT('',(5.43,1.667484939698,5.1));
#2683 = VECTOR('',#2684,1.);
#2684 = DIRECTION('',(-0.,-0.,-1.));
#2685 = ORIENTED_EDGE('',*,*,#2686,.F.);
#2686 = EDGE_CURVE('',#2619,#2679,#2687,.T.);
#2687 = CIRCLE('',#2688,1.9);
#2688 = AXIS2_PLACEMENT_3D('',#2689,#2690,#2691);
#2689 = CARTESIAN_POINT('',(5.08,-0.2,13.6));
#2690 = DIRECTION('',(0.,0.,1.));
#2691 = DIRECTION('',(1.,0.,-0.));
#2692 = ORIENTED_EDGE('',*,*,#2693,.F.);
#2693 = EDGE_CURVE('',#2592,#2619,#2694,.T.);
#2694 = LINE('',#2695,#2696);
#2695 = CARTESIAN_POINT('',(6.98,-0.2,5.1));
#2696 = VECTOR('',#2697,1.);
#2697 = DIRECTION('',(0.,0.,1.));
#2698 = ORIENTED_EDGE('',*,*,#2600,.T.);
#2699 = ORIENTED_EDGE('',*,*,#2220,.T.);
#2700 = ORIENTED_EDGE('',*,*,#2701,.T.);
#2701 = EDGE_CURVE('',#2179,#2146,#2702,.T.);
#2702 = CIRCLE('',#2703,1.9);
#2703 = AXIS2_PLACEMENT_3D('',#2704,#2705,#2706);
#2704 = CARTESIAN_POINT('',(5.08,-0.2,5.1));
#2705 = DIRECTION('',(0.,0.,1.));
#2706 = DIRECTION('',(1.,0.,-0.));
#2707 = ORIENTED_EDGE('',*,*,#2145,.T.);
#2708 = ORIENTED_EDGE('',*,*,#2709,.T.);
#2709 = EDGE_CURVE('',#2148,#2083,#2710,.T.);
#2710 = CIRCLE('',#2711,1.9);
#2711 = AXIS2_PLACEMENT_3D('',#2712,#2713,#2714);
#2712 = CARTESIAN_POINT('',(5.08,-0.2,5.1));
#2713 = DIRECTION('',(0.,0.,1.));
#2714 = DIRECTION('',(1.,0.,-0.));
#2715 = ORIENTED_EDGE('',*,*,#2082,.T.);
#2716 = ORIENTED_EDGE('',*,*,#2591,.T.);
#2717 = ORIENTED_EDGE('',*,*,#2693,.T.);
#2718 = CYLINDRICAL_SURFACE('',#2719,1.9);
#2719 = AXIS2_PLACEMENT_3D('',#2720,#2721,#2722);
#2720 = CARTESIAN_POINT('',(5.08,-0.2,5.1));
#2721 = DIRECTION('',(-0.,-0.,-1.));
#2722 = DIRECTION('',(1.,0.,0.));
#2723 = ADVANCED_FACE('',(#2724,#2739),#2773,.F.);
#2724 = FACE_BOUND('',#2725,.F.);
#2725 = EDGE_LOOP('',(#2726,#2727,#2728,#2729,#2735,#2736,#2737,#2738));
#2726 = ORIENTED_EDGE('',*,*,#2311,.T.);
#2727 = ORIENTED_EDGE('',*,*,#2131,.T.);
#2728 = ORIENTED_EDGE('',*,*,#2163,.T.);
#2729 = ORIENTED_EDGE('',*,*,#2730,.T.);
#2730 = EDGE_CURVE('',#2148,#2083,#2731,.T.);
#2731 = LINE('',#2732,#2733);
#2732 = CARTESIAN_POINT('',(3.68,-2.,5.1));
#2733 = VECTOR('',#2734,1.);
#2734 = DIRECTION('',(1.,0.,0.));
#2735 = ORIENTED_EDGE('',*,*,#2091,.T.);
#2736 = ORIENTED_EDGE('',*,*,#2124,.T.);
#2737 = ORIENTED_EDGE('',*,*,#2294,.F.);
#2738 = ORIENTED_EDGE('',*,*,#2277,.F.);
#2739 = FACE_BOUND('',#2740,.F.);
#2740 = EDGE_LOOP('',(#2741,#2751,#2759,#2767));
#2741 = ORIENTED_EDGE('',*,*,#2742,.T.);
#2742 = EDGE_CURVE('',#2743,#2745,#2747,.T.);
#2743 = VERTEX_POINT('',#2744);
#2744 = CARTESIAN_POINT('',(3.83,-2.,5.));
#2745 = VERTEX_POINT('',#2746);
#2746 = CARTESIAN_POINT('',(3.83,-2.,2.5));
#2747 = LINE('',#2748,#2749);
#2748 = CARTESIAN_POINT('',(3.83,-2.,5.));
#2749 = VECTOR('',#2750,1.);
#2750 = DIRECTION('',(0.,0.,-1.));
#2751 = ORIENTED_EDGE('',*,*,#2752,.T.);
#2752 = EDGE_CURVE('',#2745,#2753,#2755,.T.);
#2753 = VERTEX_POINT('',#2754);
#2754 = CARTESIAN_POINT('',(6.33,-2.,2.5));
#2755 = LINE('',#2756,#2757);
#2756 = CARTESIAN_POINT('',(3.83,-2.,2.5));
#2757 = VECTOR('',#2758,1.);
#2758 = DIRECTION('',(1.,0.,0.));
#2759 = ORIENTED_EDGE('',*,*,#2760,.T.);
#2760 = EDGE_CURVE('',#2753,#2761,#2763,.T.);
#2761 = VERTEX_POINT('',#2762);
#2762 = CARTESIAN_POINT('',(6.33,-2.,5.));
#2763 = LINE('',#2764,#2765);
#2764 = CARTESIAN_POINT('',(6.33,-2.,2.5));
#2765 = VECTOR('',#2766,1.);
#2766 = DIRECTION('',(0.,0.,1.));
#2767 = ORIENTED_EDGE('',*,*,#2768,.T.);
#2768 = EDGE_CURVE('',#2761,#2743,#2769,.T.);
#2769 = LINE('',#2770,#2771);
#2770 = CARTESIAN_POINT('',(6.33,-2.,5.));
#2771 = VECTOR('',#2772,1.);
#2772 = DIRECTION('',(-1.,0.,0.));
#2773 = PLANE('',#2774);
#2774 = AXIS2_PLACEMENT_3D('',#2775,#2776,#2777);
#2775 = CARTESIAN_POINT('',(3.68,-2.,2.4));
#2776 = DIRECTION('',(0.,1.,0.));
#2777 = DIRECTION('',(1.,0.,0.));
#2778 = ADVANCED_FACE('',(#2779),#2783,.F.);
#2779 = FACE_BOUND('',#2780,.F.);
#2780 = EDGE_LOOP('',(#2781,#2782));
#2781 = ORIENTED_EDGE('',*,*,#2186,.F.);
#2782 = ORIENTED_EDGE('',*,*,#2701,.T.);
#2783 = PLANE('',#2784);
#2784 = AXIS2_PLACEMENT_3D('',#2785,#2786,#2787);
#2785 = CARTESIAN_POINT('',(5.08,-0.2,5.1));
#2786 = DIRECTION('',(0.,0.,1.));
#2787 = DIRECTION('',(1.,0.,-0.));
#2788 = ADVANCED_FACE('',(#2789),#2799,.T.);
#2789 = FACE_BOUND('',#2790,.T.);
#2790 = EDGE_LOOP('',(#2791,#2792,#2793));
#2791 = ORIENTED_EDGE('',*,*,#2415,.T.);
#2792 = ORIENTED_EDGE('',*,*,#2485,.T.);
#2793 = ORIENTED_EDGE('',*,*,#2794,.F.);
#2794 = EDGE_CURVE('',#2416,#2478,#2795,.T.);
#2795 = LINE('',#2796,#2797);
#2796 = CARTESIAN_POINT('',(0.35,-2.2,13.6));
#2797 = VECTOR('',#2798,1.);
#2798 = DIRECTION('',(0.,1.,0.));
#2799 = PLANE('',#2800);
#2800 = AXIS2_PLACEMENT_3D('',#2801,#2802,#2803);
#2801 = CARTESIAN_POINT('',(-1.799263332289E-16,-0.2,13.6));
#2802 = DIRECTION('',(0.,0.,1.));
#2803 = DIRECTION('',(1.,0.,-0.));
#2804 = ADVANCED_FACE('',(#2805),#2816,.F.);
#2805 = FACE_BOUND('',#2806,.F.);
#2806 = EDGE_LOOP('',(#2807,#2808,#2809,#2815));
#2807 = ORIENTED_EDGE('',*,*,#2794,.F.);
#2808 = ORIENTED_EDGE('',*,*,#2426,.T.);
#2809 = ORIENTED_EDGE('',*,*,#2810,.T.);
#2810 = EDGE_CURVE('',#2427,#2469,#2811,.T.);
#2811 = LINE('',#2812,#2813);
#2812 = CARTESIAN_POINT('',(0.35,-2.2,12.9));
#2813 = VECTOR('',#2814,1.);
#2814 = DIRECTION('',(0.,1.,0.));
#2815 = ORIENTED_EDGE('',*,*,#2477,.F.);
#2816 = PLANE('',#2817);
#2817 = AXIS2_PLACEMENT_3D('',#2818,#2819,#2820);
#2818 = CARTESIAN_POINT('',(0.35,-2.2,13.6));
#2819 = DIRECTION('',(1.,0.,0.));
#2820 = DIRECTION('',(-0.,1.,0.));
#2821 = ADVANCED_FACE('',(#2822),#2833,.T.);
#2822 = FACE_BOUND('',#2823,.T.);
#2823 = EDGE_LOOP('',(#2824,#2830,#2831,#2832));
#2824 = ORIENTED_EDGE('',*,*,#2825,.T.);
#2825 = EDGE_CURVE('',#2461,#2435,#2826,.T.);
#2826 = LINE('',#2827,#2828);
#2827 = CARTESIAN_POINT('',(-0.35,1.8,12.9));
#2828 = VECTOR('',#2829,1.);
#2829 = DIRECTION('',(0.,-1.,0.));
#2830 = ORIENTED_EDGE('',*,*,#2434,.F.);
#2831 = ORIENTED_EDGE('',*,*,#2810,.T.);
#2832 = ORIENTED_EDGE('',*,*,#2468,.F.);
#2833 = PLANE('',#2834);
#2834 = AXIS2_PLACEMENT_3D('',#2835,#2836,#2837);
#2835 = CARTESIAN_POINT('',(0.,-0.2,12.9));
#2836 = DIRECTION('',(0.,-2.098034322396E-32,1.));
#2837 = DIRECTION('',(0.,1.,2.098034322396E-32));
#2838 = ADVANCED_FACE('',(#2839),#2850,.F.);
#2839 = FACE_BOUND('',#2840,.F.);
#2840 = EDGE_LOOP('',(#2841,#2847,#2848,#2849));
#2841 = ORIENTED_EDGE('',*,*,#2842,.F.);
#2842 = EDGE_CURVE('',#2452,#2444,#2843,.T.);
#2843 = LINE('',#2844,#2845);
#2844 = CARTESIAN_POINT('',(-0.35,1.8,13.6));
#2845 = VECTOR('',#2846,1.);
#2846 = DIRECTION('',(0.,-1.,0.));
#2847 = ORIENTED_EDGE('',*,*,#2460,.T.);
#2848 = ORIENTED_EDGE('',*,*,#2825,.T.);
#2849 = ORIENTED_EDGE('',*,*,#2443,.F.);
#2850 = PLANE('',#2851);
#2851 = AXIS2_PLACEMENT_3D('',#2852,#2853,#2854);
#2852 = CARTESIAN_POINT('',(-0.35,1.8,13.6));
#2853 = DIRECTION('',(-1.,0.,0.));
#2854 = DIRECTION('',(0.,-1.,0.));
#2855 = ADVANCED_FACE('',(#2856),#2860,.T.);
#2856 = FACE_BOUND('',#2857,.T.);
#2857 = EDGE_LOOP('',(#2858,#2859));
#2858 = ORIENTED_EDGE('',*,*,#2842,.F.);
#2859 = ORIENTED_EDGE('',*,*,#2451,.T.);
#2860 = PLANE('',#2861);
#2861 = AXIS2_PLACEMENT_3D('',#2862,#2863,#2864);
#2862 = CARTESIAN_POINT('',(-1.799263332289E-16,-0.2,13.6));
#2863 = DIRECTION('',(0.,0.,1.));
#2864 = DIRECTION('',(1.,0.,-0.));
#2865 = ADVANCED_FACE('',(#2866),#2870,.F.);
#2866 = FACE_BOUND('',#2867,.F.);
#2867 = EDGE_LOOP('',(#2868,#2869));
#2868 = ORIENTED_EDGE('',*,*,#2508,.T.);
#2869 = ORIENTED_EDGE('',*,*,#2529,.F.);
#2870 = PLANE('',#2871);
#2871 = AXIS2_PLACEMENT_3D('',#2872,#2873,#2874);
#2872 = CARTESIAN_POINT('',(-1.799263332289E-16,-0.2,5.1));
#2873 = DIRECTION('',(0.,0.,1.));
#2874 = DIRECTION('',(1.,0.,-0.));
#2875 = ADVANCED_FACE('',(#2876),#2901,.T.);
#2876 = FACE_BOUND('',#2877,.T.);
#2877 = EDGE_LOOP('',(#2878,#2886,#2887,#2895));
#2878 = ORIENTED_EDGE('',*,*,#2879,.T.);
#2879 = EDGE_CURVE('',#2880,#2542,#2882,.T.);
#2880 = VERTEX_POINT('',#2881);
#2881 = CARTESIAN_POINT('',(-1.25,2.,5.));
#2882 = LINE('',#2883,#2884);
#2883 = CARTESIAN_POINT('',(-1.25,2.,5.));
#2884 = VECTOR('',#2885,1.);
#2885 = DIRECTION('',(0.,-1.,0.));
#2886 = ORIENTED_EDGE('',*,*,#2541,.T.);
#2887 = ORIENTED_EDGE('',*,*,#2888,.F.);
#2888 = EDGE_CURVE('',#2889,#2544,#2891,.T.);
#2889 = VERTEX_POINT('',#2890);
#2890 = CARTESIAN_POINT('',(-1.25,2.,2.5));
#2891 = LINE('',#2892,#2893);
#2892 = CARTESIAN_POINT('',(-1.25,2.,2.5));
#2893 = VECTOR('',#2894,1.);
#2894 = DIRECTION('',(0.,-1.,0.));
#2895 = ORIENTED_EDGE('',*,*,#2896,.F.);
#2896 = EDGE_CURVE('',#2880,#2889,#2897,.T.);
#2897 = LINE('',#2898,#2899);
#2898 = CARTESIAN_POINT('',(-1.25,2.,5.));
#2899 = VECTOR('',#2900,1.);
#2900 = DIRECTION('',(0.,0.,-1.));
#2901 = PLANE('',#2902);
#2902 = AXIS2_PLACEMENT_3D('',#2903,#2904,#2905);
#2903 = CARTESIAN_POINT('',(-1.25,2.,5.));
#2904 = DIRECTION('',(1.,0.,0.));
#2905 = DIRECTION('',(0.,0.,-1.));
#2906 = ADVANCED_FACE('',(#2907),#2925,.T.);
#2907 = FACE_BOUND('',#2908,.T.);
#2908 = EDGE_LOOP('',(#2909,#2917,#2918,#2919));
#2909 = ORIENTED_EDGE('',*,*,#2910,.T.);
#2910 = EDGE_CURVE('',#2911,#2560,#2913,.T.);
#2911 = VERTEX_POINT('',#2912);
#2912 = CARTESIAN_POINT('',(1.25,2.,5.));
#2913 = LINE('',#2914,#2915);
#2914 = CARTESIAN_POINT('',(1.25,2.,5.));
#2915 = VECTOR('',#2916,1.);
#2916 = DIRECTION('',(0.,-1.,0.));
#2917 = ORIENTED_EDGE('',*,*,#2567,.T.);
#2918 = ORIENTED_EDGE('',*,*,#2879,.F.);
#2919 = ORIENTED_EDGE('',*,*,#2920,.F.);
#2920 = EDGE_CURVE('',#2911,#2880,#2921,.T.);
#2921 = LINE('',#2922,#2923);
#2922 = CARTESIAN_POINT('',(1.25,2.,5.));
#2923 = VECTOR('',#2924,1.);
#2924 = DIRECTION('',(-1.,0.,0.));
#2925 = PLANE('',#2926);
#2926 = AXIS2_PLACEMENT_3D('',#2927,#2928,#2929);
#2927 = CARTESIAN_POINT('',(1.25,2.,5.));
#2928 = DIRECTION('',(-0.,-0.,-1.));
#2929 = DIRECTION('',(-1.,0.,0.));
#2930 = ADVANCED_FACE('',(#2931),#2949,.T.);
#2931 = FACE_BOUND('',#2932,.T.);
#2932 = EDGE_LOOP('',(#2933,#2941,#2942,#2943));
#2933 = ORIENTED_EDGE('',*,*,#2934,.T.);
#2934 = EDGE_CURVE('',#2935,#2552,#2937,.T.);
#2935 = VERTEX_POINT('',#2936);
#2936 = CARTESIAN_POINT('',(1.25,2.,2.5));
#2937 = LINE('',#2938,#2939);
#2938 = CARTESIAN_POINT('',(1.25,2.,2.5));
#2939 = VECTOR('',#2940,1.);
#2940 = DIRECTION('',(0.,-1.,0.));
#2941 = ORIENTED_EDGE('',*,*,#2559,.T.);
#2942 = ORIENTED_EDGE('',*,*,#2910,.F.);
#2943 = ORIENTED_EDGE('',*,*,#2944,.F.);
#2944 = EDGE_CURVE('',#2935,#2911,#2945,.T.);
#2945 = LINE('',#2946,#2947);
#2946 = CARTESIAN_POINT('',(1.25,2.,2.5));
#2947 = VECTOR('',#2948,1.);
#2948 = DIRECTION('',(0.,0.,1.));
#2949 = PLANE('',#2950);
#2950 = AXIS2_PLACEMENT_3D('',#2951,#2952,#2953);
#2951 = CARTESIAN_POINT('',(1.25,2.,2.5));
#2952 = DIRECTION('',(-1.,0.,0.));
#2953 = DIRECTION('',(0.,0.,1.));
#2954 = ADVANCED_FACE('',(#2955),#2966,.T.);
#2955 = FACE_BOUND('',#2956,.T.);
#2956 = EDGE_LOOP('',(#2957,#2958,#2959,#2960));
#2957 = ORIENTED_EDGE('',*,*,#2888,.T.);
#2958 = ORIENTED_EDGE('',*,*,#2551,.T.);
#2959 = ORIENTED_EDGE('',*,*,#2934,.F.);
#2960 = ORIENTED_EDGE('',*,*,#2961,.F.);
#2961 = EDGE_CURVE('',#2889,#2935,#2962,.T.);
#2962 = LINE('',#2963,#2964);
#2963 = CARTESIAN_POINT('',(-1.25,2.,2.5));
#2964 = VECTOR('',#2965,1.);
#2965 = DIRECTION('',(1.,0.,0.));
#2966 = PLANE('',#2967);
#2967 = AXIS2_PLACEMENT_3D('',#2968,#2969,#2970);
#2968 = CARTESIAN_POINT('',(-1.25,2.,2.5));
#2969 = DIRECTION('',(0.,0.,1.));
#2970 = DIRECTION('',(1.,0.,-0.));
#2971 = ADVANCED_FACE('',(#2972),#2982,.T.);
#2972 = FACE_BOUND('',#2973,.T.);
#2973 = EDGE_LOOP('',(#2974,#2975,#2976));
#2974 = ORIENTED_EDGE('',*,*,#2616,.T.);
#2975 = ORIENTED_EDGE('',*,*,#2686,.T.);
#2976 = ORIENTED_EDGE('',*,*,#2977,.F.);
#2977 = EDGE_CURVE('',#2617,#2679,#2978,.T.);
#2978 = LINE('',#2979,#2980);
#2979 = CARTESIAN_POINT('',(5.43,-2.2,13.6));
#2980 = VECTOR('',#2981,1.);
#2981 = DIRECTION('',(0.,1.,0.));
#2982 = PLANE('',#2983);
#2983 = AXIS2_PLACEMENT_3D('',#2984,#2985,#2986);
#2984 = CARTESIAN_POINT('',(5.08,-0.2,13.6));
#2985 = DIRECTION('',(0.,0.,1.));
#2986 = DIRECTION('',(1.,0.,-0.));
#2987 = ADVANCED_FACE('',(#2988),#2999,.F.);
#2988 = FACE_BOUND('',#2989,.F.);
#2989 = EDGE_LOOP('',(#2990,#2991,#2992,#2998));
#2990 = ORIENTED_EDGE('',*,*,#2977,.F.);
#2991 = ORIENTED_EDGE('',*,*,#2627,.T.);
#2992 = ORIENTED_EDGE('',*,*,#2993,.T.);
#2993 = EDGE_CURVE('',#2628,#2670,#2994,.T.);
#2994 = LINE('',#2995,#2996);
#2995 = CARTESIAN_POINT('',(5.43,-2.2,12.9));
#2996 = VECTOR('',#2997,1.);
#2997 = DIRECTION('',(0.,1.,0.));
#2998 = ORIENTED_EDGE('',*,*,#2678,.F.);
#2999 = PLANE('',#3000);
#3000 = AXIS2_PLACEMENT_3D('',#3001,#3002,#3003);
#3001 = CARTESIAN_POINT('',(5.43,-2.2,13.6));
#3002 = DIRECTION('',(1.,0.,0.));
#3003 = DIRECTION('',(-0.,1.,0.));
#3004 = ADVANCED_FACE('',(#3005),#3016,.T.);
#3005 = FACE_BOUND('',#3006,.T.);
#3006 = EDGE_LOOP('',(#3007,#3013,#3014,#3015));
#3007 = ORIENTED_EDGE('',*,*,#3008,.T.);
#3008 = EDGE_CURVE('',#2662,#2636,#3009,.T.);
#3009 = LINE('',#3010,#3011);
#3010 = CARTESIAN_POINT('',(4.73,1.8,12.9));
#3011 = VECTOR('',#3012,1.);
#3012 = DIRECTION('',(0.,-1.,0.));
#3013 = ORIENTED_EDGE('',*,*,#2635,.F.);
#3014 = ORIENTED_EDGE('',*,*,#2993,.T.);
#3015 = ORIENTED_EDGE('',*,*,#2669,.F.);
#3016 = PLANE('',#3017);
#3017 = AXIS2_PLACEMENT_3D('',#3018,#3019,#3020);
#3018 = CARTESIAN_POINT('',(5.08,-0.2,12.9));
#3019 = DIRECTION('',(0.,-2.098034322396E-32,1.));
#3020 = DIRECTION('',(0.,1.,2.098034322396E-32));
#3021 = ADVANCED_FACE('',(#3022),#3033,.F.);
#3022 = FACE_BOUND('',#3023,.F.);
#3023 = EDGE_LOOP('',(#3024,#3030,#3031,#3032));
#3024 = ORIENTED_EDGE('',*,*,#3025,.F.);
#3025 = EDGE_CURVE('',#2653,#2645,#3026,.T.);
#3026 = LINE('',#3027,#3028);
#3027 = CARTESIAN_POINT('',(4.73,1.8,13.6));
#3028 = VECTOR('',#3029,1.);
#3029 = DIRECTION('',(0.,-1.,0.));
#3030 = ORIENTED_EDGE('',*,*,#2661,.T.);
#3031 = ORIENTED_EDGE('',*,*,#3008,.T.);
#3032 = ORIENTED_EDGE('',*,*,#2644,.F.);
#3033 = PLANE('',#3034);
#3034 = AXIS2_PLACEMENT_3D('',#3035,#3036,#3037);
#3035 = CARTESIAN_POINT('',(4.73,1.8,13.6));
#3036 = DIRECTION('',(-1.,0.,0.));
#3037 = DIRECTION('',(0.,-1.,0.));
#3038 = ADVANCED_FACE('',(#3039),#3043,.T.);
#3039 = FACE_BOUND('',#3040,.T.);
#3040 = EDGE_LOOP('',(#3041,#3042));
#3041 = ORIENTED_EDGE('',*,*,#3025,.F.);
#3042 = ORIENTED_EDGE('',*,*,#2652,.T.);
#3043 = PLANE('',#3044);
#3044 = AXIS2_PLACEMENT_3D('',#3045,#3046,#3047);
#3045 = CARTESIAN_POINT('',(5.08,-0.2,13.6));
#3046 = DIRECTION('',(0.,0.,1.));
#3047 = DIRECTION('',(1.,0.,-0.));
#3048 = ADVANCED_FACE('',(#3049),#3053,.F.);
#3049 = FACE_BOUND('',#3050,.F.);
#3050 = EDGE_LOOP('',(#3051,#3052));
#3051 = ORIENTED_EDGE('',*,*,#2709,.T.);
#3052 = ORIENTED_EDGE('',*,*,#2730,.F.);
#3053 = PLANE('',#3054);
#3054 = AXIS2_PLACEMENT_3D('',#3055,#3056,#3057);
#3055 = CARTESIAN_POINT('',(5.08,-0.2,5.1));
#3056 = DIRECTION('',(0.,0.,1.));
#3057 = DIRECTION('',(1.,0.,-0.));
#3058 = ADVANCED_FACE('',(#3059),#3084,.T.);
#3059 = FACE_BOUND('',#3060,.T.);
#3060 = EDGE_LOOP('',(#3061,#3069,#3070,#3078));
#3061 = ORIENTED_EDGE('',*,*,#3062,.T.);
#3062 = EDGE_CURVE('',#3063,#2743,#3065,.T.);
#3063 = VERTEX_POINT('',#3064);
#3064 = CARTESIAN_POINT('',(3.83,2.,5.));
#3065 = LINE('',#3066,#3067);
#3066 = CARTESIAN_POINT('',(3.83,2.,5.));
#3067 = VECTOR('',#3068,1.);
#3068 = DIRECTION('',(0.,-1.,0.));
#3069 = ORIENTED_EDGE('',*,*,#2742,.T.);
#3070 = ORIENTED_EDGE('',*,*,#3071,.F.);
#3071 = EDGE_CURVE('',#3072,#2745,#3074,.T.);
#3072 = VERTEX_POINT('',#3073);
#3073 = CARTESIAN_POINT('',(3.83,2.,2.5));
#3074 = LINE('',#3075,#3076);
#3075 = CARTESIAN_POINT('',(3.83,2.,2.5));
#3076 = VECTOR('',#3077,1.);
#3077 = DIRECTION('',(0.,-1.,0.));
#3078 = ORIENTED_EDGE('',*,*,#3079,.F.);
#3079 = EDGE_CURVE('',#3063,#3072,#3080,.T.);
#3080 = LINE('',#3081,#3082);
#3081 = CARTESIAN_POINT('',(3.83,2.,5.));
#3082 = VECTOR('',#3083,1.);
#3083 = DIRECTION('',(0.,0.,-1.));
#3084 = PLANE('',#3085);
#3085 = AXIS2_PLACEMENT_3D('',#3086,#3087,#3088);
#3086 = CARTESIAN_POINT('',(3.83,2.,5.));
#3087 = DIRECTION('',(1.,0.,0.));
#3088 = DIRECTION('',(0.,0.,-1.));
#3089 = ADVANCED_FACE('',(#3090),#3108,.T.);
#3090 = FACE_BOUND('',#3091,.T.);
#3091 = EDGE_LOOP('',(#3092,#3100,#3101,#3102));
#3092 = ORIENTED_EDGE('',*,*,#3093,.T.);
#3093 = EDGE_CURVE('',#3094,#2761,#3096,.T.);
#3094 = VERTEX_POINT('',#3095);
#3095 = CARTESIAN_POINT('',(6.33,2.,5.));
#3096 = LINE('',#3097,#3098);
#3097 = CARTESIAN_POINT('',(6.33,2.,5.));
#3098 = VECTOR('',#3099,1.);
#3099 = DIRECTION('',(0.,-1.,0.));
#3100 = ORIENTED_EDGE('',*,*,#2768,.T.);
#3101 = ORIENTED_EDGE('',*,*,#3062,.F.);
#3102 = ORIENTED_EDGE('',*,*,#3103,.F.);
#3103 = EDGE_CURVE('',#3094,#3063,#3104,.T.);
#3104 = LINE('',#3105,#3106);
#3105 = CARTESIAN_POINT('',(6.33,2.,5.));
#3106 = VECTOR('',#3107,1.);
#3107 = DIRECTION('',(-1.,0.,0.));
#3108 = PLANE('',#3109);
#3109 = AXIS2_PLACEMENT_3D('',#3110,#3111,#3112);
#3110 = CARTESIAN_POINT('',(6.33,2.,5.));
#3111 = DIRECTION('',(-0.,-0.,-1.));
#3112 = DIRECTION('',(-1.,0.,0.));
#3113 = ADVANCED_FACE('',(#3114),#3132,.T.);
#3114 = FACE_BOUND('',#3115,.T.);
#3115 = EDGE_LOOP('',(#3116,#3124,#3125,#3126));
#3116 = ORIENTED_EDGE('',*,*,#3117,.T.);
#3117 = EDGE_CURVE('',#3118,#2753,#3120,.T.);
#3118 = VERTEX_POINT('',#3119);
#3119 = CARTESIAN_POINT('',(6.33,2.,2.5));
#3120 = LINE('',#3121,#3122);
#3121 = CARTESIAN_POINT('',(6.33,2.,2.5));
#3122 = VECTOR('',#3123,1.);
#3123 = DIRECTION('',(0.,-1.,0.));
#3124 = ORIENTED_EDGE('',*,*,#2760,.T.);
#3125 = ORIENTED_EDGE('',*,*,#3093,.F.);
#3126 = ORIENTED_EDGE('',*,*,#3127,.F.);
#3127 = EDGE_CURVE('',#3118,#3094,#3128,.T.);
#3128 = LINE('',#3129,#3130);
#3129 = CARTESIAN_POINT('',(6.33,2.,2.5));
#3130 = VECTOR('',#3131,1.);
#3131 = DIRECTION('',(0.,0.,1.));
#3132 = PLANE('',#3133);
#3133 = AXIS2_PLACEMENT_3D('',#3134,#3135,#3136);
#3134 = CARTESIAN_POINT('',(6.33,2.,2.5));
#3135 = DIRECTION('',(-1.,0.,0.));
#3136 = DIRECTION('',(0.,0.,1.));
#3137 = ADVANCED_FACE('',(#3138),#3149,.T.);
#3138 = FACE_BOUND('',#3139,.T.);
#3139 = EDGE_LOOP('',(#3140,#3141,#3142,#3143));
#3140 = ORIENTED_EDGE('',*,*,#3071,.T.);
#3141 = ORIENTED_EDGE('',*,*,#2752,.T.);
#3142 = ORIENTED_EDGE('',*,*,#3117,.F.);
#3143 = ORIENTED_EDGE('',*,*,#3144,.F.);
#3144 = EDGE_CURVE('',#3072,#3118,#3145,.T.);
#3145 = LINE('',#3146,#3147);
#3146 = CARTESIAN_POINT('',(3.83,2.,2.5));
#3147 = VECTOR('',#3148,1.);
#3148 = DIRECTION('',(1.,0.,0.));
#3149 = PLANE('',#3150);
#3150 = AXIS2_PLACEMENT_3D('',#3151,#3152,#3153);
#3151 = CARTESIAN_POINT('',(3.83,2.,2.5));
#3152 = DIRECTION('',(0.,0.,1.));
#3153 = DIRECTION('',(1.,0.,-0.));
#3154 = ADVANCED_FACE('',(#3155),#3161,.T.);
#3155 = FACE_BOUND('',#3156,.T.);
#3156 = EDGE_LOOP('',(#3157,#3158,#3159,#3160));
#3157 = ORIENTED_EDGE('',*,*,#2920,.T.);
#3158 = ORIENTED_EDGE('',*,*,#2896,.T.);
#3159 = ORIENTED_EDGE('',*,*,#2961,.T.);
#3160 = ORIENTED_EDGE('',*,*,#2944,.T.);
#3161 = PLANE('',#3162);
#3162 = AXIS2_PLACEMENT_3D('',#3163,#3164,#3165);
#3163 = CARTESIAN_POINT('',(4.440892098501E-16,2.,3.75));
#3164 = DIRECTION('',(-2.868585109895E-30,-1.,-5.288584893962E-30));
#3165 = DIRECTION('',(0.,5.288584893962E-30,-1.));
#3166 = ADVANCED_FACE('',(#3167),#3173,.T.);
#3167 = FACE_BOUND('',#3168,.T.);
#3168 = EDGE_LOOP('',(#3169,#3170,#3171,#3172));
#3169 = ORIENTED_EDGE('',*,*,#3103,.T.);
#3170 = ORIENTED_EDGE('',*,*,#3079,.T.);
#3171 = ORIENTED_EDGE('',*,*,#3144,.T.);
#3172 = ORIENTED_EDGE('',*,*,#3127,.T.);
#3173 = PLANE('',#3174);
#3174 = AXIS2_PLACEMENT_3D('',#3175,#3176,#3177);
#3175 = CARTESIAN_POINT('',(5.08,2.,3.75));
#3176 = DIRECTION('',(-1.27037340581E-29,-1.,-5.729300301792E-30));
#3177 = DIRECTION('',(-1.,1.27037340581E-29,2.335952948562E-76));
#3178 = ( GEOMETRIC_REPRESENTATION_CONTEXT(3) 
GLOBAL_UNCERTAINTY_ASSIGNED_CONTEXT((#3182)) 
GLOBAL_UNIT_ASSIGNED_CONTEXT((#3179,#3180,#3181)) REPRESENTATION_CONTEXT
('Context #1','3D Context with UNIT and UNCERTAINTY') );
#3179 = ( LENGTH_UNIT() NAMED_UNIT(*) SI_UNIT(.MILLI.,.METRE.) );
#3180 = ( NAMED_UNIT(*) PLANE_ANGLE_UNIT() SI_UNIT($,.RADIAN.) );
#3181 = ( NAMED_UNIT(*) SI_UNIT($,.STERADIAN.) SOLID_ANGLE_UNIT() );
#3182 = UNCERTAINTY_MEASURE_WITH_UNIT(LENGTH_MEASURE(1.E-07),#3179,
  'distance_accuracy_value','confusion accuracy');
#3183 = CONTEXT_DEPENDENT_SHAPE_REPRESENTATION(#3184,#3186);
#3184 = ( REPRESENTATION_RELATIONSHIP('','',#556,#10) 
REPRESENTATION_RELATIONSHIP_WITH_TRANSFORMATION(#3185) 
SHAPE_REPRESENTATION_RELATIONSHIP() );
#3185 = ITEM_DEFINED_TRANSFORMATION('','',#11,#19);
#3186 = PRODUCT_DEFINITION_SHAPE('Placement','Placement of an item',
  #3187);
#3187 = NEXT_ASSEMBLY_USAGE_OCCURRENCE('2','J3','',#5,#551,$);
#3188 = PRODUCT_RELATED_PRODUCT_CATEGORY('part',$,(#553));
#3189 = CONTEXT_DEPENDENT_SHAPE_REPRESENTATION(#3190,#3192);
#3190 = ( REPRESENTATION_RELATIONSHIP('','',#112,#10) 
REPRESENTATION_RELATIONSHIP_WITH_TRANSFORMATION(#3191) 
SHAPE_REPRESENTATION_RELATIONSHIP() );
#3191 = ITEM_DEFINED_TRANSFORMATION('','',#11,#23);
#3192 = PRODUCT_DEFINITION_SHAPE('Placement','Placement of an item',
  #3193);
#3193 = NEXT_ASSEMBLY_USAGE_OCCURRENCE('3','D1','',#5,#107,$);
#3194 = CONTEXT_DEPENDENT_SHAPE_REPRESENTATION(#3195,#3197);
#3195 = ( REPRESENTATION_RELATIONSHIP('','',#556,#10) 
REPRESENTATION_RELATIONSHIP_WITH_TRANSFORMATION(#3196) 
SHAPE_REPRESENTATION_RELATIONSHIP() );
#3196 = ITEM_DEFINED_TRANSFORMATION('','',#11,#27);
#3197 = PRODUCT_DEFINITION_SHAPE('Placement','Placement of an item',
  #3198);
#3198 = NEXT_ASSEMBLY_USAGE_OCCURRENCE('4','J5','',#5,#551,$);
#3199 = SHAPE_DEFINITION_REPRESENTATION(#3200,#3206);
#3200 = PRODUCT_DEFINITION_SHAPE('','',#3201);
#3201 = PRODUCT_DEFINITION('design','',#3202,#3205);
#3202 = PRODUCT_DEFINITION_FORMATION('','',#3203);
#3203 = PRODUCT('C_Radial_D4.0mm_H5.0mm_P1.50mm',
  'C_Radial_D4.0mm_H5.0mm_P1.50mm','',(#3204));
#3204 = PRODUCT_CONTEXT('',#2,'mechanical');
#3205 = PRODUCT_DEFINITION_CONTEXT('part definition',#2,'design');
#3206 = ADVANCED_BREP_SHAPE_REPRESENTATION('',(#11,#3207),#4194);
#3207 = BREP_WITH_VOIDS('',#3208,(#4131));
#3208 = CLOSED_SHELL('',(#3209,#3226,#3251,#3282,#3307,#3332,#3352,#3361
    ,#3391,#3426,#3499,#3539,#3612,#3637,#3663,#3683,#3853,#3923,#3947,
    #3963,#3975,#3999,#4015,#4027,#4051,#4067,#4079,#4103,#4119));
#3209 = ADVANCED_FACE('',(#3210),#3221,.F.);
#3210 = FACE_BOUND('',#3211,.F.);
#3211 = EDGE_LOOP('',(#3212));
#3212 = ORIENTED_EDGE('',*,*,#3213,.T.);
#3213 = EDGE_CURVE('',#3214,#3214,#3216,.T.);
#3214 = VERTEX_POINT('',#3215);
#3215 = CARTESIAN_POINT('',(1.35,-7.347880794884E-17,-1.9));
#3216 = CIRCLE('',#3217,0.15);
#3217 = AXIS2_PLACEMENT_3D('',#3218,#3219,#3220);
#3218 = CARTESIAN_POINT('',(1.5,-9.184850993605E-17,-1.9));
#3219 = DIRECTION('',(0.,0.,1.));
#3220 = DIRECTION('',(-1.,1.224646799147E-16,0.));
#3221 = PLANE('',#3222);
#3222 = AXIS2_PLACEMENT_3D('',#3223,#3224,#3225);
#3223 = CARTESIAN_POINT('',(1.5,-9.462788096987E-17,-1.9));
#3224 = DIRECTION('',(-2.739100365351E-31,-6.575964556024E-33,1.));
#3225 = DIRECTION('',(-1.,1.224646799147E-16,-2.739100365351E-31));
#3226 = ADVANCED_FACE('',(#3227),#3246,.T.);
#3227 = FACE_BOUND('',#3228,.T.);
#3228 = EDGE_LOOP('',(#3229,#3238,#3244,#3245));
#3229 = ORIENTED_EDGE('',*,*,#3230,.F.);
#3230 = EDGE_CURVE('',#3231,#3231,#3233,.T.);
#3231 = VERTEX_POINT('',#3232);
#3232 = CARTESIAN_POINT('',(1.35,-7.347880794884E-17,0.2));
#3233 = CIRCLE('',#3234,0.15);
#3234 = AXIS2_PLACEMENT_3D('',#3235,#3236,#3237);
#3235 = CARTESIAN_POINT('',(1.5,-9.184850993605E-17,0.2));
#3236 = DIRECTION('',(0.,0.,1.));
#3237 = DIRECTION('',(-1.,1.224646799147E-16,0.));
#3238 = ORIENTED_EDGE('',*,*,#3239,.T.);
#3239 = EDGE_CURVE('',#3231,#3214,#3240,.T.);
#3240 = LINE('',#3241,#3242);
#3241 = CARTESIAN_POINT('',(1.35,-7.347880794884E-17,0.3));
#3242 = VECTOR('',#3243,1.);
#3243 = DIRECTION('',(0.,0.,-1.));
#3244 = ORIENTED_EDGE('',*,*,#3213,.T.);
#3245 = ORIENTED_EDGE('',*,*,#3239,.F.);
#3246 = CYLINDRICAL_SURFACE('',#3247,0.15);
#3247 = AXIS2_PLACEMENT_3D('',#3248,#3249,#3250);
#3248 = CARTESIAN_POINT('',(1.5,-9.184850993605E-17,0.3));
#3249 = DIRECTION('',(0.,0.,1.));
#3250 = DIRECTION('',(-1.,1.224646799147E-16,0.));
#3251 = ADVANCED_FACE('',(#3252,#3263,#3266),#3277,.F.);
#3252 = FACE_BOUND('',#3253,.F.);
#3253 = EDGE_LOOP('',(#3254));
#3254 = ORIENTED_EDGE('',*,*,#3255,.T.);
#3255 = EDGE_CURVE('',#3256,#3256,#3258,.T.);
#3256 = VERTEX_POINT('',#3257);
#3257 = CARTESIAN_POINT('',(2.15,-3.429011037613E-16,0.2));
#3258 = CIRCLE('',#3259,1.4);
#3259 = AXIS2_PLACEMENT_3D('',#3260,#3261,#3262);
#3260 = CARTESIAN_POINT('',(0.75,0.,0.2));
#3261 = DIRECTION('',(-0.,0.,1.));
#3262 = DIRECTION('',(1.,-2.449293598295E-16,0.));
#3263 = FACE_BOUND('',#3264,.F.);
#3264 = EDGE_LOOP('',(#3265));
#3265 = ORIENTED_EDGE('',*,*,#3230,.F.);
#3266 = FACE_BOUND('',#3267,.F.);
#3267 = EDGE_LOOP('',(#3268));
#3268 = ORIENTED_EDGE('',*,*,#3269,.F.);
#3269 = EDGE_CURVE('',#3270,#3270,#3272,.T.);
#3270 = VERTEX_POINT('',#3271);
#3271 = CARTESIAN_POINT('',(-0.15,1.102182119233E-16,0.2));
#3272 = CIRCLE('',#3273,0.15);
#3273 = AXIS2_PLACEMENT_3D('',#3274,#3275,#3276);
#3274 = CARTESIAN_POINT('',(0.,9.184850993605E-17,0.2));
#3275 = DIRECTION('',(0.,0.,1.));
#3276 = DIRECTION('',(-1.,1.224646799147E-16,0.));
#3277 = PLANE('',#3278);
#3278 = AXIS2_PLACEMENT_3D('',#3279,#3280,#3281);
#3279 = CARTESIAN_POINT('',(0.75,6.494268501652E-17,0.2));
#3280 = DIRECTION('',(-1.048125139803E-33,1.710905655258E-34,1.));
#3281 = DIRECTION('',(1.,-2.449293598295E-16,1.048125139803E-33));
#3282 = ADVANCED_FACE('',(#3283),#3302,.F.);
#3283 = FACE_BOUND('',#3284,.F.);
#3284 = EDGE_LOOP('',(#3285,#3286,#3294,#3301));
#3285 = ORIENTED_EDGE('',*,*,#3255,.F.);
#3286 = ORIENTED_EDGE('',*,*,#3287,.T.);
#3287 = EDGE_CURVE('',#3256,#3288,#3290,.T.);
#3288 = VERTEX_POINT('',#3289);
#3289 = CARTESIAN_POINT('',(2.15,-3.429011037613E-16,0.));
#3290 = LINE('',#3291,#3292);
#3291 = CARTESIAN_POINT('',(2.15,-3.429011037613E-16,0.3));
#3292 = VECTOR('',#3293,1.);
#3293 = DIRECTION('',(0.,0.,-1.));
#3294 = ORIENTED_EDGE('',*,*,#3295,.F.);
#3295 = EDGE_CURVE('',#3288,#3288,#3296,.T.);
#3296 = CIRCLE('',#3297,1.4);
#3297 = AXIS2_PLACEMENT_3D('',#3298,#3299,#3300);
#3298 = CARTESIAN_POINT('',(0.75,0.,0.));
#3299 = DIRECTION('',(0.,-0.,-1.));
#3300 = DIRECTION('',(1.,-2.449293598295E-16,0.));
#3301 = ORIENTED_EDGE('',*,*,#3287,.F.);
#3302 = CYLINDRICAL_SURFACE('',#3303,1.4);
#3303 = AXIS2_PLACEMENT_3D('',#3304,#3305,#3306);
#3304 = CARTESIAN_POINT('',(0.75,0.,0.3));
#3305 = DIRECTION('',(0.,0.,-1.));
#3306 = DIRECTION('',(1.,-2.449293598295E-16,0.));
#3307 = ADVANCED_FACE('',(#3308),#3327,.T.);
#3308 = FACE_BOUND('',#3309,.T.);
#3309 = EDGE_LOOP('',(#3310,#3311,#3319,#3326));
#3310 = ORIENTED_EDGE('',*,*,#3269,.F.);
#3311 = ORIENTED_EDGE('',*,*,#3312,.T.);
#3312 = EDGE_CURVE('',#3270,#3313,#3315,.T.);
#3313 = VERTEX_POINT('',#3314);
#3314 = CARTESIAN_POINT('',(-0.15,1.102182119233E-16,-2.));
#3315 = LINE('',#3316,#3317);
#3316 = CARTESIAN_POINT('',(-0.15,1.102182119233E-16,0.3));
#3317 = VECTOR('',#3318,1.);
#3318 = DIRECTION('',(0.,0.,-1.));
#3319 = ORIENTED_EDGE('',*,*,#3320,.T.);
#3320 = EDGE_CURVE('',#3313,#3313,#3321,.T.);
#3321 = CIRCLE('',#3322,0.15);
#3322 = AXIS2_PLACEMENT_3D('',#3323,#3324,#3325);
#3323 = CARTESIAN_POINT('',(0.,9.184850993605E-17,-2.));
#3324 = DIRECTION('',(0.,0.,1.));
#3325 = DIRECTION('',(-1.,1.224646799147E-16,0.));
#3326 = ORIENTED_EDGE('',*,*,#3312,.F.);
#3327 = CYLINDRICAL_SURFACE('',#3328,0.15);
#3328 = AXIS2_PLACEMENT_3D('',#3329,#3330,#3331);
#3329 = CARTESIAN_POINT('',(0.,9.184850993605E-17,0.3));
#3330 = DIRECTION('',(0.,0.,1.));
#3331 = DIRECTION('',(-1.,1.224646799147E-16,0.));
#3332 = ADVANCED_FACE('',(#3333,#3336),#3347,.T.);
#3333 = FACE_BOUND('',#3334,.F.);
#3334 = EDGE_LOOP('',(#3335));
#3335 = ORIENTED_EDGE('',*,*,#3295,.T.);
#3336 = FACE_BOUND('',#3337,.F.);
#3337 = EDGE_LOOP('',(#3338));
#3338 = ORIENTED_EDGE('',*,*,#3339,.F.);
#3339 = EDGE_CURVE('',#3340,#3340,#3342,.T.);
#3340 = VERTEX_POINT('',#3341);
#3341 = CARTESIAN_POINT('',(2.55,-4.40872847693E-16,2.775557561563E-17)
  );
#3342 = CIRCLE('',#3343,1.8);
#3343 = AXIS2_PLACEMENT_3D('',#3344,#3345,#3346);
#3344 = CARTESIAN_POINT('',(0.75,0.,2.775557561563E-17));
#3345 = DIRECTION('',(0.,-0.,-1.));
#3346 = DIRECTION('',(1.,-2.449293598295E-16,0.));
#3347 = PLANE('',#3348);
#3348 = AXIS2_PLACEMENT_3D('',#3349,#3350,#3351);
#3349 = CARTESIAN_POINT('',(0.75,0.,0.));
#3350 = DIRECTION('',(0.,0.,-1.));
#3351 = DIRECTION('',(1.,-2.449293598295E-16,0.));
#3352 = ADVANCED_FACE('',(#3353),#3356,.F.);
#3353 = FACE_BOUND('',#3354,.F.);
#3354 = EDGE_LOOP('',(#3355));
#3355 = ORIENTED_EDGE('',*,*,#3320,.T.);
#3356 = PLANE('',#3357);
#3357 = AXIS2_PLACEMENT_3D('',#3358,#3359,#3360);
#3358 = CARTESIAN_POINT('',(-1.110223024625E-16,8.906913890223E-17,-2.)
  );
#3359 = DIRECTION('',(2.739100365351E-31,-6.575964556024E-33,1.));
#3360 = DIRECTION('',(-1.,1.224646799147E-16,2.739100365351E-31));
#3361 = ADVANCED_FACE('',(#3362),#3382,.F.);
#3362 = FACE_BOUND('',#3363,.F.);
#3363 = EDGE_LOOP('',(#3364,#3365,#3374,#3381));
#3364 = ORIENTED_EDGE('',*,*,#3339,.T.);
#3365 = ORIENTED_EDGE('',*,*,#3366,.T.);
#3366 = EDGE_CURVE('',#3340,#3367,#3369,.T.);
#3367 = VERTEX_POINT('',#3368);
#3368 = CARTESIAN_POINT('',(2.75,-4.898587196589E-16,0.2));
#3369 = CIRCLE('',#3370,0.2);
#3370 = AXIS2_PLACEMENT_3D('',#3371,#3372,#3373);
#3371 = CARTESIAN_POINT('',(2.55,-4.40872847693E-16,0.2));
#3372 = DIRECTION('',(-2.449293598295E-16,-1.,-0.));
#3373 = DIRECTION('',(0.,0.,-1.));
#3374 = ORIENTED_EDGE('',*,*,#3375,.F.);
#3375 = EDGE_CURVE('',#3367,#3367,#3376,.T.);
#3376 = CIRCLE('',#3377,2.);
#3377 = AXIS2_PLACEMENT_3D('',#3378,#3379,#3380);
#3378 = CARTESIAN_POINT('',(0.75,0.,0.2));
#3379 = DIRECTION('',(0.,-0.,-1.));
#3380 = DIRECTION('',(1.,-2.449293598295E-16,0.));
#3381 = ORIENTED_EDGE('',*,*,#3366,.F.);
#3382 = SURFACE_OF_REVOLUTION('',#3383,#3388);
#3383 = CIRCLE('',#3384,0.2);
#3384 = AXIS2_PLACEMENT_3D('',#3385,#3386,#3387);
#3385 = CARTESIAN_POINT('',(2.55,-4.40872847693E-16,0.2));
#3386 = DIRECTION('',(-2.449293598295E-16,-1.,-0.));
#3387 = DIRECTION('',(0.,0.,-1.));
#3388 = AXIS1_PLACEMENT('',#3389,#3390);
#3389 = CARTESIAN_POINT('',(0.75,0.,0.));
#3390 = DIRECTION('',(0.,0.,-1.));
#3391 = ADVANCED_FACE('',(#3392),#3421,.T.);
#3392 = FACE_BOUND('',#3393,.T.);
#3393 = EDGE_LOOP('',(#3394,#3413,#3419,#3420));
#3394 = ORIENTED_EDGE('',*,*,#3395,.T.);
#3395 = EDGE_CURVE('',#3396,#3396,#3398,.T.);
#3396 = VERTEX_POINT('',#3397);
#3397 = CARTESIAN_POINT('',(2.75,-4.898587196589E-16,1.094848017031));
#3398 = ( BOUNDED_CURVE() B_SPLINE_CURVE(13,(#3399,#3400,#3401,#3402,
    #3403,#3404,#3405,#3406,#3407,#3408,#3409,#3410,#3411,#3412),
.UNSPECIFIED.,.T.,.F.) B_SPLINE_CURVE_WITH_KNOTS((1,13,13,1),(
    -12.56637061435,2.485244407138E-16,12.566370614359,25.132741228718),
.UNSPECIFIED.) CURVE() GEOMETRIC_REPRESENTATION_ITEM() 
RATIONAL_B_SPLINE_CURVE((1.,1.,1.000000000001,0.999999999997,
    1.000000000006,0.999999999991,1.000000000009,0.999999999992,
    1.000000000006,0.999999999996,1.000000000002,0.999999999999,1.,1.)) 
REPRESENTATION_ITEM('') );
#3399 = CARTESIAN_POINT('',(2.75,-4.898587196589E-16,1.094848017031));
#3400 = CARTESIAN_POINT('',(2.750000000001,-0.952660709411,
    1.094848017031));
#3401 = CARTESIAN_POINT('',(2.257633513839,-1.927290492697,
    1.094848017031));
#3402 = CARTESIAN_POINT('',(1.244412228653,-2.624192256705,
    1.094848017031));
#3403 = CARTESIAN_POINT('',(-0.149908868309,-2.731223086294,
    1.094848017031));
#3404 = CARTESIAN_POINT('',(-1.354436335519,-1.988436120821,
    1.094848017031));
#3405 = CARTESIAN_POINT('',(-2.237830702984,-0.904133096575,
    1.094848017031));
#3406 = CARTESIAN_POINT('',(-2.237830703038,0.90413309659,1.094848017031
    ));
#3407 = CARTESIAN_POINT('',(-1.354436335487,1.988436120794,
    1.094848017031));
#3408 = CARTESIAN_POINT('',(-0.149908868318,2.731223086318,
    1.094848017031));
#3409 = CARTESIAN_POINT('',(1.244412228651,2.624192256694,1.094848017031
    ));
#3410 = CARTESIAN_POINT('',(2.257633513842,1.9272904927,1.094848017031)
  );
#3411 = CARTESIAN_POINT('',(2.75,0.952660709411,1.094848017031));
#3412 = CARTESIAN_POINT('',(2.75,-4.898587196589E-16,1.094848017031));
#3413 = ORIENTED_EDGE('',*,*,#3414,.F.);
#3414 = EDGE_CURVE('',#3367,#3396,#3415,.T.);
#3415 = LINE('',#3416,#3417);
#3416 = CARTESIAN_POINT('',(2.75,-4.898587196589E-16,0.2));
#3417 = VECTOR('',#3418,1.);
#3418 = DIRECTION('',(0.,0.,1.));
#3419 = ORIENTED_EDGE('',*,*,#3375,.F.);
#3420 = ORIENTED_EDGE('',*,*,#3414,.T.);
#3421 = CYLINDRICAL_SURFACE('',#3422,2.);
#3422 = AXIS2_PLACEMENT_3D('',#3423,#3424,#3425);
#3423 = CARTESIAN_POINT('',(0.75,0.,0.2));
#3424 = DIRECTION('',(0.,0.,1.));
#3425 = DIRECTION('',(1.,-2.449293598295E-16,0.));
#3426 = ADVANCED_FACE('',(#3427),#3456,.T.);
#3427 = FACE_BOUND('',#3428,.T.);
#3428 = EDGE_LOOP('',(#3429,#3437,#3454,#3455));
#3429 = ORIENTED_EDGE('',*,*,#3430,.T.);
#3430 = EDGE_CURVE('',#3396,#3431,#3433,.T.);
#3431 = VERTEX_POINT('',#3432);
#3432 = CARTESIAN_POINT('',(2.696143503792,-4.766676825202E-16,
    1.266351298459));
#3433 = ( BOUNDED_CURVE() B_SPLINE_CURVE(2,(#3434,#3435,#3436),
.UNSPECIFIED.,.F.,.F.) B_SPLINE_CURVE_WITH_KNOTS((3,3),(0.,
12.566370614359),.PIECEWISE_BEZIER_KNOTS.) CURVE() 
GEOMETRIC_REPRESENTATION_ITEM() RATIONAL_B_SPLINE_CURVE((1.,
0.954064553889,1.)) REPRESENTATION_ITEM('') );
#3434 = CARTESIAN_POINT('',(2.75,-4.898587196589E-16,1.094848017031));
#3435 = CARTESIAN_POINT('',(2.75,-7.569348976948E-17,1.189055828844));
#3436 = CARTESIAN_POINT('',(2.696143503792,-4.766676825202E-16,
    1.266351298459));
#3437 = ORIENTED_EDGE('',*,*,#3438,.T.);
#3438 = EDGE_CURVE('',#3431,#3431,#3439,.T.);
#3439 = ( BOUNDED_CURVE() B_SPLINE_CURVE(13,(#3440,#3441,#3442,#3443,
    #3444,#3445,#3446,#3447,#3448,#3449,#3450,#3451,#3452,#3453),
.UNSPECIFIED.,.T.,.F.) B_SPLINE_CURVE_WITH_KNOTS((1,13,13,1),(
    -12.56637061435,2.485244407138E-16,12.566370614359,25.132741228718),
.UNSPECIFIED.) CURVE() GEOMETRIC_REPRESENTATION_ITEM() 
RATIONAL_B_SPLINE_CURVE((1.,1.,1.000000000001,0.999999999997,
    1.000000000006,0.999999999991,1.000000000009,0.999999999992,
    1.000000000006,0.999999999996,1.000000000002,0.999999999999,1.,1.)) 
REPRESENTATION_ITEM('') );
#3440 = CARTESIAN_POINT('',(2.696143503792,-4.766676825202E-16,
    1.266351298459));
#3441 = CARTESIAN_POINT('',(2.696143503793,-0.927007225469,
    1.266351298459));
#3442 = CARTESIAN_POINT('',(2.217035584527,-1.875391936142,
    1.266351298459));
#3443 = CARTESIAN_POINT('',(1.231098573499,-2.553527356544,
    1.266351298459));
#3444 = CARTESIAN_POINT('',(-0.12567589904,-2.657676033399,
    1.266351298459));
#3445 = CARTESIAN_POINT('',(-1.297767551745,-1.934891019622,
    1.26635129846));
#3446 = CARTESIAN_POINT('',(-2.157373656536,-0.87978637623,
    1.266351298459));
#3447 = CARTESIAN_POINT('',(-2.157373656561,0.879786376244,1.26635129846
    ));
#3448 = CARTESIAN_POINT('',(-1.297767551737,1.934891019597,
    1.266351298459));
#3449 = CARTESIAN_POINT('',(-0.125675899035,2.657676033421,1.26635129846
    ));
#3450 = CARTESIAN_POINT('',(1.231098573489,2.553527356534,1.266351298459
    ));
#3451 = CARTESIAN_POINT('',(2.217035584533,1.875391936144,1.266351298459
    ));
#3452 = CARTESIAN_POINT('',(2.696143503792,0.927007225469,1.266351298459
    ));
#3453 = CARTESIAN_POINT('',(2.696143503792,-4.766676825202E-16,
    1.266351298459));
#3454 = ORIENTED_EDGE('',*,*,#3430,.F.);
#3455 = ORIENTED_EDGE('',*,*,#3395,.F.);
#3456 = ( BOUNDED_SURFACE() B_SPLINE_SURFACE(2,13,(
    (#3457,#3458,#3459,#3460,#3461,#3462,#3463,#3464,#3465,#3466,#3467
      ,#3468,#3469,#3470)
    ,(#3471,#3472,#3473,#3474,#3475,#3476,#3477,#3478,#3479,#3480,#3481
      ,#3482,#3483,#3484)
    ,(#3485,#3486,#3487,#3488,#3489,#3490,#3491,#3492,#3493,#3494,#3495
      ,#3496,#3497,#3498
)),.UNSPECIFIED.,.F.,.T.,.F.) B_SPLINE_SURFACE_WITH_KNOTS((3,3),(1,13,13
    ,1),(0.,12.566370614359),(-12.56637061435,2.485244407138E-16,
    12.566370614359,25.132741228718),.UNSPECIFIED.) 
GEOMETRIC_REPRESENTATION_ITEM() RATIONAL_B_SPLINE_SURFACE((
    (1.,1.,1.000000000001,0.999999999997,1.000000000006,0.999999999991
      ,1.000000000009,0.999999999992,1.000000000006,0.999999999996
      ,1.000000000002,0.999999999999,1.,1.)
    ,(0.954064553889,0.954064553889,0.95406455389,0.954064553887
      ,0.954064553892,0.954064553885,0.954064553893,0.954064553887
      ,0.95406455389,0.954064553889,0.954064553889,0.954064553889
      ,0.954064553889,0.954064553889)
    ,(1.,1.,1.000000000001,0.999999999997,1.000000000006,0.999999999991
      ,1.000000000009,0.999999999992,1.000000000006,0.999999999996
,1.000000000002,0.999999999999,1.,1.
  ))) REPRESENTATION_ITEM('') SURFACE() );
#3457 = CARTESIAN_POINT('',(2.75,-4.898587196589E-16,1.094848017031));
#3458 = CARTESIAN_POINT('',(2.750000000001,-0.952660709411,
    1.094848017031));
#3459 = CARTESIAN_POINT('',(2.257633513839,-1.927290492697,
    1.094848017031));
#3460 = CARTESIAN_POINT('',(1.244412228653,-2.624192256705,
    1.094848017031));
#3461 = CARTESIAN_POINT('',(-0.149908868309,-2.731223086294,
    1.094848017031));
#3462 = CARTESIAN_POINT('',(-1.354436335519,-1.988436120821,
    1.094848017031));
#3463 = CARTESIAN_POINT('',(-2.237830702984,-0.904133096575,
    1.094848017031));
#3464 = CARTESIAN_POINT('',(-2.237830703038,0.90413309659,1.094848017031
    ));
#3465 = CARTESIAN_POINT('',(-1.354436335487,1.988436120794,
    1.094848017031));
#3466 = CARTESIAN_POINT('',(-0.149908868318,2.731223086318,
    1.094848017031));
#3467 = CARTESIAN_POINT('',(1.244412228651,2.624192256694,1.094848017031
    ));
#3468 = CARTESIAN_POINT('',(2.257633513842,1.9272904927,1.094848017031)
  );
#3469 = CARTESIAN_POINT('',(2.75,0.952660709411,1.094848017031));
#3470 = CARTESIAN_POINT('',(2.75,-4.898587196589E-16,1.094848017031));
#3471 = CARTESIAN_POINT('',(2.75,-7.569348976948E-17,1.189055828844));
#3472 = CARTESIAN_POINT('',(2.750000000001,-0.952660709411,
    1.189055828844));
#3473 = CARTESIAN_POINT('',(2.257633513838,-1.927290492698,
    1.189055828844));
#3474 = CARTESIAN_POINT('',(1.244412228656,-2.624192256701,
    1.189055828844));
#3475 = CARTESIAN_POINT('',(-0.149908868317,-2.731223086302,
    1.189055828844));
#3476 = CARTESIAN_POINT('',(-1.354436335501,-1.988436120811,
    1.189055828844));
#3477 = CARTESIAN_POINT('',(-2.23783070301,-0.904133096582,
    1.189055828845));
#3478 = CARTESIAN_POINT('',(-2.237830703011,0.904133096587,
    1.189055828844));
#3479 = CARTESIAN_POINT('',(-1.354436335504,1.988436120803,
    1.189055828845));
#3480 = CARTESIAN_POINT('',(-0.149908868311,2.731223086309,
    1.189055828844));
#3481 = CARTESIAN_POINT('',(1.24441222865,2.624192256698,1.189055828844)
  );
#3482 = CARTESIAN_POINT('',(2.257633513841,1.927290492699,1.189055828844
    ));
#3483 = CARTESIAN_POINT('',(2.75,0.952660709411,1.189055828844));
#3484 = CARTESIAN_POINT('',(2.75,-7.569348976948E-17,1.189055828844));
#3485 = CARTESIAN_POINT('',(2.696143503792,-4.766676825202E-16,
    1.266351298459));
#3486 = CARTESIAN_POINT('',(2.696143503793,-0.927007225469,
    1.266351298459));
#3487 = CARTESIAN_POINT('',(2.217035584527,-1.875391936142,
    1.266351298459));
#3488 = CARTESIAN_POINT('',(1.231098573499,-2.553527356544,
    1.266351298459));
#3489 = CARTESIAN_POINT('',(-0.12567589904,-2.657676033399,
    1.266351298459));
#3490 = CARTESIAN_POINT('',(-1.297767551745,-1.934891019622,
    1.26635129846));
#3491 = CARTESIAN_POINT('',(-2.157373656536,-0.87978637623,
    1.266351298459));
#3492 = CARTESIAN_POINT('',(-2.157373656561,0.879786376244,1.26635129846
    ));
#3493 = CARTESIAN_POINT('',(-1.297767551737,1.934891019597,
    1.266351298459));
#3494 = CARTESIAN_POINT('',(-0.125675899035,2.657676033421,1.26635129846
    ));
#3495 = CARTESIAN_POINT('',(1.231098573489,2.553527356534,1.266351298459
    ));
#3496 = CARTESIAN_POINT('',(2.217035584533,1.875391936144,1.266351298459
    ));
#3497 = CARTESIAN_POINT('',(2.696143503792,0.927007225469,1.266351298459
    ));
#3498 = CARTESIAN_POINT('',(2.696143503792,-4.766676825202E-16,
    1.266351298459));
#3499 = ADVANCED_FACE('',(#3500),#3530,.F.);
#3500 = FACE_BOUND('',#3501,.F.);
#3501 = EDGE_LOOP('',(#3502,#3511,#3512,#3513));
#3502 = ORIENTED_EDGE('',*,*,#3503,.F.);
#3503 = EDGE_CURVE('',#3431,#3504,#3506,.T.);
#3504 = VERTEX_POINT('',#3505);
#3505 = CARTESIAN_POINT('',(2.696143503792,-4.766676825202E-16,
    1.933648701541));
#3506 = CIRCLE('',#3507,0.583630876496);
#3507 = AXIS2_PLACEMENT_3D('',#3508,#3509,#3510);
#3508 = CARTESIAN_POINT('',(3.175,-5.939536975865E-16,1.6));
#3509 = DIRECTION('',(2.449293598295E-16,1.,1.195392465782E-33));
#3510 = DIRECTION('',(-0.728199992693,1.783575580381E-16,-0.685364699005
    ));
#3511 = ORIENTED_EDGE('',*,*,#3438,.T.);
#3512 = ORIENTED_EDGE('',*,*,#3503,.T.);
#3513 = ORIENTED_EDGE('',*,*,#3514,.F.);
#3514 = EDGE_CURVE('',#3504,#3504,#3515,.T.);
#3515 = ( BOUNDED_CURVE() B_SPLINE_CURVE(13,(#3516,#3517,#3518,#3519,
    #3520,#3521,#3522,#3523,#3524,#3525,#3526,#3527,#3528,#3529),
.UNSPECIFIED.,.T.,.F.) B_SPLINE_CURVE_WITH_KNOTS((1,13,13,1),(
    -12.56637061435,2.485244407138E-16,12.566370614359,25.132741228718),
.UNSPECIFIED.) CURVE() GEOMETRIC_REPRESENTATION_ITEM() 
RATIONAL_B_SPLINE_CURVE((1.,1.,1.000000000001,0.999999999997,
    1.000000000006,0.999999999991,1.000000000009,0.999999999992,
    1.000000000006,0.999999999996,1.000000000002,0.999999999999,1.,1.)) 
REPRESENTATION_ITEM('') );
#3516 = CARTESIAN_POINT('',(2.696143503792,-4.766676825202E-16,
    1.933648701541));
#3517 = CARTESIAN_POINT('',(2.696143503793,-0.927007225469,
    1.933648701541));
#3518 = CARTESIAN_POINT('',(2.217035584528,-1.875391936142,
    1.933648701541));
#3519 = CARTESIAN_POINT('',(1.231098573497,-2.553527356544,
    1.933648701541));
#3520 = CARTESIAN_POINT('',(-0.125675899037,-2.657676033399,
    1.933648701541));
#3521 = CARTESIAN_POINT('',(-1.29776755175,-1.934891019622,
    1.933648701541));
#3522 = CARTESIAN_POINT('',(-2.15737365653,-0.87978637623,1.933648701541
    ));
#3523 = CARTESIAN_POINT('',(-2.157373656566,0.879786376245,
    1.933648701541));
#3524 = CARTESIAN_POINT('',(-1.297767551733,1.934891019596,
    1.933648701541));
#3525 = CARTESIAN_POINT('',(-0.125675899037,2.657676033422,
    1.933648701541));
#3526 = CARTESIAN_POINT('',(1.231098573491,2.553527356534,1.933648701541
    ));
#3527 = CARTESIAN_POINT('',(2.217035584532,1.875391936144,1.933648701541
    ));
#3528 = CARTESIAN_POINT('',(2.696143503792,0.927007225469,1.933648701541
    ));
#3529 = CARTESIAN_POINT('',(2.696143503792,-4.766676825202E-16,
    1.933648701541));
#3530 = SURFACE_OF_REVOLUTION('',#3531,#3536);
#3531 = CIRCLE('',#3532,0.583630876496);
#3532 = AXIS2_PLACEMENT_3D('',#3533,#3534,#3535);
#3533 = CARTESIAN_POINT('',(3.175,-5.939536975865E-16,1.6));
#3534 = DIRECTION('',(2.449293598295E-16,1.,0.));
#3535 = DIRECTION('',(-0.728199992693,1.783575580381E-16,-0.685364699005
    ));
#3536 = AXIS1_PLACEMENT('',#3537,#3538);
#3537 = CARTESIAN_POINT('',(0.75,0.,0.));
#3538 = DIRECTION('',(0.,0.,-1.));
#3539 = ADVANCED_FACE('',(#3540),#3569,.T.);
#3540 = FACE_BOUND('',#3541,.T.);
#3541 = EDGE_LOOP('',(#3542,#3550,#3567,#3568));
#3542 = ORIENTED_EDGE('',*,*,#3543,.T.);
#3543 = EDGE_CURVE('',#3504,#3544,#3546,.T.);
#3544 = VERTEX_POINT('',#3545);
#3545 = CARTESIAN_POINT('',(2.75,-4.898587196589E-16,2.105151982969));
#3546 = ( BOUNDED_CURVE() B_SPLINE_CURVE(2,(#3547,#3548,#3549),
.UNSPECIFIED.,.F.,.F.) B_SPLINE_CURVE_WITH_KNOTS((3,3),(0.,
12.566370614359),.PIECEWISE_BEZIER_KNOTS.) CURVE() 
GEOMETRIC_REPRESENTATION_ITEM() RATIONAL_B_SPLINE_CURVE((1.,
0.954064553889,1.)) REPRESENTATION_ITEM('') );
#3547 = CARTESIAN_POINT('',(2.696143503792,-4.766676825202E-16,
    1.933648701541));
#3548 = CARTESIAN_POINT('',(2.75,1.772654373884E-15,2.010944171156));
#3549 = CARTESIAN_POINT('',(2.75,-4.898587196589E-16,2.105151982969));
#3550 = ORIENTED_EDGE('',*,*,#3551,.T.);
#3551 = EDGE_CURVE('',#3544,#3544,#3552,.T.);
#3552 = ( BOUNDED_CURVE() B_SPLINE_CURVE(13,(#3553,#3554,#3555,#3556,
    #3557,#3558,#3559,#3560,#3561,#3562,#3563,#3564,#3565,#3566),
.UNSPECIFIED.,.T.,.F.) B_SPLINE_CURVE_WITH_KNOTS((1,13,13,1),(
    -12.56637061435,2.485244407138E-16,12.566370614359,25.132741228718),
.UNSPECIFIED.) CURVE() GEOMETRIC_REPRESENTATION_ITEM() 
RATIONAL_B_SPLINE_CURVE((1.,1.,1.000000000001,0.999999999997,
    1.000000000006,0.999999999991,1.000000000009,0.999999999992,
    1.000000000006,0.999999999996,1.000000000002,0.999999999999,1.,1.)) 
REPRESENTATION_ITEM('') );
#3553 = CARTESIAN_POINT('',(2.75,-4.898587196589E-16,2.105151982969));
#3554 = CARTESIAN_POINT('',(2.750000000001,-0.952660709411,
    2.105151982969));
#3555 = CARTESIAN_POINT('',(2.257633513838,-1.927290492697,
    2.105151982969));
#3556 = CARTESIAN_POINT('',(1.244412228657,-2.624192256704,2.10515198297
    ));
#3557 = CARTESIAN_POINT('',(-0.149908868316,-2.731223086295,
    2.105151982969));
#3558 = CARTESIAN_POINT('',(-1.354436335509,-1.988436120819,
    2.10515198297));
#3559 = CARTESIAN_POINT('',(-2.237830702995,-0.904133096577,
    2.105151982968));
#3560 = CARTESIAN_POINT('',(-2.237830703027,0.904133096592,2.10515198297
    ));
#3561 = CARTESIAN_POINT('',(-1.354436335496,1.988436120793,
    2.105151982969));
#3562 = CARTESIAN_POINT('',(-0.149908868313,2.731223086319,2.10515198297
    ));
#3563 = CARTESIAN_POINT('',(1.244412228648,2.624192256693,2.105151982969
    ));
#3564 = CARTESIAN_POINT('',(2.257633513843,1.9272904927,2.105151982969)
  );
#3565 = CARTESIAN_POINT('',(2.75,0.952660709411,2.105151982969));
#3566 = CARTESIAN_POINT('',(2.75,-4.898587196589E-16,2.105151982969));
#3567 = ORIENTED_EDGE('',*,*,#3543,.F.);
#3568 = ORIENTED_EDGE('',*,*,#3514,.F.);
#3569 = ( BOUNDED_SURFACE() B_SPLINE_SURFACE(2,13,(
    (#3570,#3571,#3572,#3573,#3574,#3575,#3576,#3577,#3578,#3579,#3580
      ,#3581,#3582,#3583)
    ,(#3584,#3585,#3586,#3587,#3588,#3589,#3590,#3591,#3592,#3593,#3594
      ,#3595,#3596,#3597)
    ,(#3598,#3599,#3600,#3601,#3602,#3603,#3604,#3605,#3606,#3607,#3608
      ,#3609,#3610,#3611
)),.UNSPECIFIED.,.F.,.T.,.F.) B_SPLINE_SURFACE_WITH_KNOTS((3,3),(1,13,13
    ,1),(0.,12.566370614359),(-12.56637061435,2.485244407138E-16,
    12.566370614359,25.132741228718),.UNSPECIFIED.) 
GEOMETRIC_REPRESENTATION_ITEM() RATIONAL_B_SPLINE_SURFACE((
    (1.,1.,1.000000000001,0.999999999997,1.000000000006,0.999999999991
      ,1.000000000009,0.999999999992,1.000000000006,0.999999999996
      ,1.000000000002,0.999999999999,1.,1.)
    ,(0.954064553889,0.954064553889,0.95406455389,0.954064553887
      ,0.954064553891,0.954064553886,0.954064553891,0.954064553888
      ,0.954064553889,0.95406455389,0.954064553888,0.954064553889
      ,0.954064553889,0.954064553889)
    ,(1.,1.,1.000000000001,0.999999999997,1.000000000006,0.999999999991
      ,1.000000000009,0.999999999992,1.000000000006,0.999999999996
,1.000000000002,0.999999999999,1.,1.
  ))) REPRESENTATION_ITEM('') SURFACE() );
#3570 = CARTESIAN_POINT('',(2.696143503792,-4.766676825202E-16,
    1.933648701541));
#3571 = CARTESIAN_POINT('',(2.696143503793,-0.927007225469,
    1.933648701541));
#3572 = CARTESIAN_POINT('',(2.217035584528,-1.875391936142,
    1.933648701541));
#3573 = CARTESIAN_POINT('',(1.231098573497,-2.553527356544,
    1.933648701541));
#3574 = CARTESIAN_POINT('',(-0.125675899037,-2.657676033399,
    1.933648701541));
#3575 = CARTESIAN_POINT('',(-1.29776755175,-1.934891019622,
    1.933648701541));
#3576 = CARTESIAN_POINT('',(-2.15737365653,-0.87978637623,1.933648701541
    ));
#3577 = CARTESIAN_POINT('',(-2.157373656566,0.879786376245,
    1.933648701541));
#3578 = CARTESIAN_POINT('',(-1.297767551733,1.934891019596,
    1.933648701541));
#3579 = CARTESIAN_POINT('',(-0.125675899037,2.657676033422,
    1.933648701541));
#3580 = CARTESIAN_POINT('',(1.231098573491,2.553527356534,1.933648701541
    ));
#3581 = CARTESIAN_POINT('',(2.217035584532,1.875391936144,1.933648701541
    ));
#3582 = CARTESIAN_POINT('',(2.696143503792,0.927007225469,1.933648701541
    ));
#3583 = CARTESIAN_POINT('',(2.696143503792,-4.766676825202E-16,
    1.933648701541));
#3584 = CARTESIAN_POINT('',(2.75,1.772654373884E-15,2.010944171156));
#3585 = CARTESIAN_POINT('',(2.750000000001,-0.952660709411,
    2.010944171156));
#3586 = CARTESIAN_POINT('',(2.257633513839,-1.927290492698,
    2.010944171156));
#3587 = CARTESIAN_POINT('',(1.244412228654,-2.6241922567,2.010944171156)
  );
#3588 = CARTESIAN_POINT('',(-0.149908868315,-2.731223086304,
    2.010944171155));
#3589 = CARTESIAN_POINT('',(-1.354436335502,-1.98843612081,
    2.010944171156));
#3590 = CARTESIAN_POINT('',(-2.237830703011,-0.904133096582,
    2.010944171155));
#3591 = CARTESIAN_POINT('',(-2.23783070301,0.904133096583,2.010944171156
    ));
#3592 = CARTESIAN_POINT('',(-1.354436335504,1.988436120807,
    2.010944171155));
#3593 = CARTESIAN_POINT('',(-0.149908868312,2.731223086306,
    2.010944171156));
#3594 = CARTESIAN_POINT('',(1.244412228651,2.624192256699,2.010944171156
    ));
#3595 = CARTESIAN_POINT('',(2.257633513841,1.927290492698,2.010944171156
    ));
#3596 = CARTESIAN_POINT('',(2.75,0.952660709411,2.010944171156));
#3597 = CARTESIAN_POINT('',(2.75,1.772654373884E-15,2.010944171156));
#3598 = CARTESIAN_POINT('',(2.75,-4.898587196589E-16,2.105151982969));
#3599 = CARTESIAN_POINT('',(2.750000000001,-0.952660709411,
    2.105151982969));
#3600 = CARTESIAN_POINT('',(2.257633513838,-1.927290492697,
    2.105151982969));
#3601 = CARTESIAN_POINT('',(1.244412228657,-2.624192256704,2.10515198297
    ));
#3602 = CARTESIAN_POINT('',(-0.149908868316,-2.731223086295,
    2.105151982969));
#3603 = CARTESIAN_POINT('',(-1.354436335509,-1.988436120819,
    2.10515198297));
#3604 = CARTESIAN_POINT('',(-2.237830702995,-0.904133096577,
    2.105151982968));
#3605 = CARTESIAN_POINT('',(-2.237830703027,0.904133096592,2.10515198297
    ));
#3606 = CARTESIAN_POINT('',(-1.354436335496,1.988436120793,
    2.105151982969));
#3607 = CARTESIAN_POINT('',(-0.149908868313,2.731223086319,2.10515198297
    ));
#3608 = CARTESIAN_POINT('',(1.244412228648,2.624192256693,2.105151982969
    ));
#3609 = CARTESIAN_POINT('',(2.257633513843,1.9272904927,2.105151982969)
  );
#3610 = CARTESIAN_POINT('',(2.75,0.952660709411,2.105151982969));
#3611 = CARTESIAN_POINT('',(2.75,-4.898587196589E-16,2.105151982969));
#3612 = ADVANCED_FACE('',(#3613),#3632,.T.);
#3613 = FACE_BOUND('',#3614,.T.);
#3614 = EDGE_LOOP('',(#3615,#3624,#3630,#3631));
#3615 = ORIENTED_EDGE('',*,*,#3616,.T.);
#3616 = EDGE_CURVE('',#3617,#3617,#3619,.T.);
#3617 = VERTEX_POINT('',#3618);
#3618 = CARTESIAN_POINT('',(2.75,-4.898587196589E-16,4.8));
#3619 = CIRCLE('',#3620,2.);
#3620 = AXIS2_PLACEMENT_3D('',#3621,#3622,#3623);
#3621 = CARTESIAN_POINT('',(0.75,0.,4.8));
#3622 = DIRECTION('',(0.,-0.,-1.));
#3623 = DIRECTION('',(1.,-2.449293598295E-16,0.));
#3624 = ORIENTED_EDGE('',*,*,#3625,.F.);
#3625 = EDGE_CURVE('',#3544,#3617,#3626,.T.);
#3626 = LINE('',#3627,#3628);
#3627 = CARTESIAN_POINT('',(2.75,-4.898587196589E-16,2.));
#3628 = VECTOR('',#3629,1.);
#3629 = DIRECTION('',(0.,0.,1.));
#3630 = ORIENTED_EDGE('',*,*,#3551,.F.);
#3631 = ORIENTED_EDGE('',*,*,#3625,.T.);
#3632 = CYLINDRICAL_SURFACE('',#3633,2.);
#3633 = AXIS2_PLACEMENT_3D('',#3634,#3635,#3636);
#3634 = CARTESIAN_POINT('',(0.75,0.,2.));
#3635 = DIRECTION('',(0.,0.,1.));
#3636 = DIRECTION('',(1.,-2.449293598295E-16,0.));
#3637 = ADVANCED_FACE('',(#3638),#3658,.T.);
#3638 = FACE_BOUND('',#3639,.T.);
#3639 = EDGE_LOOP('',(#3640,#3649,#3656,#3657));
#3640 = ORIENTED_EDGE('',*,*,#3641,.T.);
#3641 = EDGE_CURVE('',#3617,#3642,#3644,.T.);
#3642 = VERTEX_POINT('',#3643);
#3643 = CARTESIAN_POINT('',(2.55,-4.40872847693E-16,5.));
#3644 = CIRCLE('',#3645,0.2);
#3645 = AXIS2_PLACEMENT_3D('',#3646,#3647,#3648);
#3646 = CARTESIAN_POINT('',(2.55,-4.40872847693E-16,4.8));
#3647 = DIRECTION('',(-2.449293598295E-16,-1.,0.));
#3648 = DIRECTION('',(1.,-2.449293598295E-16,-8.881784197001E-15));
#3649 = ORIENTED_EDGE('',*,*,#3650,.T.);
#3650 = EDGE_CURVE('',#3642,#3642,#3651,.T.);
#3651 = CIRCLE('',#3652,1.8);
#3652 = AXIS2_PLACEMENT_3D('',#3653,#3654,#3655);
#3653 = CARTESIAN_POINT('',(0.75,0.,5.));
#3654 = DIRECTION('',(0.,-0.,-1.));
#3655 = DIRECTION('',(1.,-2.449293598295E-16,0.));
#3656 = ORIENTED_EDGE('',*,*,#3641,.F.);
#3657 = ORIENTED_EDGE('',*,*,#3616,.F.);
#3658 = TOROIDAL_SURFACE('',#3659,1.8,0.2);
#3659 = AXIS2_PLACEMENT_3D('',#3660,#3661,#3662);
#3660 = CARTESIAN_POINT('',(0.75,0.,4.8));
#3661 = DIRECTION('',(0.,0.,1.));
#3662 = DIRECTION('',(1.,-2.449293598295E-16,0.));
#3663 = ADVANCED_FACE('',(#3664,#3667),#3678,.F.);
#3664 = FACE_BOUND('',#3665,.F.);
#3665 = EDGE_LOOP('',(#3666));
#3666 = ORIENTED_EDGE('',*,*,#3650,.T.);
#3667 = FACE_BOUND('',#3668,.F.);
#3668 = EDGE_LOOP('',(#3669));
#3669 = ORIENTED_EDGE('',*,*,#3670,.F.);
#3670 = EDGE_CURVE('',#3671,#3671,#3673,.T.);
#3671 = VERTEX_POINT('',#3672);
#3672 = CARTESIAN_POINT('',(2.15,-3.429011037613E-16,5.));
#3673 = CIRCLE('',#3674,1.4);
#3674 = AXIS2_PLACEMENT_3D('',#3675,#3676,#3677);
#3675 = CARTESIAN_POINT('',(0.75,0.,5.));
#3676 = DIRECTION('',(0.,-0.,-1.));
#3677 = DIRECTION('',(1.,-2.449293598295E-16,0.));
#3678 = PLANE('',#3679);
#3679 = AXIS2_PLACEMENT_3D('',#3680,#3681,#3682);
#3680 = CARTESIAN_POINT('',(0.75,0.,5.));
#3681 = DIRECTION('',(0.,0.,-1.));
#3682 = DIRECTION('',(1.,-2.449293598295E-16,0.));
#3683 = ADVANCED_FACE('',(#3684),#3848,.F.);
#3684 = FACE_BOUND('',#3685,.F.);
#3685 = EDGE_LOOP('',(#3686,#3694,#3695,#3696,#3705,#3713,#3722,#3730,
    #3739,#3747,#3756,#3764,#3773,#3782,#3790,#3799,#3807,#3816,#3824,
    #3833,#3841));
#3686 = ORIENTED_EDGE('',*,*,#3687,.F.);
#3687 = EDGE_CURVE('',#3671,#3688,#3690,.T.);
#3688 = VERTEX_POINT('',#3689);
#3689 = CARTESIAN_POINT('',(2.15,-4.120529354203E-14,4.8));
#3690 = LINE('',#3691,#3692);
#3691 = CARTESIAN_POINT('',(2.15,-3.429011037613E-16,5.));
#3692 = VECTOR('',#3693,1.);
#3693 = DIRECTION('',(0.,0.,-1.));
#3694 = ORIENTED_EDGE('',*,*,#3670,.T.);
#3695 = ORIENTED_EDGE('',*,*,#3687,.T.);
#3696 = ORIENTED_EDGE('',*,*,#3697,.F.);
#3697 = EDGE_CURVE('',#3698,#3688,#3700,.T.);
#3698 = VERTEX_POINT('',#3699);
#3699 = CARTESIAN_POINT('',(2.149106857963,5.E-02,4.8));
#3700 = CIRCLE('',#3701,1.4);
#3701 = AXIS2_PLACEMENT_3D('',#3702,#3703,#3704);
#3702 = CARTESIAN_POINT('',(0.75,0.,4.8));
#3703 = DIRECTION('',(0.,0.,-1.));
#3704 = DIRECTION('',(-1.,1.224646799147E-16,0.));
#3705 = ORIENTED_EDGE('',*,*,#3706,.F.);
#3706 = EDGE_CURVE('',#3707,#3698,#3709,.T.);
#3707 = VERTEX_POINT('',#3708);
#3708 = CARTESIAN_POINT('',(2.149106857963,5.000000000001E-02,4.9));
#3709 = LINE('',#3710,#3711);
#3710 = CARTESIAN_POINT('',(2.149106857963,5.E-02,4.7));
#3711 = VECTOR('',#3712,1.);
#3712 = DIRECTION('',(0.,0.,-1.));
#3713 = ORIENTED_EDGE('',*,*,#3714,.T.);
#3714 = EDGE_CURVE('',#3707,#3715,#3717,.T.);
#3715 = VERTEX_POINT('',#3716);
#3716 = CARTESIAN_POINT('',(0.8,1.399106857963,4.9));
#3717 = CIRCLE('',#3718,1.4);
#3718 = AXIS2_PLACEMENT_3D('',#3719,#3720,#3721);
#3719 = CARTESIAN_POINT('',(0.75,0.,4.9));
#3720 = DIRECTION('',(0.,0.,1.));
#3721 = DIRECTION('',(-1.,1.224646799147E-16,0.));
#3722 = ORIENTED_EDGE('',*,*,#3723,.T.);
#3723 = EDGE_CURVE('',#3715,#3724,#3726,.T.);
#3724 = VERTEX_POINT('',#3725);
#3725 = CARTESIAN_POINT('',(0.8,1.399106857963,4.8));
#3726 = LINE('',#3727,#3728);
#3727 = CARTESIAN_POINT('',(0.8,1.399106857963,4.7));
#3728 = VECTOR('',#3729,1.);
#3729 = DIRECTION('',(0.,0.,-1.));
#3730 = ORIENTED_EDGE('',*,*,#3731,.F.);
#3731 = EDGE_CURVE('',#3732,#3724,#3734,.T.);
#3732 = VERTEX_POINT('',#3733);
#3733 = CARTESIAN_POINT('',(0.7,1.399106857963,4.8));
#3734 = CIRCLE('',#3735,1.4);
#3735 = AXIS2_PLACEMENT_3D('',#3736,#3737,#3738);
#3736 = CARTESIAN_POINT('',(0.75,0.,4.8));
#3737 = DIRECTION('',(0.,0.,-1.));
#3738 = DIRECTION('',(-1.,1.224646799147E-16,0.));
#3739 = ORIENTED_EDGE('',*,*,#3740,.F.);
#3740 = EDGE_CURVE('',#3741,#3732,#3743,.T.);
#3741 = VERTEX_POINT('',#3742);
#3742 = CARTESIAN_POINT('',(0.7,1.399106857963,4.9));
#3743 = LINE('',#3744,#3745);
#3744 = CARTESIAN_POINT('',(0.7,1.399106857963,4.7));
#3745 = VECTOR('',#3746,1.);
#3746 = DIRECTION('',(0.,0.,-1.));
#3747 = ORIENTED_EDGE('',*,*,#3748,.T.);
#3748 = EDGE_CURVE('',#3741,#3749,#3751,.T.);
#3749 = VERTEX_POINT('',#3750);
#3750 = CARTESIAN_POINT('',(-0.649106857963,4.999999999998E-02,4.9));
#3751 = CIRCLE('',#3752,1.4);
#3752 = AXIS2_PLACEMENT_3D('',#3753,#3754,#3755);
#3753 = CARTESIAN_POINT('',(0.75,0.,4.9));
#3754 = DIRECTION('',(0.,0.,1.));
#3755 = DIRECTION('',(-1.,1.224646799147E-16,0.));
#3756 = ORIENTED_EDGE('',*,*,#3757,.T.);
#3757 = EDGE_CURVE('',#3749,#3758,#3760,.T.);
#3758 = VERTEX_POINT('',#3759);
#3759 = CARTESIAN_POINT('',(-0.649106857963,5.E-02,4.8));
#3760 = LINE('',#3761,#3762);
#3761 = CARTESIAN_POINT('',(-0.649106857963,5.E-02,4.7));
#3762 = VECTOR('',#3763,1.);
#3763 = DIRECTION('',(0.,0.,-1.));
#3764 = ORIENTED_EDGE('',*,*,#3765,.F.);
#3765 = EDGE_CURVE('',#3766,#3758,#3768,.T.);
#3766 = VERTEX_POINT('',#3767);
#3767 = CARTESIAN_POINT('',(-0.65,1.714505518806E-16,4.8));
#3768 = CIRCLE('',#3769,1.4);
#3769 = AXIS2_PLACEMENT_3D('',#3770,#3771,#3772);
#3770 = CARTESIAN_POINT('',(0.75,0.,4.8));
#3771 = DIRECTION('',(0.,0.,-1.));
#3772 = DIRECTION('',(-1.,1.224646799147E-16,0.));
#3773 = ORIENTED_EDGE('',*,*,#3774,.F.);
#3774 = EDGE_CURVE('',#3775,#3766,#3777,.T.);
#3775 = VERTEX_POINT('',#3776);
#3776 = CARTESIAN_POINT('',(-0.649106857963,-5.E-02,4.8));
#3777 = CIRCLE('',#3778,1.4);
#3778 = AXIS2_PLACEMENT_3D('',#3779,#3780,#3781);
#3779 = CARTESIAN_POINT('',(0.75,0.,4.8));
#3780 = DIRECTION('',(0.,0.,-1.));
#3781 = DIRECTION('',(-1.,1.224646799147E-16,0.));
#3782 = ORIENTED_EDGE('',*,*,#3783,.F.);
#3783 = EDGE_CURVE('',#3784,#3775,#3786,.T.);
#3784 = VERTEX_POINT('',#3785);
#3785 = CARTESIAN_POINT('',(-0.649106857963,-4.999999999998E-02,4.9));
#3786 = LINE('',#3787,#3788);
#3787 = CARTESIAN_POINT('',(-0.649106857963,-5.E-02,4.7));
#3788 = VECTOR('',#3789,1.);
#3789 = DIRECTION('',(0.,0.,-1.));
#3790 = ORIENTED_EDGE('',*,*,#3791,.T.);
#3791 = EDGE_CURVE('',#3784,#3792,#3794,.T.);
#3792 = VERTEX_POINT('',#3793);
#3793 = CARTESIAN_POINT('',(0.7,-1.399106857963,4.9));
#3794 = CIRCLE('',#3795,1.4);
#3795 = AXIS2_PLACEMENT_3D('',#3796,#3797,#3798);
#3796 = CARTESIAN_POINT('',(0.75,0.,4.9));
#3797 = DIRECTION('',(0.,0.,1.));
#3798 = DIRECTION('',(-1.,1.224646799147E-16,0.));
#3799 = ORIENTED_EDGE('',*,*,#3800,.T.);
#3800 = EDGE_CURVE('',#3792,#3801,#3803,.T.);
#3801 = VERTEX_POINT('',#3802);
#3802 = CARTESIAN_POINT('',(0.7,-1.399106857963,4.8));
#3803 = LINE('',#3804,#3805);
#3804 = CARTESIAN_POINT('',(0.7,-1.399106857963,4.7));
#3805 = VECTOR('',#3806,1.);
#3806 = DIRECTION('',(0.,0.,-1.));
#3807 = ORIENTED_EDGE('',*,*,#3808,.F.);
#3808 = EDGE_CURVE('',#3809,#3801,#3811,.T.);
#3809 = VERTEX_POINT('',#3810);
#3810 = CARTESIAN_POINT('',(0.8,-1.399106857963,4.8));
#3811 = CIRCLE('',#3812,1.4);
#3812 = AXIS2_PLACEMENT_3D('',#3813,#3814,#3815);
#3813 = CARTESIAN_POINT('',(0.75,0.,4.8));
#3814 = DIRECTION('',(0.,0.,-1.));
#3815 = DIRECTION('',(-1.,1.224646799147E-16,0.));
#3816 = ORIENTED_EDGE('',*,*,#3817,.F.);
#3817 = EDGE_CURVE('',#3818,#3809,#3820,.T.);
#3818 = VERTEX_POINT('',#3819);
#3819 = CARTESIAN_POINT('',(0.8,-1.399106857963,4.9));
#3820 = LINE('',#3821,#3822);
#3821 = CARTESIAN_POINT('',(0.8,-1.399106857963,4.7));
#3822 = VECTOR('',#3823,1.);
#3823 = DIRECTION('',(0.,0.,-1.));
#3824 = ORIENTED_EDGE('',*,*,#3825,.T.);
#3825 = EDGE_CURVE('',#3818,#3826,#3828,.T.);
#3826 = VERTEX_POINT('',#3827);
#3827 = CARTESIAN_POINT('',(2.149106857963,-5.000000000001E-02,4.9));
#3828 = CIRCLE('',#3829,1.4);
#3829 = AXIS2_PLACEMENT_3D('',#3830,#3831,#3832);
#3830 = CARTESIAN_POINT('',(0.75,0.,4.9));
#3831 = DIRECTION('',(0.,0.,1.));
#3832 = DIRECTION('',(-1.,1.224646799147E-16,0.));
#3833 = ORIENTED_EDGE('',*,*,#3834,.T.);
#3834 = EDGE_CURVE('',#3826,#3835,#3837,.T.);
#3835 = VERTEX_POINT('',#3836);
#3836 = CARTESIAN_POINT('',(2.149106857963,-5.E-02,4.8));
#3837 = LINE('',#3838,#3839);
#3838 = CARTESIAN_POINT('',(2.149106857963,-5.E-02,4.7));
#3839 = VECTOR('',#3840,1.);
#3840 = DIRECTION('',(0.,0.,-1.));
#3841 = ORIENTED_EDGE('',*,*,#3842,.F.);
#3842 = EDGE_CURVE('',#3688,#3835,#3843,.T.);
#3843 = CIRCLE('',#3844,1.4);
#3844 = AXIS2_PLACEMENT_3D('',#3845,#3846,#3847);
#3845 = CARTESIAN_POINT('',(0.75,0.,4.8));
#3846 = DIRECTION('',(0.,0.,-1.));
#3847 = DIRECTION('',(-1.,1.224646799147E-16,0.));
#3848 = CYLINDRICAL_SURFACE('',#3849,1.4);
#3849 = AXIS2_PLACEMENT_3D('',#3850,#3851,#3852);
#3850 = CARTESIAN_POINT('',(0.75,0.,5.));
#3851 = DIRECTION('',(0.,0.,-1.));
#3852 = DIRECTION('',(1.,-2.449293598295E-16,0.));
#3853 = ADVANCED_FACE('',(#3854),#3918,.T.);
#3854 = FACE_BOUND('',#3855,.T.);
#3855 = EDGE_LOOP('',(#3856,#3864,#3870,#3871,#3879,#3885,#3886,#3887,
    #3895,#3901,#3902,#3910,#3916,#3917));
#3856 = ORIENTED_EDGE('',*,*,#3857,.T.);
#3857 = EDGE_CURVE('',#3775,#3858,#3860,.T.);
#3858 = VERTEX_POINT('',#3859);
#3859 = CARTESIAN_POINT('',(0.7,-5.E-02,4.8));
#3860 = LINE('',#3861,#3862);
#3861 = CARTESIAN_POINT('',(-3.3,-5.E-02,4.8));
#3862 = VECTOR('',#3863,1.);
#3863 = DIRECTION('',(1.,-8.950493387118E-17,0.));
#3864 = ORIENTED_EDGE('',*,*,#3865,.T.);
#3865 = EDGE_CURVE('',#3858,#3801,#3866,.T.);
#3866 = LINE('',#3867,#3868);
#3867 = CARTESIAN_POINT('',(0.7,-5.E-02,4.8));
#3868 = VECTOR('',#3869,1.);
#3869 = DIRECTION('',(-1.224646799147E-16,-1.,0.));
#3870 = ORIENTED_EDGE('',*,*,#3808,.F.);
#3871 = ORIENTED_EDGE('',*,*,#3872,.T.);
#3872 = EDGE_CURVE('',#3809,#3873,#3875,.T.);
#3873 = VERTEX_POINT('',#3874);
#3874 = CARTESIAN_POINT('',(0.8,-5.E-02,4.8));
#3875 = LINE('',#3876,#3877);
#3876 = CARTESIAN_POINT('',(0.8,-4.05,4.8));
#3877 = VECTOR('',#3878,1.);
#3878 = DIRECTION('',(1.224646799147E-16,1.,0.));
#3879 = ORIENTED_EDGE('',*,*,#3880,.T.);
#3880 = EDGE_CURVE('',#3873,#3835,#3881,.T.);
#3881 = LINE('',#3882,#3883);
#3882 = CARTESIAN_POINT('',(0.8,-5.E-02,4.8));
#3883 = VECTOR('',#3884,1.);
#3884 = DIRECTION('',(1.,-1.224646799147E-16,0.));
#3885 = ORIENTED_EDGE('',*,*,#3842,.F.);
#3886 = ORIENTED_EDGE('',*,*,#3697,.F.);
#3887 = ORIENTED_EDGE('',*,*,#3888,.T.);
#3888 = EDGE_CURVE('',#3698,#3889,#3891,.T.);
#3889 = VERTEX_POINT('',#3890);
#3890 = CARTESIAN_POINT('',(0.8,5.E-02,4.8));
#3891 = LINE('',#3892,#3893);
#3892 = CARTESIAN_POINT('',(4.8,5.E-02,4.8));
#3893 = VECTOR('',#3894,1.);
#3894 = DIRECTION('',(-1.,1.224646799147E-16,0.));
#3895 = ORIENTED_EDGE('',*,*,#3896,.T.);
#3896 = EDGE_CURVE('',#3889,#3724,#3897,.T.);
#3897 = LINE('',#3898,#3899);
#3898 = CARTESIAN_POINT('',(0.8,5.E-02,4.8));
#3899 = VECTOR('',#3900,1.);
#3900 = DIRECTION('',(1.224646799147E-16,1.,0.));
#3901 = ORIENTED_EDGE('',*,*,#3731,.F.);
#3902 = ORIENTED_EDGE('',*,*,#3903,.T.);
#3903 = EDGE_CURVE('',#3732,#3904,#3906,.T.);
#3904 = VERTEX_POINT('',#3905);
#3905 = CARTESIAN_POINT('',(0.7,5.E-02,4.8));
#3906 = LINE('',#3907,#3908);
#3907 = CARTESIAN_POINT('',(0.7,4.05,4.8));
#3908 = VECTOR('',#3909,1.);
#3909 = DIRECTION('',(-1.224646799147E-16,-1.,0.));
#3910 = ORIENTED_EDGE('',*,*,#3911,.T.);
#3911 = EDGE_CURVE('',#3904,#3758,#3912,.T.);
#3912 = LINE('',#3913,#3914);
#3913 = CARTESIAN_POINT('',(0.7,5.E-02,4.8));
#3914 = VECTOR('',#3915,1.);
#3915 = DIRECTION('',(-1.,1.224646799147E-16,0.));
#3916 = ORIENTED_EDGE('',*,*,#3765,.F.);
#3917 = ORIENTED_EDGE('',*,*,#3774,.F.);
#3918 = PLANE('',#3919);
#3919 = AXIS2_PLACEMENT_3D('',#3920,#3921,#3922);
#3920 = CARTESIAN_POINT('',(0.75,1.828955368499E-16,4.8));
#3921 = DIRECTION('',(-1.120282909662E-31,2.024386942235E-32,1.));
#3922 = DIRECTION('',(-1.,1.224646799147E-16,-1.120282909662E-31));
#3923 = ADVANCED_FACE('',(#3924),#3942,.F.);
#3924 = FACE_BOUND('',#3925,.F.);
#3925 = EDGE_LOOP('',(#3926,#3934,#3940,#3941));
#3926 = ORIENTED_EDGE('',*,*,#3927,.F.);
#3927 = EDGE_CURVE('',#3928,#3826,#3930,.T.);
#3928 = VERTEX_POINT('',#3929);
#3929 = CARTESIAN_POINT('',(0.8,-5.E-02,4.9));
#3930 = LINE('',#3931,#3932);
#3931 = CARTESIAN_POINT('',(0.8,-5.E-02,4.9));
#3932 = VECTOR('',#3933,1.);
#3933 = DIRECTION('',(1.,-1.224646799147E-16,0.));
#3934 = ORIENTED_EDGE('',*,*,#3935,.T.);
#3935 = EDGE_CURVE('',#3928,#3873,#3936,.T.);
#3936 = LINE('',#3937,#3938);
#3937 = CARTESIAN_POINT('',(0.8,-5.E-02,4.9));
#3938 = VECTOR('',#3939,1.);
#3939 = DIRECTION('',(-3.354000447368E-32,5.474898096827E-33,-1.));
#3940 = ORIENTED_EDGE('',*,*,#3880,.T.);
#3941 = ORIENTED_EDGE('',*,*,#3834,.F.);
#3942 = PLANE('',#3943);
#3943 = AXIS2_PLACEMENT_3D('',#3944,#3945,#3946);
#3944 = CARTESIAN_POINT('',(0.8,-5.E-02,4.9));
#3945 = DIRECTION('',(-1.224646799147E-16,-1.,-5.474898096827E-33));
#3946 = DIRECTION('',(1.,-1.224646799147E-16,9.799879136045E-66));
#3947 = ADVANCED_FACE('',(#3948),#3958,.T.);
#3948 = FACE_BOUND('',#3949,.T.);
#3949 = EDGE_LOOP('',(#3950,#3956,#3957));
#3950 = ORIENTED_EDGE('',*,*,#3951,.F.);
#3951 = EDGE_CURVE('',#3818,#3928,#3952,.T.);
#3952 = LINE('',#3953,#3954);
#3953 = CARTESIAN_POINT('',(0.8,-4.05,4.9));
#3954 = VECTOR('',#3955,1.);
#3955 = DIRECTION('',(1.224646799147E-16,1.,0.));
#3956 = ORIENTED_EDGE('',*,*,#3825,.T.);
#3957 = ORIENTED_EDGE('',*,*,#3927,.F.);
#3958 = PLANE('',#3959);
#3959 = AXIS2_PLACEMENT_3D('',#3960,#3961,#3962);
#3960 = CARTESIAN_POINT('',(0.75,-6.494268501652E-17,4.9));
#3961 = DIRECTION('',(3.354000447368E-32,-5.474898096827E-33,1.));
#3962 = DIRECTION('',(-1.,1.224646799147E-16,3.354000447368E-32));
#3963 = ADVANCED_FACE('',(#3964),#3970,.F.);
#3964 = FACE_BOUND('',#3965,.F.);
#3965 = EDGE_LOOP('',(#3966,#3967,#3968,#3969));
#3966 = ORIENTED_EDGE('',*,*,#3951,.F.);
#3967 = ORIENTED_EDGE('',*,*,#3817,.T.);
#3968 = ORIENTED_EDGE('',*,*,#3872,.T.);
#3969 = ORIENTED_EDGE('',*,*,#3935,.F.);
#3970 = PLANE('',#3971);
#3971 = AXIS2_PLACEMENT_3D('',#3972,#3973,#3974);
#3972 = CARTESIAN_POINT('',(0.8,-4.05,4.9));
#3973 = DIRECTION('',(1.,-1.224646799147E-16,-3.354000447368E-32));
#3974 = DIRECTION('',(1.224646799147E-16,1.,0.));
#3975 = ADVANCED_FACE('',(#3976),#3994,.F.);
#3976 = FACE_BOUND('',#3977,.F.);
#3977 = EDGE_LOOP('',(#3978,#3986,#3992,#3993));
#3978 = ORIENTED_EDGE('',*,*,#3979,.F.);
#3979 = EDGE_CURVE('',#3980,#3792,#3982,.T.);
#3980 = VERTEX_POINT('',#3981);
#3981 = CARTESIAN_POINT('',(0.7,-5.E-02,4.9));
#3982 = LINE('',#3983,#3984);
#3983 = CARTESIAN_POINT('',(0.7,-5.E-02,4.9));
#3984 = VECTOR('',#3985,1.);
#3985 = DIRECTION('',(-1.224646799147E-16,-1.,0.));
#3986 = ORIENTED_EDGE('',*,*,#3987,.T.);
#3987 = EDGE_CURVE('',#3980,#3858,#3988,.T.);
#3988 = LINE('',#3989,#3990);
#3989 = CARTESIAN_POINT('',(0.7,-5.E-02,4.9));
#3990 = VECTOR('',#3991,1.);
#3991 = DIRECTION('',(-3.354000447368E-32,5.474898096827E-33,-1.));
#3992 = ORIENTED_EDGE('',*,*,#3865,.T.);
#3993 = ORIENTED_EDGE('',*,*,#3800,.F.);
#3994 = PLANE('',#3995);
#3995 = AXIS2_PLACEMENT_3D('',#3996,#3997,#3998);
#3996 = CARTESIAN_POINT('',(0.7,-5.E-02,4.9));
#3997 = DIRECTION('',(-1.,1.224646799147E-16,3.354000447368E-32));
#3998 = DIRECTION('',(-1.224646799147E-16,-1.,0.));
#3999 = ADVANCED_FACE('',(#4000),#4010,.T.);
#4000 = FACE_BOUND('',#4001,.T.);
#4001 = EDGE_LOOP('',(#4002,#4008,#4009));
#4002 = ORIENTED_EDGE('',*,*,#4003,.F.);
#4003 = EDGE_CURVE('',#3784,#3980,#4004,.T.);
#4004 = LINE('',#4005,#4006);
#4005 = CARTESIAN_POINT('',(-3.3,-5.E-02,4.9));
#4006 = VECTOR('',#4007,1.);
#4007 = DIRECTION('',(1.,-8.950493387118E-17,0.));
#4008 = ORIENTED_EDGE('',*,*,#3791,.T.);
#4009 = ORIENTED_EDGE('',*,*,#3979,.F.);
#4010 = PLANE('',#4011);
#4011 = AXIS2_PLACEMENT_3D('',#4012,#4013,#4014);
#4012 = CARTESIAN_POINT('',(0.75,-6.494268501652E-17,4.9));
#4013 = DIRECTION('',(3.354000447368E-32,-5.474898096827E-33,1.));
#4014 = DIRECTION('',(-1.,1.224646799147E-16,3.354000447368E-32));
#4015 = ADVANCED_FACE('',(#4016),#4022,.F.);
#4016 = FACE_BOUND('',#4017,.F.);
#4017 = EDGE_LOOP('',(#4018,#4019,#4020,#4021));
#4018 = ORIENTED_EDGE('',*,*,#4003,.F.);
#4019 = ORIENTED_EDGE('',*,*,#3783,.T.);
#4020 = ORIENTED_EDGE('',*,*,#3857,.T.);
#4021 = ORIENTED_EDGE('',*,*,#3987,.F.);
#4022 = PLANE('',#4023);
#4023 = AXIS2_PLACEMENT_3D('',#4024,#4025,#4026);
#4024 = CARTESIAN_POINT('',(-3.3,-5.E-02,4.9));
#4025 = DIRECTION('',(-8.950493387118E-17,-1.,-5.474898096827E-33));
#4026 = DIRECTION('',(1.,-8.950493387118E-17,-5.462905094916E-66));
#4027 = ADVANCED_FACE('',(#4028),#4046,.F.);
#4028 = FACE_BOUND('',#4029,.F.);
#4029 = EDGE_LOOP('',(#4030,#4038,#4044,#4045));
#4030 = ORIENTED_EDGE('',*,*,#4031,.F.);
#4031 = EDGE_CURVE('',#4032,#3749,#4034,.T.);
#4032 = VERTEX_POINT('',#4033);
#4033 = CARTESIAN_POINT('',(0.7,5.E-02,4.9));
#4034 = LINE('',#4035,#4036);
#4035 = CARTESIAN_POINT('',(0.7,5.E-02,4.9));
#4036 = VECTOR('',#4037,1.);
#4037 = DIRECTION('',(-1.,1.224646799147E-16,0.));
#4038 = ORIENTED_EDGE('',*,*,#4039,.T.);
#4039 = EDGE_CURVE('',#4032,#3904,#4040,.T.);
#4040 = LINE('',#4041,#4042);
#4041 = CARTESIAN_POINT('',(0.7,5.E-02,4.9));
#4042 = VECTOR('',#4043,1.);
#4043 = DIRECTION('',(-3.354000447368E-32,5.474898096827E-33,-1.));
#4044 = ORIENTED_EDGE('',*,*,#3911,.T.);
#4045 = ORIENTED_EDGE('',*,*,#3757,.F.);
#4046 = PLANE('',#4047);
#4047 = AXIS2_PLACEMENT_3D('',#4048,#4049,#4050);
#4048 = CARTESIAN_POINT('',(0.7,5.E-02,4.9));
#4049 = DIRECTION('',(1.224646799147E-16,1.,5.474898096827E-33));
#4050 = DIRECTION('',(-1.,1.224646799147E-16,-9.799879136045E-66));
#4051 = ADVANCED_FACE('',(#4052),#4062,.T.);
#4052 = FACE_BOUND('',#4053,.T.);
#4053 = EDGE_LOOP('',(#4054,#4055,#4056));
#4054 = ORIENTED_EDGE('',*,*,#3748,.T.);
#4055 = ORIENTED_EDGE('',*,*,#4031,.F.);
#4056 = ORIENTED_EDGE('',*,*,#4057,.F.);
#4057 = EDGE_CURVE('',#3741,#4032,#4058,.T.);
#4058 = LINE('',#4059,#4060);
#4059 = CARTESIAN_POINT('',(0.7,4.05,4.9));
#4060 = VECTOR('',#4061,1.);
#4061 = DIRECTION('',(-1.224646799147E-16,-1.,0.));
#4062 = PLANE('',#4063);
#4063 = AXIS2_PLACEMENT_3D('',#4064,#4065,#4066);
#4064 = CARTESIAN_POINT('',(0.75,-6.494268501652E-17,4.9));
#4065 = DIRECTION('',(3.354000447368E-32,-5.474898096827E-33,1.));
#4066 = DIRECTION('',(-1.,1.224646799147E-16,3.354000447368E-32));
#4067 = ADVANCED_FACE('',(#4068),#4074,.F.);
#4068 = FACE_BOUND('',#4069,.F.);
#4069 = EDGE_LOOP('',(#4070,#4071,#4072,#4073));
#4070 = ORIENTED_EDGE('',*,*,#4057,.F.);
#4071 = ORIENTED_EDGE('',*,*,#3740,.T.);
#4072 = ORIENTED_EDGE('',*,*,#3903,.T.);
#4073 = ORIENTED_EDGE('',*,*,#4039,.F.);
#4074 = PLANE('',#4075);
#4075 = AXIS2_PLACEMENT_3D('',#4076,#4077,#4078);
#4076 = CARTESIAN_POINT('',(0.7,4.05,4.9));
#4077 = DIRECTION('',(-1.,1.224646799147E-16,3.354000447368E-32));
#4078 = DIRECTION('',(-1.224646799147E-16,-1.,0.));
#4079 = ADVANCED_FACE('',(#4080),#4098,.F.);
#4080 = FACE_BOUND('',#4081,.F.);
#4081 = EDGE_LOOP('',(#4082,#4090,#4096,#4097));
#4082 = ORIENTED_EDGE('',*,*,#4083,.F.);
#4083 = EDGE_CURVE('',#4084,#3715,#4086,.T.);
#4084 = VERTEX_POINT('',#4085);
#4085 = CARTESIAN_POINT('',(0.8,5.E-02,4.9));
#4086 = LINE('',#4087,#4088);
#4087 = CARTESIAN_POINT('',(0.8,5.E-02,4.9));
#4088 = VECTOR('',#4089,1.);
#4089 = DIRECTION('',(1.224646799147E-16,1.,0.));
#4090 = ORIENTED_EDGE('',*,*,#4091,.T.);
#4091 = EDGE_CURVE('',#4084,#3889,#4092,.T.);
#4092 = LINE('',#4093,#4094);
#4093 = CARTESIAN_POINT('',(0.8,5.E-02,4.9));
#4094 = VECTOR('',#4095,1.);
#4095 = DIRECTION('',(-3.354000447368E-32,5.474898096827E-33,-1.));
#4096 = ORIENTED_EDGE('',*,*,#3896,.T.);
#4097 = ORIENTED_EDGE('',*,*,#3723,.F.);
#4098 = PLANE('',#4099);
#4099 = AXIS2_PLACEMENT_3D('',#4100,#4101,#4102);
#4100 = CARTESIAN_POINT('',(0.8,5.E-02,4.9));
#4101 = DIRECTION('',(1.,-1.224646799147E-16,-3.354000447368E-32));
#4102 = DIRECTION('',(1.224646799147E-16,1.,0.));
#4103 = ADVANCED_FACE('',(#4104),#4114,.T.);
#4104 = FACE_BOUND('',#4105,.T.);
#4105 = EDGE_LOOP('',(#4106,#4107,#4108));
#4106 = ORIENTED_EDGE('',*,*,#3714,.T.);
#4107 = ORIENTED_EDGE('',*,*,#4083,.F.);
#4108 = ORIENTED_EDGE('',*,*,#4109,.F.);
#4109 = EDGE_CURVE('',#3707,#4084,#4110,.T.);
#4110 = LINE('',#4111,#4112);
#4111 = CARTESIAN_POINT('',(4.8,5.E-02,4.9));
#4112 = VECTOR('',#4113,1.);
#4113 = DIRECTION('',(-1.,1.224646799147E-16,0.));
#4114 = PLANE('',#4115);
#4115 = AXIS2_PLACEMENT_3D('',#4116,#4117,#4118);
#4116 = CARTESIAN_POINT('',(0.75,-6.494268501652E-17,4.9));
#4117 = DIRECTION('',(3.354000447368E-32,-5.474898096827E-33,1.));
#4118 = DIRECTION('',(-1.,1.224646799147E-16,3.354000447368E-32));
#4119 = ADVANCED_FACE('',(#4120),#4126,.F.);
#4120 = FACE_BOUND('',#4121,.F.);
#4121 = EDGE_LOOP('',(#4122,#4123,#4124,#4125));
#4122 = ORIENTED_EDGE('',*,*,#4109,.F.);
#4123 = ORIENTED_EDGE('',*,*,#3706,.T.);
#4124 = ORIENTED_EDGE('',*,*,#3888,.T.);
#4125 = ORIENTED_EDGE('',*,*,#4091,.F.);
#4126 = PLANE('',#4127);
#4127 = AXIS2_PLACEMENT_3D('',#4128,#4129,#4130);
#4128 = CARTESIAN_POINT('',(4.8,5.E-02,4.9));
#4129 = DIRECTION('',(1.224646799147E-16,1.,5.474898096827E-33));
#4130 = DIRECTION('',(-1.,1.224646799147E-16,-9.799879136045E-66));
#4131 = ORIENTED_CLOSED_SHELL('',*,#4132,.F.);
#4132 = CLOSED_SHELL('',(#4133,#4150,#4184));
#4133 = ADVANCED_FACE('',(#4134),#4145,.T.);
#4134 = FACE_BOUND('',#4135,.T.);
#4135 = EDGE_LOOP('',(#4136));
#4136 = ORIENTED_EDGE('',*,*,#4137,.T.);
#4137 = EDGE_CURVE('',#4138,#4138,#4140,.T.);
#4138 = VERTEX_POINT('',#4139);
#4139 = CARTESIAN_POINT('',(2.15,-3.429011037613E-16,4.6));
#4140 = CIRCLE('',#4141,1.4);
#4141 = AXIS2_PLACEMENT_3D('',#4142,#4143,#4144);
#4142 = CARTESIAN_POINT('',(0.75,0.,4.6));
#4143 = DIRECTION('',(0.,-0.,-1.));
#4144 = DIRECTION('',(1.,-2.449293598295E-16,0.));
#4145 = PLANE('',#4146);
#4146 = AXIS2_PLACEMENT_3D('',#4147,#4148,#4149);
#4147 = CARTESIAN_POINT('',(0.75,0.,4.6));
#4148 = DIRECTION('',(0.,0.,-1.));
#4149 = DIRECTION('',(1.,-2.449293598295E-16,0.));
#4150 = ADVANCED_FACE('',(#4151),#4179,.T.);
#4151 = FACE_BOUND('',#4152,.T.);
#4152 = EDGE_LOOP('',(#4153,#4164,#4170,#4171,#4172));
#4153 = ORIENTED_EDGE('',*,*,#4154,.F.);
#4154 = EDGE_CURVE('',#4155,#4157,#4159,.T.);
#4155 = VERTEX_POINT('',#4156);
#4156 = CARTESIAN_POINT('',(2.15,-4.044415675322E-14,4.7));
#4157 = VERTEX_POINT('',#4158);
#4158 = CARTESIAN_POINT('',(-0.65,1.714505518806E-16,4.7));
#4159 = CIRCLE('',#4160,1.4);
#4160 = AXIS2_PLACEMENT_3D('',#4161,#4162,#4163);
#4161 = CARTESIAN_POINT('',(0.75,0.,4.7));
#4162 = DIRECTION('',(0.,0.,1.));
#4163 = DIRECTION('',(-1.,1.224646799147E-16,0.));
#4164 = ORIENTED_EDGE('',*,*,#4165,.T.);
#4165 = EDGE_CURVE('',#4155,#4138,#4166,.T.);
#4166 = LINE('',#4167,#4168);
#4167 = CARTESIAN_POINT('',(2.15,-3.429011037613E-16,5.));
#4168 = VECTOR('',#4169,1.);
#4169 = DIRECTION('',(0.,0.,-1.));
#4170 = ORIENTED_EDGE('',*,*,#4137,.F.);
#4171 = ORIENTED_EDGE('',*,*,#4165,.F.);
#4172 = ORIENTED_EDGE('',*,*,#4173,.F.);
#4173 = EDGE_CURVE('',#4157,#4155,#4174,.T.);
#4174 = CIRCLE('',#4175,1.4);
#4175 = AXIS2_PLACEMENT_3D('',#4176,#4177,#4178);
#4176 = CARTESIAN_POINT('',(0.75,0.,4.7));
#4177 = DIRECTION('',(0.,0.,1.));
#4178 = DIRECTION('',(-1.,1.224646799147E-16,0.));
#4179 = CYLINDRICAL_SURFACE('',#4180,1.4);
#4180 = AXIS2_PLACEMENT_3D('',#4181,#4182,#4183);
#4181 = CARTESIAN_POINT('',(0.75,0.,5.));
#4182 = DIRECTION('',(0.,0.,-1.));
#4183 = DIRECTION('',(1.,-2.449293598295E-16,0.));
#4184 = ADVANCED_FACE('',(#4185),#4189,.T.);
#4185 = FACE_BOUND('',#4186,.T.);
#4186 = EDGE_LOOP('',(#4187,#4188));
#4187 = ORIENTED_EDGE('',*,*,#4173,.T.);
#4188 = ORIENTED_EDGE('',*,*,#4154,.T.);
#4189 = PLANE('',#4190);
#4190 = AXIS2_PLACEMENT_3D('',#4191,#4192,#4193);
#4191 = CARTESIAN_POINT('',(0.75,-6.494268501652E-17,4.7));
#4192 = DIRECTION('',(3.354000447368E-32,-5.474898096827E-33,1.));
#4193 = DIRECTION('',(-1.,1.224646799147E-16,3.354000447368E-32));
#4194 = ( GEOMETRIC_REPRESENTATION_CONTEXT(3) 
GLOBAL_UNCERTAINTY_ASSIGNED_CONTEXT((#4198)) 
GLOBAL_UNIT_ASSIGNED_CONTEXT((#4195,#4196,#4197)) REPRESENTATION_CONTEXT
('Context #1','3D Context with UNIT and UNCERTAINTY') );
#4195 = ( LENGTH_UNIT() NAMED_UNIT(*) SI_UNIT(.MILLI.,.METRE.) );
#4196 = ( NAMED_UNIT(*) PLANE_ANGLE_UNIT() SI_UNIT($,.RADIAN.) );
#4197 = ( NAMED_UNIT(*) SI_UNIT($,.STERADIAN.) SOLID_ANGLE_UNIT() );
#4198 = UNCERTAINTY_MEASURE_WITH_UNIT(LENGTH_MEASURE(1.E-06),#4195,
  'distance_accuracy_value','confusion accuracy');
#4199 = CONTEXT_DEPENDENT_SHAPE_REPRESENTATION(#4200,#4202);
#4200 = ( REPRESENTATION_RELATIONSHIP('','',#3206,#10) 
REPRESENTATION_RELATIONSHIP_WITH_TRANSFORMATION(#4201) 
SHAPE_REPRESENTATION_RELATIONSHIP() );
#4201 = ITEM_DEFINED_TRANSFORMATION('','',#11,#31);
#4202 = PRODUCT_DEFINITION_SHAPE('Placement','Placement of an item',
  #4203);
#4203 = NEXT_ASSEMBLY_USAGE_OCCURRENCE('5','C1','',#5,#3201,$);
#4204 = PRODUCT_RELATED_PRODUCT_CATEGORY('part',$,(#3203));
#4205 = SHAPE_DEFINITION_REPRESENTATION(#4206,#4212);
#4206 = PRODUCT_DEFINITION_SHAPE('','',#4207);
#4207 = PRODUCT_DEFINITION('design','',#4208,#4211);
#4208 = PRODUCT_DEFINITION_FORMATION('','',#4209);
#4209 = PRODUCT('R_Axial_DIN0414_L11.9mm_D4.5mm_P15.24mm_Horizontal',
  'R_Axial_DIN0414_L11.9mm_D4.5mm_P15.24mm_Horizontal','',(#4210));
#4210 = PRODUCT_CONTEXT('',#2,'mechanical');
#4211 = PRODUCT_DEFINITION_CONTEXT('part definition',#2,'design');
#4212 = ADVANCED_BREP_SHAPE_REPRESENTATION('',(#11,#4213),#4600);
#4213 = MANIFOLD_SOLID_BREP('',#4214);
#4214 = CLOSED_SHELL('',(#4215,#4248,#4274,#4294,#4314,#4339,#4364,#4384
    ,#4410,#4435,#4460,#4486,#4495,#4515,#4540,#4566,#4591));
#4215 = ADVANCED_FACE('',(#4216),#4243,.T.);
#4216 = FACE_BOUND('',#4217,.T.);
#4217 = EDGE_LOOP('',(#4218,#4227,#4235,#4242));
#4218 = ORIENTED_EDGE('',*,*,#4219,.T.);
#4219 = EDGE_CURVE('',#4220,#4220,#4222,.T.);
#4220 = VERTEX_POINT('',#4221);
#4221 = CARTESIAN_POINT('',(2.795,2.25,2.25));
#4222 = CIRCLE('',#4223,2.25);
#4223 = AXIS2_PLACEMENT_3D('',#4224,#4225,#4226);
#4224 = CARTESIAN_POINT('',(2.795,0.,2.25));
#4225 = DIRECTION('',(1.,0.,0.));
#4226 = DIRECTION('',(-0.,1.,0.));
#4227 = ORIENTED_EDGE('',*,*,#4228,.T.);
#4228 = EDGE_CURVE('',#4220,#4229,#4231,.T.);
#4229 = VERTEX_POINT('',#4230);
#4230 = CARTESIAN_POINT('',(4.645,2.25,2.25));
#4231 = LINE('',#4232,#4233);
#4232 = CARTESIAN_POINT('',(1.67,2.25,2.25));
#4233 = VECTOR('',#4234,1.);
#4234 = DIRECTION('',(1.,0.,0.));
#4235 = ORIENTED_EDGE('',*,*,#4236,.F.);
#4236 = EDGE_CURVE('',#4229,#4229,#4237,.T.);
#4237 = CIRCLE('',#4238,2.25);
#4238 = AXIS2_PLACEMENT_3D('',#4239,#4240,#4241);
#4239 = CARTESIAN_POINT('',(4.645,0.,2.25));
#4240 = DIRECTION('',(1.,0.,0.));
#4241 = DIRECTION('',(-0.,1.,0.));
#4242 = ORIENTED_EDGE('',*,*,#4228,.F.);
#4243 = CYLINDRICAL_SURFACE('',#4244,2.25);
#4244 = AXIS2_PLACEMENT_3D('',#4245,#4246,#4247);
#4245 = CARTESIAN_POINT('',(1.67,0.,2.25));
#4246 = DIRECTION('',(-1.,-0.,-0.));
#4247 = DIRECTION('',(0.,1.,0.));
#4248 = ADVANCED_FACE('',(#4249),#4269,.T.);
#4249 = FACE_BOUND('',#4250,.T.);
#4250 = EDGE_LOOP('',(#4251,#4260,#4267,#4268));
#4251 = ORIENTED_EDGE('',*,*,#4252,.T.);
#4252 = EDGE_CURVE('',#4253,#4253,#4255,.T.);
#4253 = VERTEX_POINT('',#4254);
#4254 = CARTESIAN_POINT('',(1.67,1.125,2.25));
#4255 = CIRCLE('',#4256,1.125);
#4256 = AXIS2_PLACEMENT_3D('',#4257,#4258,#4259);
#4257 = CARTESIAN_POINT('',(1.67,0.,2.25));
#4258 = DIRECTION('',(1.,0.,0.));
#4259 = DIRECTION('',(-0.,1.,0.));
#4260 = ORIENTED_EDGE('',*,*,#4261,.F.);
#4261 = EDGE_CURVE('',#4220,#4253,#4262,.T.);
#4262 = CIRCLE('',#4263,1.125);
#4263 = AXIS2_PLACEMENT_3D('',#4264,#4265,#4266);
#4264 = CARTESIAN_POINT('',(2.795,1.125,2.25));
#4265 = DIRECTION('',(0.,-0.,1.));
#4266 = DIRECTION('',(0.,1.,0.));
#4267 = ORIENTED_EDGE('',*,*,#4219,.F.);
#4268 = ORIENTED_EDGE('',*,*,#4261,.T.);
#4269 = TOROIDAL_SURFACE('',#4270,1.125,1.125);
#4270 = AXIS2_PLACEMENT_3D('',#4271,#4272,#4273);
#4271 = CARTESIAN_POINT('',(2.795,0.,2.25));
#4272 = DIRECTION('',(-1.,0.,0.));
#4273 = DIRECTION('',(0.,1.,0.));
#4274 = ADVANCED_FACE('',(#4275,#4278),#4289,.F.);
#4275 = FACE_BOUND('',#4276,.F.);
#4276 = EDGE_LOOP('',(#4277));
#4277 = ORIENTED_EDGE('',*,*,#4236,.F.);
#4278 = FACE_BOUND('',#4279,.F.);
#4279 = EDGE_LOOP('',(#4280));
#4280 = ORIENTED_EDGE('',*,*,#4281,.F.);
#4281 = EDGE_CURVE('',#4282,#4282,#4284,.T.);
#4282 = VERTEX_POINT('',#4283);
#4283 = CARTESIAN_POINT('',(4.645,2.025,2.25));
#4284 = CIRCLE('',#4285,2.025);
#4285 = AXIS2_PLACEMENT_3D('',#4286,#4287,#4288);
#4286 = CARTESIAN_POINT('',(4.645,0.,2.25));
#4287 = DIRECTION('',(-1.,0.,0.));
#4288 = DIRECTION('',(0.,1.,0.));
#4289 = PLANE('',#4290);
#4290 = AXIS2_PLACEMENT_3D('',#4291,#4292,#4293);
#4291 = CARTESIAN_POINT('',(4.645,2.25,2.25));
#4292 = DIRECTION('',(-1.,0.,0.));
#4293 = DIRECTION('',(0.,0.,-1.));
#4294 = ADVANCED_FACE('',(#4295,#4298),#4309,.T.);
#4295 = FACE_BOUND('',#4296,.T.);
#4296 = EDGE_LOOP('',(#4297));
#4297 = ORIENTED_EDGE('',*,*,#4252,.F.);
#4298 = FACE_BOUND('',#4299,.T.);
#4299 = EDGE_LOOP('',(#4300));
#4300 = ORIENTED_EDGE('',*,*,#4301,.T.);
#4301 = EDGE_CURVE('',#4302,#4302,#4304,.T.);
#4302 = VERTEX_POINT('',#4303);
#4303 = CARTESIAN_POINT('',(1.67,0.,1.85));
#4304 = CIRCLE('',#4305,0.4);
#4305 = AXIS2_PLACEMENT_3D('',#4306,#4307,#4308);
#4306 = CARTESIAN_POINT('',(1.67,0.,2.25));
#4307 = DIRECTION('',(1.,-0.,0.));
#4308 = DIRECTION('',(0.,0.,-1.));
#4309 = PLANE('',#4310);
#4310 = AXIS2_PLACEMENT_3D('',#4311,#4312,#4313);
#4311 = CARTESIAN_POINT('',(1.67,2.25,2.25));
#4312 = DIRECTION('',(-1.,0.,0.));
#4313 = DIRECTION('',(0.,0.,-1.));
#4314 = ADVANCED_FACE('',(#4315),#4334,.T.);
#4315 = FACE_BOUND('',#4316,.T.);
#4316 = EDGE_LOOP('',(#4317,#4326,#4332,#4333));
#4317 = ORIENTED_EDGE('',*,*,#4318,.T.);
#4318 = EDGE_CURVE('',#4319,#4319,#4321,.T.);
#4319 = VERTEX_POINT('',#4320);
#4320 = CARTESIAN_POINT('',(10.595,2.025,2.25));
#4321 = CIRCLE('',#4322,2.025);
#4322 = AXIS2_PLACEMENT_3D('',#4323,#4324,#4325);
#4323 = CARTESIAN_POINT('',(10.595,0.,2.25));
#4324 = DIRECTION('',(-1.,0.,0.));
#4325 = DIRECTION('',(0.,1.,0.));
#4326 = ORIENTED_EDGE('',*,*,#4327,.F.);
#4327 = EDGE_CURVE('',#4282,#4319,#4328,.T.);
#4328 = LINE('',#4329,#4330);
#4329 = CARTESIAN_POINT('',(1.67,2.025,2.25));
#4330 = VECTOR('',#4331,1.);
#4331 = DIRECTION('',(1.,0.,0.));
#4332 = ORIENTED_EDGE('',*,*,#4281,.F.);
#4333 = ORIENTED_EDGE('',*,*,#4327,.T.);
#4334 = CYLINDRICAL_SURFACE('',#4335,2.025);
#4335 = AXIS2_PLACEMENT_3D('',#4336,#4337,#4338);
#4336 = CARTESIAN_POINT('',(1.67,0.,2.25));
#4337 = DIRECTION('',(-1.,-0.,-0.));
#4338 = DIRECTION('',(0.,1.,0.));
#4339 = ADVANCED_FACE('',(#4340),#4359,.T.);
#4340 = FACE_BOUND('',#4341,.T.);
#4341 = EDGE_LOOP('',(#4342,#4351,#4357,#4358));
#4342 = ORIENTED_EDGE('',*,*,#4343,.F.);
#4343 = EDGE_CURVE('',#4344,#4344,#4346,.T.);
#4344 = VERTEX_POINT('',#4345);
#4345 = CARTESIAN_POINT('',(1.2,0.,1.85));
#4346 = CIRCLE('',#4347,0.4);
#4347 = AXIS2_PLACEMENT_3D('',#4348,#4349,#4350);
#4348 = CARTESIAN_POINT('',(1.2,0.,2.25));
#4349 = DIRECTION('',(-1.,0.,-4.313066814991E-16));
#4350 = DIRECTION('',(-4.313066814991E-16,0.,1.));
#4351 = ORIENTED_EDGE('',*,*,#4352,.T.);
#4352 = EDGE_CURVE('',#4344,#4302,#4353,.T.);
#4353 = LINE('',#4354,#4355);
#4354 = CARTESIAN_POINT('',(1.2,0.,1.85));
#4355 = VECTOR('',#4356,1.);
#4356 = DIRECTION('',(1.,0.,0.));
#4357 = ORIENTED_EDGE('',*,*,#4301,.F.);
#4358 = ORIENTED_EDGE('',*,*,#4352,.F.);
#4359 = CYLINDRICAL_SURFACE('',#4360,0.4);
#4360 = AXIS2_PLACEMENT_3D('',#4361,#4362,#4363);
#4361 = CARTESIAN_POINT('',(1.2,0.,2.25));
#4362 = DIRECTION('',(1.,0.,0.));
#4363 = DIRECTION('',(0.,0.,-1.));
#4364 = ADVANCED_FACE('',(#4365,#4376),#4379,.T.);
#4365 = FACE_BOUND('',#4366,.T.);
#4366 = EDGE_LOOP('',(#4367));
#4367 = ORIENTED_EDGE('',*,*,#4368,.F.);
#4368 = EDGE_CURVE('',#4369,#4369,#4371,.T.);
#4369 = VERTEX_POINT('',#4370);
#4370 = CARTESIAN_POINT('',(10.595,2.25,2.25));
#4371 = CIRCLE('',#4372,2.25);
#4372 = AXIS2_PLACEMENT_3D('',#4373,#4374,#4375);
#4373 = CARTESIAN_POINT('',(10.595,0.,2.25));
#4374 = DIRECTION('',(1.,0.,0.));
#4375 = DIRECTION('',(-0.,1.,0.));
#4376 = FACE_BOUND('',#4377,.T.);
#4377 = EDGE_LOOP('',(#4378));
#4378 = ORIENTED_EDGE('',*,*,#4318,.F.);
#4379 = PLANE('',#4380);
#4380 = AXIS2_PLACEMENT_3D('',#4381,#4382,#4383);
#4381 = CARTESIAN_POINT('',(10.595,2.25,2.25));
#4382 = DIRECTION('',(-1.,0.,0.));
#4383 = DIRECTION('',(0.,0.,-1.));
#4384 = ADVANCED_FACE('',(#4385),#4405,.T.);
#4385 = FACE_BOUND('',#4386,.T.);
#4386 = EDGE_LOOP('',(#4387,#4396,#4397,#4398));
#4387 = ORIENTED_EDGE('',*,*,#4388,.T.);
#4388 = EDGE_CURVE('',#4389,#4344,#4391,.T.);
#4389 = VERTEX_POINT('',#4390);
#4390 = CARTESIAN_POINT('',(0.4,0.,1.05));
#4391 = CIRCLE('',#4392,0.8);
#4392 = AXIS2_PLACEMENT_3D('',#4393,#4394,#4395);
#4393 = CARTESIAN_POINT('',(1.2,1.469576158977E-16,1.05));
#4394 = DIRECTION('',(0.,1.,-0.));
#4395 = DIRECTION('',(-1.,0.,7.401486830834E-16));
#4396 = ORIENTED_EDGE('',*,*,#4343,.T.);
#4397 = ORIENTED_EDGE('',*,*,#4388,.F.);
#4398 = ORIENTED_EDGE('',*,*,#4399,.T.);
#4399 = EDGE_CURVE('',#4389,#4389,#4400,.T.);
#4400 = CIRCLE('',#4401,0.4);
#4401 = AXIS2_PLACEMENT_3D('',#4402,#4403,#4404);
#4402 = CARTESIAN_POINT('',(0.,0.,1.05));
#4403 = DIRECTION('',(0.,0.,1.));
#4404 = DIRECTION('',(1.,0.,-0.));
#4405 = TOROIDAL_SURFACE('',#4406,1.2,0.4);
#4406 = AXIS2_PLACEMENT_3D('',#4407,#4408,#4409);
#4407 = CARTESIAN_POINT('',(1.2,0.,1.05));
#4408 = DIRECTION('',(0.,1.,0.));
#4409 = DIRECTION('',(-1.,0.,7.401486830834E-16));
#4410 = ADVANCED_FACE('',(#4411),#4430,.T.);
#4411 = FACE_BOUND('',#4412,.T.);
#4412 = EDGE_LOOP('',(#4413,#4414,#4422,#4429));
#4413 = ORIENTED_EDGE('',*,*,#4368,.T.);
#4414 = ORIENTED_EDGE('',*,*,#4415,.T.);
#4415 = EDGE_CURVE('',#4369,#4416,#4418,.T.);
#4416 = VERTEX_POINT('',#4417);
#4417 = CARTESIAN_POINT('',(12.445,2.25,2.25));
#4418 = LINE('',#4419,#4420);
#4419 = CARTESIAN_POINT('',(10.595,2.25,2.25));
#4420 = VECTOR('',#4421,1.);
#4421 = DIRECTION('',(1.,0.,0.));
#4422 = ORIENTED_EDGE('',*,*,#4423,.F.);
#4423 = EDGE_CURVE('',#4416,#4416,#4424,.T.);
#4424 = CIRCLE('',#4425,2.25);
#4425 = AXIS2_PLACEMENT_3D('',#4426,#4427,#4428);
#4426 = CARTESIAN_POINT('',(12.445,0.,2.25));
#4427 = DIRECTION('',(1.,0.,0.));
#4428 = DIRECTION('',(-0.,1.,0.));
#4429 = ORIENTED_EDGE('',*,*,#4415,.F.);
#4430 = CYLINDRICAL_SURFACE('',#4431,2.25);
#4431 = AXIS2_PLACEMENT_3D('',#4432,#4433,#4434);
#4432 = CARTESIAN_POINT('',(10.595,0.,2.25));
#4433 = DIRECTION('',(-1.,-0.,-0.));
#4434 = DIRECTION('',(0.,1.,0.));
#4435 = ADVANCED_FACE('',(#4436),#4455,.T.);
#4436 = FACE_BOUND('',#4437,.T.);
#4437 = EDGE_LOOP('',(#4438,#4446,#4447,#4448));
#4438 = ORIENTED_EDGE('',*,*,#4439,.T.);
#4439 = EDGE_CURVE('',#4440,#4389,#4442,.T.);
#4440 = VERTEX_POINT('',#4441);
#4441 = CARTESIAN_POINT('',(0.4,-9.797174393179E-17,-3.));
#4442 = LINE('',#4443,#4444);
#4443 = CARTESIAN_POINT('',(0.4,0.,-3.));
#4444 = VECTOR('',#4445,1.);
#4445 = DIRECTION('',(0.,0.,1.));
#4446 = ORIENTED_EDGE('',*,*,#4399,.F.);
#4447 = ORIENTED_EDGE('',*,*,#4439,.F.);
#4448 = ORIENTED_EDGE('',*,*,#4449,.T.);
#4449 = EDGE_CURVE('',#4440,#4440,#4450,.T.);
#4450 = CIRCLE('',#4451,0.4);
#4451 = AXIS2_PLACEMENT_3D('',#4452,#4453,#4454);
#4452 = CARTESIAN_POINT('',(0.,0.,-3.));
#4453 = DIRECTION('',(0.,0.,1.));
#4454 = DIRECTION('',(1.,0.,-0.));
#4455 = CYLINDRICAL_SURFACE('',#4456,0.4);
#4456 = AXIS2_PLACEMENT_3D('',#4457,#4458,#4459);
#4457 = CARTESIAN_POINT('',(0.,0.,-3.));
#4458 = DIRECTION('',(0.,0.,1.));
#4459 = DIRECTION('',(1.,0.,-0.));
#4460 = ADVANCED_FACE('',(#4461),#4481,.T.);
#4461 = FACE_BOUND('',#4462,.T.);
#4462 = EDGE_LOOP('',(#4463,#4472,#4473,#4474));
#4463 = ORIENTED_EDGE('',*,*,#4464,.F.);
#4464 = EDGE_CURVE('',#4416,#4465,#4467,.T.);
#4465 = VERTEX_POINT('',#4466);
#4466 = CARTESIAN_POINT('',(13.57,1.125,2.25));
#4467 = CIRCLE('',#4468,1.125);
#4468 = AXIS2_PLACEMENT_3D('',#4469,#4470,#4471);
#4469 = CARTESIAN_POINT('',(12.445,1.125,2.25));
#4470 = DIRECTION('',(0.,0.,-1.));
#4471 = DIRECTION('',(0.,1.,0.));
#4472 = ORIENTED_EDGE('',*,*,#4423,.T.);
#4473 = ORIENTED_EDGE('',*,*,#4464,.T.);
#4474 = ORIENTED_EDGE('',*,*,#4475,.F.);
#4475 = EDGE_CURVE('',#4465,#4465,#4476,.T.);
#4476 = CIRCLE('',#4477,1.125);
#4477 = AXIS2_PLACEMENT_3D('',#4478,#4479,#4480);
#4478 = CARTESIAN_POINT('',(13.57,0.,2.25));
#4479 = DIRECTION('',(1.,0.,0.));
#4480 = DIRECTION('',(-0.,1.,0.));
#4481 = TOROIDAL_SURFACE('',#4482,1.125,1.125);
#4482 = AXIS2_PLACEMENT_3D('',#4483,#4484,#4485);
#4483 = CARTESIAN_POINT('',(12.445,0.,2.25));
#4484 = DIRECTION('',(1.,0.,0.));
#4485 = DIRECTION('',(-0.,1.,0.));
#4486 = ADVANCED_FACE('',(#4487),#4490,.T.);
#4487 = FACE_BOUND('',#4488,.F.);
#4488 = EDGE_LOOP('',(#4489));
#4489 = ORIENTED_EDGE('',*,*,#4449,.T.);
#4490 = PLANE('',#4491);
#4491 = AXIS2_PLACEMENT_3D('',#4492,#4493,#4494);
#4492 = CARTESIAN_POINT('',(0.4,0.,-3.));
#4493 = DIRECTION('',(0.,0.,-1.));
#4494 = DIRECTION('',(-1.,0.,0.));
#4495 = ADVANCED_FACE('',(#4496,#4499),#4510,.F.);
#4496 = FACE_BOUND('',#4497,.F.);
#4497 = EDGE_LOOP('',(#4498));
#4498 = ORIENTED_EDGE('',*,*,#4475,.F.);
#4499 = FACE_BOUND('',#4500,.F.);
#4500 = EDGE_LOOP('',(#4501));
#4501 = ORIENTED_EDGE('',*,*,#4502,.T.);
#4502 = EDGE_CURVE('',#4503,#4503,#4505,.T.);
#4503 = VERTEX_POINT('',#4504);
#4504 = CARTESIAN_POINT('',(13.57,0.,1.85));
#4505 = CIRCLE('',#4506,0.4);
#4506 = AXIS2_PLACEMENT_3D('',#4507,#4508,#4509);
#4507 = CARTESIAN_POINT('',(13.57,0.,2.25));
#4508 = DIRECTION('',(1.,-0.,0.));
#4509 = DIRECTION('',(0.,0.,-1.));
#4510 = PLANE('',#4511);
#4511 = AXIS2_PLACEMENT_3D('',#4512,#4513,#4514);
#4512 = CARTESIAN_POINT('',(13.57,2.25,2.25));
#4513 = DIRECTION('',(-1.,0.,0.));
#4514 = DIRECTION('',(0.,0.,-1.));
#4515 = ADVANCED_FACE('',(#4516),#4535,.T.);
#4516 = FACE_BOUND('',#4517,.T.);
#4517 = EDGE_LOOP('',(#4518,#4519,#4527,#4534));
#4518 = ORIENTED_EDGE('',*,*,#4502,.T.);
#4519 = ORIENTED_EDGE('',*,*,#4520,.T.);
#4520 = EDGE_CURVE('',#4503,#4521,#4523,.T.);
#4521 = VERTEX_POINT('',#4522);
#4522 = CARTESIAN_POINT('',(14.04,0.,1.85));
#4523 = LINE('',#4524,#4525);
#4524 = CARTESIAN_POINT('',(1.2,0.,1.85));
#4525 = VECTOR('',#4526,1.);
#4526 = DIRECTION('',(1.,0.,0.));
#4527 = ORIENTED_EDGE('',*,*,#4528,.F.);
#4528 = EDGE_CURVE('',#4521,#4521,#4529,.T.);
#4529 = CIRCLE('',#4530,0.4);
#4530 = AXIS2_PLACEMENT_3D('',#4531,#4532,#4533);
#4531 = CARTESIAN_POINT('',(14.04,0.,2.25));
#4532 = DIRECTION('',(1.,-0.,0.));
#4533 = DIRECTION('',(0.,0.,-1.));
#4534 = ORIENTED_EDGE('',*,*,#4520,.F.);
#4535 = CYLINDRICAL_SURFACE('',#4536,0.4);
#4536 = AXIS2_PLACEMENT_3D('',#4537,#4538,#4539);
#4537 = CARTESIAN_POINT('',(1.2,0.,2.25));
#4538 = DIRECTION('',(1.,0.,0.));
#4539 = DIRECTION('',(0.,0.,-1.));
#4540 = ADVANCED_FACE('',(#4541),#4561,.T.);
#4541 = FACE_BOUND('',#4542,.T.);
#4542 = EDGE_LOOP('',(#4543,#4552,#4559,#4560));
#4543 = ORIENTED_EDGE('',*,*,#4544,.T.);
#4544 = EDGE_CURVE('',#4521,#4545,#4547,.T.);
#4545 = VERTEX_POINT('',#4546);
#4546 = CARTESIAN_POINT('',(14.84,0.,1.05));
#4547 = CIRCLE('',#4548,0.8);
#4548 = AXIS2_PLACEMENT_3D('',#4549,#4550,#4551);
#4549 = CARTESIAN_POINT('',(14.04,1.469576158977E-16,1.05));
#4550 = DIRECTION('',(0.,1.,-0.));
#4551 = DIRECTION('',(-2.960594732334E-15,0.,1.));
#4552 = ORIENTED_EDGE('',*,*,#4553,.T.);
#4553 = EDGE_CURVE('',#4545,#4545,#4554,.T.);
#4554 = CIRCLE('',#4555,0.4);
#4555 = AXIS2_PLACEMENT_3D('',#4556,#4557,#4558);
#4556 = CARTESIAN_POINT('',(15.24,0.,1.05));
#4557 = DIRECTION('',(1.41906502621E-15,-0.,1.));
#4558 = DIRECTION('',(1.,0.,-1.41906502621E-15));
#4559 = ORIENTED_EDGE('',*,*,#4544,.F.);
#4560 = ORIENTED_EDGE('',*,*,#4528,.T.);
#4561 = TOROIDAL_SURFACE('',#4562,1.2,0.4);
#4562 = AXIS2_PLACEMENT_3D('',#4563,#4564,#4565);
#4563 = CARTESIAN_POINT('',(14.04,0.,1.05));
#4564 = DIRECTION('',(0.,1.,0.));
#4565 = DIRECTION('',(-2.960594732334E-15,0.,1.));
#4566 = ADVANCED_FACE('',(#4567),#4586,.T.);
#4567 = FACE_BOUND('',#4568,.T.);
#4568 = EDGE_LOOP('',(#4569,#4577,#4584,#4585));
#4569 = ORIENTED_EDGE('',*,*,#4570,.T.);
#4570 = EDGE_CURVE('',#4545,#4571,#4573,.T.);
#4571 = VERTEX_POINT('',#4572);
#4572 = CARTESIAN_POINT('',(14.84,-9.797174393179E-17,-3.));
#4573 = LINE('',#4574,#4575);
#4574 = CARTESIAN_POINT('',(14.84,0.,1.05));
#4575 = VECTOR('',#4576,1.);
#4576 = DIRECTION('',(0.,0.,-1.));
#4577 = ORIENTED_EDGE('',*,*,#4578,.F.);
#4578 = EDGE_CURVE('',#4571,#4571,#4579,.T.);
#4579 = CIRCLE('',#4580,0.4);
#4580 = AXIS2_PLACEMENT_3D('',#4581,#4582,#4583);
#4581 = CARTESIAN_POINT('',(15.24,0.,-3.));
#4582 = DIRECTION('',(0.,0.,-1.));
#4583 = DIRECTION('',(-1.,0.,0.));
#4584 = ORIENTED_EDGE('',*,*,#4570,.F.);
#4585 = ORIENTED_EDGE('',*,*,#4553,.F.);
#4586 = CYLINDRICAL_SURFACE('',#4587,0.4);
#4587 = AXIS2_PLACEMENT_3D('',#4588,#4589,#4590);
#4588 = CARTESIAN_POINT('',(15.24,0.,1.05));
#4589 = DIRECTION('',(0.,0.,-1.));
#4590 = DIRECTION('',(-1.,0.,0.));
#4591 = ADVANCED_FACE('',(#4592),#4595,.F.);
#4592 = FACE_BOUND('',#4593,.T.);
#4593 = EDGE_LOOP('',(#4594));
#4594 = ORIENTED_EDGE('',*,*,#4578,.T.);
#4595 = PLANE('',#4596);
#4596 = AXIS2_PLACEMENT_3D('',#4597,#4598,#4599);
#4597 = CARTESIAN_POINT('',(14.84,0.,-3.));
#4598 = DIRECTION('',(0.,0.,1.));
#4599 = DIRECTION('',(1.,0.,-0.));
#4600 = ( GEOMETRIC_REPRESENTATION_CONTEXT(3) 
GLOBAL_UNCERTAINTY_ASSIGNED_CONTEXT((#4604)) 
GLOBAL_UNIT_ASSIGNED_CONTEXT((#4601,#4602,#4603)) REPRESENTATION_CONTEXT
('Context #1','3D Context with UNIT and UNCERTAINTY') );
#4601 = ( LENGTH_UNIT() NAMED_UNIT(*) SI_UNIT(.MILLI.,.METRE.) );
#4602 = ( NAMED_UNIT(*) PLANE_ANGLE_UNIT() SI_UNIT($,.RADIAN.) );
#4603 = ( NAMED_UNIT(*) SI_UNIT($,.STERADIAN.) SOLID_ANGLE_UNIT() );
#4604 = UNCERTAINTY_MEASURE_WITH_UNIT(LENGTH_MEASURE(1.E-07),#4601,
  'distance_accuracy_value','confusion accuracy');
#4605 = CONTEXT_DEPENDENT_SHAPE_REPRESENTATION(#4606,#4608);
#4606 = ( REPRESENTATION_RELATIONSHIP('','',#4212,#10) 
REPRESENTATION_RELATIONSHIP_WITH_TRANSFORMATION(#4607) 
SHAPE_REPRESENTATION_RELATIONSHIP() );
#4607 = ITEM_DEFINED_TRANSFORMATION('','',#11,#35);
#4608 = PRODUCT_DEFINITION_SHAPE('Placement','Placement of an item',
  #4609);
#4609 = NEXT_ASSEMBLY_USAGE_OCCURRENCE('6','R1','',#5,#4207,$);
#4610 = PRODUCT_RELATED_PRODUCT_CATEGORY('part',$,(#4209));
#4611 = CONTEXT_DEPENDENT_SHAPE_REPRESENTATION(#4612,#4614);
#4612 = ( REPRESENTATION_RELATIONSHIP('','',#556,#10) 
REPRESENTATION_RELATIONSHIP_WITH_TRANSFORMATION(#4613) 
SHAPE_REPRESENTATION_RELATIONSHIP() );
#4613 = ITEM_DEFINED_TRANSFORMATION('','',#11,#39);
#4614 = PRODUCT_DEFINITION_SHAPE('Placement','Placement of an item',
  #4615);
#4615 = NEXT_ASSEMBLY_USAGE_OCCURRENCE('7','J6','',#5,#551,$);
#4616 = SHAPE_DEFINITION_REPRESENTATION(#4617,#4623);
#4617 = PRODUCT_DEFINITION_SHAPE('','',#4618);
#4618 = PRODUCT_DEFINITION('design','',#4619,#4622);
#4619 = PRODUCT_DEFINITION_FORMATION('','',#4620);
#4620 = PRODUCT('D_DO-34_SOD68_P7.62mm_Horizontal',
  'D_DO-34_SOD68_P7.62mm_Horizontal','',(#4621));
#4621 = PRODUCT_CONTEXT('',#2,'mechanical');
#4622 = PRODUCT_DEFINITION_CONTEXT('part definition',#2,'design');
#4623 = ADVANCED_BREP_SHAPE_REPRESENTATION('',(#11,#4624),#5109);
#4624 = MANIFOLD_SOLID_BREP('',#4625);
#4625 = CLOSED_SHELL('',(#4626,#4659,#4668,#4694,#4719,#4739,#4764,#4784
    ,#4814,#4839,#4859,#4884,#4904,#4929,#4959,#4979,#5004,#5024,#5049,
    #5075,#5100));
#4626 = ADVANCED_FACE('',(#4627),#4654,.T.);
#4627 = FACE_BOUND('',#4628,.T.);
#4628 = EDGE_LOOP('',(#4629,#4639,#4646,#4647));
#4629 = ORIENTED_EDGE('',*,*,#4630,.T.);
#4630 = EDGE_CURVE('',#4631,#4633,#4635,.T.);
#4631 = VERTEX_POINT('',#4632);
#4632 = CARTESIAN_POINT('',(0.275,-1.783778764156E-16,-2.5));
#4633 = VERTEX_POINT('',#4634);
#4634 = CARTESIAN_POINT('',(0.275,6.106226635438E-16,0.75));
#4635 = LINE('',#4636,#4637);
#4636 = CARTESIAN_POINT('',(0.275,6.106226635438E-16,0.75));
#4637 = VECTOR('',#4638,1.);
#4638 = DIRECTION('',(0.,2.22044604925E-16,1.));
#4639 = ORIENTED_EDGE('',*,*,#4640,.F.);
#4640 = EDGE_CURVE('',#4633,#4633,#4641,.T.);
#4641 = CIRCLE('',#4642,0.275);
#4642 = AXIS2_PLACEMENT_3D('',#4643,#4644,#4645);
#4643 = CARTESIAN_POINT('',(0.,6.106226635438E-16,0.75));
#4644 = DIRECTION('',(-0.,2.22044604925E-16,1.));
#4645 = DIRECTION('',(1.,0.,0.));
#4646 = ORIENTED_EDGE('',*,*,#4630,.F.);
#4647 = ORIENTED_EDGE('',*,*,#4648,.T.);
#4648 = EDGE_CURVE('',#4631,#4631,#4649,.T.);
#4649 = CIRCLE('',#4650,0.275);
#4650 = AXIS2_PLACEMENT_3D('',#4651,#4652,#4653);
#4651 = CARTESIAN_POINT('',(0.,-1.110223024625E-16,-2.5));
#4652 = DIRECTION('',(-0.,2.22044604925E-16,1.));
#4653 = DIRECTION('',(1.,0.,0.));
#4654 = CYLINDRICAL_SURFACE('',#4655,0.275);
#4655 = AXIS2_PLACEMENT_3D('',#4656,#4657,#4658);
#4656 = CARTESIAN_POINT('',(0.,6.106226635438E-16,0.75));
#4657 = DIRECTION('',(0.,2.22044604925E-16,1.));
#4658 = DIRECTION('',(1.,0.,-0.));
#4659 = ADVANCED_FACE('',(#4660),#4663,.T.);
#4660 = FACE_BOUND('',#4661,.F.);
#4661 = EDGE_LOOP('',(#4662));
#4662 = ORIENTED_EDGE('',*,*,#4648,.T.);
#4663 = PLANE('',#4664);
#4664 = AXIS2_PLACEMENT_3D('',#4665,#4666,#4667);
#4665 = CARTESIAN_POINT('',(0.275,-1.110223024625E-16,-2.5));
#4666 = DIRECTION('',(0.,0.,-1.));
#4667 = DIRECTION('',(-1.,0.,0.));
#4668 = ADVANCED_FACE('',(#4669),#4689,.T.);
#4669 = FACE_BOUND('',#4670,.T.);
#4670 = EDGE_LOOP('',(#4671,#4680,#4687,#4688));
#4671 = ORIENTED_EDGE('',*,*,#4672,.T.);
#4672 = EDGE_CURVE('',#4633,#4673,#4675,.T.);
#4673 = VERTEX_POINT('',#4674);
#4674 = CARTESIAN_POINT('',(0.55,6.716849298982E-16,1.025));
#4675 = CIRCLE('',#4676,0.275);
#4676 = AXIS2_PLACEMENT_3D('',#4677,#4678,#4679);
#4677 = CARTESIAN_POINT('',(0.55,5.737743920134E-14,0.75));
#4678 = DIRECTION('',(0.,1.,-2.22044604925E-16));
#4679 = DIRECTION('',(1.,0.,0.));
#4680 = ORIENTED_EDGE('',*,*,#4681,.T.);
#4681 = EDGE_CURVE('',#4673,#4673,#4682,.T.);
#4682 = CIRCLE('',#4683,0.275);
#4683 = AXIS2_PLACEMENT_3D('',#4684,#4685,#4686);
#4684 = CARTESIAN_POINT('',(0.55,7.327471962526E-16,1.3));
#4685 = DIRECTION('',(-1.,-2.291775518361E-29,-1.032123937051E-13));
#4686 = DIRECTION('',(-1.032123937051E-13,2.22044604925E-16,1.));
#4687 = ORIENTED_EDGE('',*,*,#4672,.F.);
#4688 = ORIENTED_EDGE('',*,*,#4640,.T.);
#4689 = TOROIDAL_SURFACE('',#4690,0.55,0.275);
#4690 = AXIS2_PLACEMENT_3D('',#4691,#4692,#4693);
#4691 = CARTESIAN_POINT('',(0.55,6.106226635438E-16,0.75));
#4692 = DIRECTION('',(0.,1.,-2.22044604925E-16));
#4693 = DIRECTION('',(1.,0.,0.));
#4694 = ADVANCED_FACE('',(#4695),#4714,.T.);
#4695 = FACE_BOUND('',#4696,.T.);
#4696 = EDGE_LOOP('',(#4697,#4698,#4706,#4713));
#4697 = ORIENTED_EDGE('',*,*,#4681,.F.);
#4698 = ORIENTED_EDGE('',*,*,#4699,.T.);
#4699 = EDGE_CURVE('',#4673,#4700,#4702,.T.);
#4700 = VERTEX_POINT('',#4701);
#4701 = CARTESIAN_POINT('',(2.29,6.716849298982E-16,1.025));
#4702 = LINE('',#4703,#4704);
#4703 = CARTESIAN_POINT('',(0.55,6.716849298982E-16,1.025));
#4704 = VECTOR('',#4705,1.);
#4705 = DIRECTION('',(1.,0.,0.));
#4706 = ORIENTED_EDGE('',*,*,#4707,.F.);
#4707 = EDGE_CURVE('',#4700,#4700,#4708,.T.);
#4708 = CIRCLE('',#4709,0.275);
#4709 = AXIS2_PLACEMENT_3D('',#4710,#4711,#4712);
#4710 = CARTESIAN_POINT('',(2.29,7.327471962526E-16,1.3));
#4711 = DIRECTION('',(1.,0.,0.));
#4712 = DIRECTION('',(0.,-2.22044604925E-16,-1.));
#4713 = ORIENTED_EDGE('',*,*,#4699,.F.);
#4714 = CYLINDRICAL_SURFACE('',#4715,0.275);
#4715 = AXIS2_PLACEMENT_3D('',#4716,#4717,#4718);
#4716 = CARTESIAN_POINT('',(0.55,7.327471962526E-16,1.3));
#4717 = DIRECTION('',(1.,0.,0.));
#4718 = DIRECTION('',(0.,-2.22044604925E-16,-1.));
#4719 = ADVANCED_FACE('',(#4720,#4731),#4734,.F.);
#4720 = FACE_BOUND('',#4721,.T.);
#4721 = EDGE_LOOP('',(#4722));
#4722 = ORIENTED_EDGE('',*,*,#4723,.F.);
#4723 = EDGE_CURVE('',#4724,#4724,#4726,.T.);
#4724 = VERTEX_POINT('',#4725);
#4725 = CARTESIAN_POINT('',(2.29,5.474787290183E-16,1.64375));
#4726 = CIRCLE('',#4727,0.34375);
#4727 = AXIS2_PLACEMENT_3D('',#4728,#4729,#4730);
#4728 = CARTESIAN_POINT('',(2.29,4.329869796038E-16,1.3));
#4729 = DIRECTION('',(1.,0.,-0.));
#4730 = DIRECTION('',(0.,3.330669073875E-16,1.));
#4731 = FACE_BOUND('',#4732,.T.);
#4732 = EDGE_LOOP('',(#4733));
#4733 = ORIENTED_EDGE('',*,*,#4707,.T.);
#4734 = PLANE('',#4735);
#4735 = AXIS2_PLACEMENT_3D('',#4736,#4737,#4738);
#4736 = CARTESIAN_POINT('',(2.29,4.329869796038E-16,1.3));
#4737 = DIRECTION('',(1.,0.,0.));
#4738 = DIRECTION('',(-0.,3.330669073875E-16,1.));
#4739 = ADVANCED_FACE('',(#4740),#4759,.T.);
#4740 = FACE_BOUND('',#4741,.T.);
#4741 = EDGE_LOOP('',(#4742,#4750,#4751,#4752));
#4742 = ORIENTED_EDGE('',*,*,#4743,.F.);
#4743 = EDGE_CURVE('',#4724,#4744,#4746,.T.);
#4744 = VERTEX_POINT('',#4745);
#4745 = CARTESIAN_POINT('',(2.44,5.474787290183E-16,1.64375));
#4746 = LINE('',#4747,#4748);
#4747 = CARTESIAN_POINT('',(2.29,5.474787290183E-16,1.64375));
#4748 = VECTOR('',#4749,1.);
#4749 = DIRECTION('',(1.,0.,0.));
#4750 = ORIENTED_EDGE('',*,*,#4723,.T.);
#4751 = ORIENTED_EDGE('',*,*,#4743,.T.);
#4752 = ORIENTED_EDGE('',*,*,#4753,.F.);
#4753 = EDGE_CURVE('',#4744,#4744,#4754,.T.);
#4754 = CIRCLE('',#4755,0.34375);
#4755 = AXIS2_PLACEMENT_3D('',#4756,#4757,#4758);
#4756 = CARTESIAN_POINT('',(2.44,4.329869796038E-16,1.3));
#4757 = DIRECTION('',(1.,0.,-0.));
#4758 = DIRECTION('',(0.,3.330669073875E-16,1.));
#4759 = CYLINDRICAL_SURFACE('',#4760,0.34375);
#4760 = AXIS2_PLACEMENT_3D('',#4761,#4762,#4763);
#4761 = CARTESIAN_POINT('',(2.29,4.329869796038E-16,1.3));
#4762 = DIRECTION('',(1.,0.,0.));
#4763 = DIRECTION('',(-0.,3.330669073875E-16,1.));
#4764 = ADVANCED_FACE('',(#4765,#4776),#4779,.F.);
#4765 = FACE_BOUND('',#4766,.T.);
#4766 = EDGE_LOOP('',(#4767));
#4767 = ORIENTED_EDGE('',*,*,#4768,.F.);
#4768 = EDGE_CURVE('',#4769,#4769,#4771,.T.);
#4769 = VERTEX_POINT('',#4770);
#4770 = CARTESIAN_POINT('',(2.44,1.292299600664E-15,1.94));
#4771 = CIRCLE('',#4772,0.64);
#4772 = AXIS2_PLACEMENT_3D('',#4773,#4774,#4775);
#4773 = CARTESIAN_POINT('',(2.44,5.773159728051E-16,1.3));
#4774 = DIRECTION('',(1.,0.,-0.));
#4775 = DIRECTION('',(0.,1.117161918529E-15,1.));
#4776 = FACE_BOUND('',#4777,.T.);
#4777 = EDGE_LOOP('',(#4778));
#4778 = ORIENTED_EDGE('',*,*,#4753,.T.);
#4779 = PLANE('',#4780);
#4780 = AXIS2_PLACEMENT_3D('',#4781,#4782,#4783);
#4781 = CARTESIAN_POINT('',(2.44,5.773159728051E-16,1.3));
#4782 = DIRECTION('',(1.,0.,0.));
#4783 = DIRECTION('',(-0.,1.117161918529E-15,1.));
#4784 = ADVANCED_FACE('',(#4785),#4805,.F.);
#4785 = FACE_BOUND('',#4786,.F.);
#4786 = EDGE_LOOP('',(#4787,#4796,#4803,#4804));
#4787 = ORIENTED_EDGE('',*,*,#4788,.T.);
#4788 = EDGE_CURVE('',#4789,#4789,#4791,.T.);
#4789 = VERTEX_POINT('',#4790);
#4790 = CARTESIAN_POINT('',(2.6,1.398881011028E-15,2.1));
#4791 = CIRCLE('',#4792,0.8);
#4792 = AXIS2_PLACEMENT_3D('',#4793,#4794,#4795);
#4793 = CARTESIAN_POINT('',(2.6,5.773159728051E-16,1.3));
#4794 = DIRECTION('',(1.,0.,-0.));
#4795 = DIRECTION('',(0.,1.026956297778E-15,1.));
#4796 = ORIENTED_EDGE('',*,*,#4797,.T.);
#4797 = EDGE_CURVE('',#4789,#4769,#4798,.T.);
#4798 = CIRCLE('',#4799,0.16);
#4799 = AXIS2_PLACEMENT_3D('',#4800,#4801,#4802);
#4800 = CARTESIAN_POINT('',(2.6,1.292299600664E-15,1.94));
#4801 = DIRECTION('',(0.,-1.,6.661338147751E-16));
#4802 = DIRECTION('',(1.,0.,0.));
#4803 = ORIENTED_EDGE('',*,*,#4768,.F.);
#4804 = ORIENTED_EDGE('',*,*,#4797,.F.);
#4805 = SURFACE_OF_REVOLUTION('',#4806,#4811);
#4806 = CIRCLE('',#4807,0.16);
#4807 = AXIS2_PLACEMENT_3D('',#4808,#4809,#4810);
#4808 = CARTESIAN_POINT('',(2.6,1.292299600664E-15,1.94));
#4809 = DIRECTION('',(0.,-1.,6.661338147751E-16));
#4810 = DIRECTION('',(1.,0.,0.));
#4811 = AXIS1_PLACEMENT('',#4812,#4813);
#4812 = CARTESIAN_POINT('',(3.81,5.773159728051E-16,1.3));
#4813 = DIRECTION('',(1.,0.,0.));
#4814 = ADVANCED_FACE('',(#4815),#4834,.T.);
#4815 = FACE_BOUND('',#4816,.T.);
#4816 = EDGE_LOOP('',(#4817,#4825,#4826,#4827));
#4817 = ORIENTED_EDGE('',*,*,#4818,.F.);
#4818 = EDGE_CURVE('',#4789,#4819,#4821,.T.);
#4819 = VERTEX_POINT('',#4820);
#4820 = CARTESIAN_POINT('',(2.746,6.994405055138E-16,2.1));
#4821 = LINE('',#4822,#4823);
#4822 = CARTESIAN_POINT('',(2.6,1.398881011028E-15,2.1));
#4823 = VECTOR('',#4824,1.);
#4824 = DIRECTION('',(1.,0.,0.));
#4825 = ORIENTED_EDGE('',*,*,#4788,.T.);
#4826 = ORIENTED_EDGE('',*,*,#4818,.T.);
#4827 = ORIENTED_EDGE('',*,*,#4828,.F.);
#4828 = EDGE_CURVE('',#4819,#4819,#4829,.T.);
#4829 = CIRCLE('',#4830,0.8);
#4830 = AXIS2_PLACEMENT_3D('',#4831,#4832,#4833);
#4831 = CARTESIAN_POINT('',(2.746,4.329869796038E-16,1.3));
#4832 = DIRECTION('',(1.,0.,-0.));
#4833 = DIRECTION('',(0.,3.330669073875E-16,1.));
#4834 = CYLINDRICAL_SURFACE('',#4835,0.8);
#4835 = AXIS2_PLACEMENT_3D('',#4836,#4837,#4838);
#4836 = CARTESIAN_POINT('',(2.6,5.773159728051E-16,1.3));
#4837 = DIRECTION('',(1.,0.,0.));
#4838 = DIRECTION('',(-0.,1.026956297778E-15,1.));
#4839 = ADVANCED_FACE('',(#4840,#4851),#4854,.F.);
#4840 = FACE_BOUND('',#4841,.F.);
#4841 = EDGE_LOOP('',(#4842));
#4842 = ORIENTED_EDGE('',*,*,#4843,.T.);
#4843 = EDGE_CURVE('',#4844,#4844,#4846,.T.);
#4844 = VERTEX_POINT('',#4845);
#4845 = CARTESIAN_POINT('',(2.746,7.011058400508E-16,2.105));
#4846 = CIRCLE('',#4847,0.805);
#4847 = AXIS2_PLACEMENT_3D('',#4848,#4849,#4850);
#4848 = CARTESIAN_POINT('',(2.746,4.329869796038E-16,1.3));
#4849 = DIRECTION('',(1.,0.,-0.));
#4850 = DIRECTION('',(0.,3.330669073875E-16,1.));
#4851 = FACE_BOUND('',#4852,.F.);
#4852 = EDGE_LOOP('',(#4853));
#4853 = ORIENTED_EDGE('',*,*,#4828,.F.);
#4854 = PLANE('',#4855);
#4855 = AXIS2_PLACEMENT_3D('',#4856,#4857,#4858);
#4856 = CARTESIAN_POINT('',(2.746,4.329869796038E-16,1.3));
#4857 = DIRECTION('',(1.,0.,0.));
#4858 = DIRECTION('',(-0.,3.330669073875E-16,1.));
#4859 = ADVANCED_FACE('',(#4860),#4879,.T.);
#4860 = FACE_BOUND('',#4861,.T.);
#4861 = EDGE_LOOP('',(#4862,#4870,#4871,#4872));
#4862 = ORIENTED_EDGE('',*,*,#4863,.T.);
#4863 = EDGE_CURVE('',#4864,#4844,#4866,.T.);
#4864 = VERTEX_POINT('',#4865);
#4865 = CARTESIAN_POINT('',(3.246,7.011058400508E-16,2.105));
#4866 = LINE('',#4867,#4868);
#4867 = CARTESIAN_POINT('',(3.246,7.011058400508E-16,2.105));
#4868 = VECTOR('',#4869,1.);
#4869 = DIRECTION('',(-1.,0.,0.));
#4870 = ORIENTED_EDGE('',*,*,#4843,.T.);
#4871 = ORIENTED_EDGE('',*,*,#4863,.F.);
#4872 = ORIENTED_EDGE('',*,*,#4873,.F.);
#4873 = EDGE_CURVE('',#4864,#4864,#4874,.T.);
#4874 = CIRCLE('',#4875,0.805);
#4875 = AXIS2_PLACEMENT_3D('',#4876,#4877,#4878);
#4876 = CARTESIAN_POINT('',(3.246,4.329869796038E-16,1.3));
#4877 = DIRECTION('',(1.,0.,-0.));
#4878 = DIRECTION('',(0.,3.330669073875E-16,1.));
#4879 = CYLINDRICAL_SURFACE('',#4880,0.805);
#4880 = AXIS2_PLACEMENT_3D('',#4881,#4882,#4883);
#4881 = CARTESIAN_POINT('',(3.246,4.329869796038E-16,1.3));
#4882 = DIRECTION('',(-1.,0.,0.));
#4883 = DIRECTION('',(0.,3.330669073875E-16,1.));
#4884 = ADVANCED_FACE('',(#4885,#4888),#4899,.T.);
#4885 = FACE_BOUND('',#4886,.F.);
#4886 = EDGE_LOOP('',(#4887));
#4887 = ORIENTED_EDGE('',*,*,#4873,.F.);
#4888 = FACE_BOUND('',#4889,.F.);
#4889 = EDGE_LOOP('',(#4890));
#4890 = ORIENTED_EDGE('',*,*,#4891,.T.);
#4891 = EDGE_CURVE('',#4892,#4892,#4894,.T.);
#4892 = VERTEX_POINT('',#4893);
#4893 = CARTESIAN_POINT('',(3.246,6.994405055138E-16,2.1));
#4894 = CIRCLE('',#4895,0.8);
#4895 = AXIS2_PLACEMENT_3D('',#4896,#4897,#4898);
#4896 = CARTESIAN_POINT('',(3.246,4.329869796038E-16,1.3));
#4897 = DIRECTION('',(1.,0.,-0.));
#4898 = DIRECTION('',(0.,3.330669073875E-16,1.));
#4899 = PLANE('',#4900);
#4900 = AXIS2_PLACEMENT_3D('',#4901,#4902,#4903);
#4901 = CARTESIAN_POINT('',(3.246,4.329869796038E-16,1.3));
#4902 = DIRECTION('',(1.,0.,0.));
#4903 = DIRECTION('',(-0.,3.330669073875E-16,1.));
#4904 = ADVANCED_FACE('',(#4905),#4924,.T.);
#4905 = FACE_BOUND('',#4906,.T.);
#4906 = EDGE_LOOP('',(#4907,#4908,#4916,#4923));
#4907 = ORIENTED_EDGE('',*,*,#4891,.T.);
#4908 = ORIENTED_EDGE('',*,*,#4909,.T.);
#4909 = EDGE_CURVE('',#4892,#4910,#4912,.T.);
#4910 = VERTEX_POINT('',#4911);
#4911 = CARTESIAN_POINT('',(5.02,1.398881011028E-15,2.1));
#4912 = LINE('',#4913,#4914);
#4913 = CARTESIAN_POINT('',(2.6,1.398881011028E-15,2.1));
#4914 = VECTOR('',#4915,1.);
#4915 = DIRECTION('',(1.,0.,0.));
#4916 = ORIENTED_EDGE('',*,*,#4917,.F.);
#4917 = EDGE_CURVE('',#4910,#4910,#4918,.T.);
#4918 = CIRCLE('',#4919,0.8);
#4919 = AXIS2_PLACEMENT_3D('',#4920,#4921,#4922);
#4920 = CARTESIAN_POINT('',(5.02,5.773159728051E-16,1.3));
#4921 = DIRECTION('',(1.,0.,-0.));
#4922 = DIRECTION('',(0.,1.026956297778E-15,1.));
#4923 = ORIENTED_EDGE('',*,*,#4909,.F.);
#4924 = CYLINDRICAL_SURFACE('',#4925,0.8);
#4925 = AXIS2_PLACEMENT_3D('',#4926,#4927,#4928);
#4926 = CARTESIAN_POINT('',(2.6,5.773159728051E-16,1.3));
#4927 = DIRECTION('',(1.,0.,0.));
#4928 = DIRECTION('',(-0.,1.026956297778E-15,1.));
#4929 = ADVANCED_FACE('',(#4930),#4950,.F.);
#4930 = FACE_BOUND('',#4931,.F.);
#4931 = EDGE_LOOP('',(#4932,#4941,#4948,#4949));
#4932 = ORIENTED_EDGE('',*,*,#4933,.T.);
#4933 = EDGE_CURVE('',#4934,#4934,#4936,.T.);
#4934 = VERTEX_POINT('',#4935);
#4935 = CARTESIAN_POINT('',(5.18,1.292299600664E-15,1.94));
#4936 = CIRCLE('',#4937,0.64);
#4937 = AXIS2_PLACEMENT_3D('',#4938,#4939,#4940);
#4938 = CARTESIAN_POINT('',(5.18,5.773159728051E-16,1.3));
#4939 = DIRECTION('',(1.,0.,-0.));
#4940 = DIRECTION('',(0.,1.117161918529E-15,1.));
#4941 = ORIENTED_EDGE('',*,*,#4942,.T.);
#4942 = EDGE_CURVE('',#4934,#4910,#4943,.T.);
#4943 = CIRCLE('',#4944,0.16);
#4944 = AXIS2_PLACEMENT_3D('',#4945,#4946,#4947);
#4945 = CARTESIAN_POINT('',(5.02,1.292299600664E-15,1.94));
#4946 = DIRECTION('',(0.,-1.,6.661338147751E-16));
#4947 = DIRECTION('',(1.,0.,0.));
#4948 = ORIENTED_EDGE('',*,*,#4917,.F.);
#4949 = ORIENTED_EDGE('',*,*,#4942,.F.);
#4950 = SURFACE_OF_REVOLUTION('',#4951,#4956);
#4951 = CIRCLE('',#4952,0.16);
#4952 = AXIS2_PLACEMENT_3D('',#4953,#4954,#4955);
#4953 = CARTESIAN_POINT('',(5.02,1.292299600664E-15,1.94));
#4954 = DIRECTION('',(0.,-1.,6.661338147751E-16));
#4955 = DIRECTION('',(1.,0.,0.));
#4956 = AXIS1_PLACEMENT('',#4957,#4958);
#4957 = CARTESIAN_POINT('',(3.81,5.773159728051E-16,1.3));
#4958 = DIRECTION('',(1.,0.,0.));
#4959 = ADVANCED_FACE('',(#4960,#4963),#4974,.T.);
#4960 = FACE_BOUND('',#4961,.T.);
#4961 = EDGE_LOOP('',(#4962));
#4962 = ORIENTED_EDGE('',*,*,#4933,.T.);
#4963 = FACE_BOUND('',#4964,.T.);
#4964 = EDGE_LOOP('',(#4965));
#4965 = ORIENTED_EDGE('',*,*,#4966,.F.);
#4966 = EDGE_CURVE('',#4967,#4967,#4969,.T.);
#4967 = VERTEX_POINT('',#4968);
#4968 = CARTESIAN_POINT('',(5.18,5.474787290183E-16,1.64375));
#4969 = CIRCLE('',#4970,0.34375);
#4970 = AXIS2_PLACEMENT_3D('',#4971,#4972,#4973);
#4971 = CARTESIAN_POINT('',(5.18,4.329869796038E-16,1.3));
#4972 = DIRECTION('',(1.,0.,-0.));
#4973 = DIRECTION('',(0.,3.330669073875E-16,1.));
#4974 = PLANE('',#4975);
#4975 = AXIS2_PLACEMENT_3D('',#4976,#4977,#4978);
#4976 = CARTESIAN_POINT('',(5.18,5.773159728051E-16,1.3));
#4977 = DIRECTION('',(1.,0.,0.));
#4978 = DIRECTION('',(-0.,1.117161918529E-15,1.));
#4979 = ADVANCED_FACE('',(#4980),#4999,.T.);
#4980 = FACE_BOUND('',#4981,.T.);
#4981 = EDGE_LOOP('',(#4982,#4983,#4991,#4998));
#4982 = ORIENTED_EDGE('',*,*,#4966,.T.);
#4983 = ORIENTED_EDGE('',*,*,#4984,.T.);
#4984 = EDGE_CURVE('',#4967,#4985,#4987,.T.);
#4985 = VERTEX_POINT('',#4986);
#4986 = CARTESIAN_POINT('',(5.33,5.474787290183E-16,1.64375));
#4987 = LINE('',#4988,#4989);
#4988 = CARTESIAN_POINT('',(2.29,5.474787290183E-16,1.64375));
#4989 = VECTOR('',#4990,1.);
#4990 = DIRECTION('',(1.,0.,0.));
#4991 = ORIENTED_EDGE('',*,*,#4992,.F.);
#4992 = EDGE_CURVE('',#4985,#4985,#4993,.T.);
#4993 = CIRCLE('',#4994,0.34375);
#4994 = AXIS2_PLACEMENT_3D('',#4995,#4996,#4997);
#4995 = CARTESIAN_POINT('',(5.33,4.329869796038E-16,1.3));
#4996 = DIRECTION('',(1.,0.,-0.));
#4997 = DIRECTION('',(0.,3.330669073875E-16,1.));
#4998 = ORIENTED_EDGE('',*,*,#4984,.F.);
#4999 = CYLINDRICAL_SURFACE('',#5000,0.34375);
#5000 = AXIS2_PLACEMENT_3D('',#5001,#5002,#5003);
#5001 = CARTESIAN_POINT('',(2.29,4.329869796038E-16,1.3));
#5002 = DIRECTION('',(1.,0.,0.));
#5003 = DIRECTION('',(-0.,3.330669073875E-16,1.));
#5004 = ADVANCED_FACE('',(#5005,#5008),#5019,.T.);
#5005 = FACE_BOUND('',#5006,.T.);
#5006 = EDGE_LOOP('',(#5007));
#5007 = ORIENTED_EDGE('',*,*,#4992,.T.);
#5008 = FACE_BOUND('',#5009,.T.);
#5009 = EDGE_LOOP('',(#5010));
#5010 = ORIENTED_EDGE('',*,*,#5011,.F.);
#5011 = EDGE_CURVE('',#5012,#5012,#5014,.T.);
#5012 = VERTEX_POINT('',#5013);
#5013 = CARTESIAN_POINT('',(5.33,6.716849298982E-16,1.025));
#5014 = CIRCLE('',#5015,0.275);
#5015 = AXIS2_PLACEMENT_3D('',#5016,#5017,#5018);
#5016 = CARTESIAN_POINT('',(5.33,7.327471962526E-16,1.3));
#5017 = DIRECTION('',(1.,0.,0.));
#5018 = DIRECTION('',(0.,-2.22044604925E-16,-1.));
#5019 = PLANE('',#5020);
#5020 = AXIS2_PLACEMENT_3D('',#5021,#5022,#5023);
#5021 = CARTESIAN_POINT('',(5.33,4.329869796038E-16,1.3));
#5022 = DIRECTION('',(1.,0.,0.));
#5023 = DIRECTION('',(-0.,3.330669073875E-16,1.));
#5024 = ADVANCED_FACE('',(#5025),#5044,.T.);
#5025 = FACE_BOUND('',#5026,.T.);
#5026 = EDGE_LOOP('',(#5027,#5028,#5036,#5043));
#5027 = ORIENTED_EDGE('',*,*,#5011,.T.);
#5028 = ORIENTED_EDGE('',*,*,#5029,.T.);
#5029 = EDGE_CURVE('',#5012,#5030,#5032,.T.);
#5030 = VERTEX_POINT('',#5031);
#5031 = CARTESIAN_POINT('',(7.07,6.716849298982E-16,1.025));
#5032 = LINE('',#5033,#5034);
#5033 = CARTESIAN_POINT('',(0.55,6.716849298982E-16,1.025));
#5034 = VECTOR('',#5035,1.);
#5035 = DIRECTION('',(1.,0.,0.));
#5036 = ORIENTED_EDGE('',*,*,#5037,.F.);
#5037 = EDGE_CURVE('',#5030,#5030,#5038,.T.);
#5038 = CIRCLE('',#5039,0.275);
#5039 = AXIS2_PLACEMENT_3D('',#5040,#5041,#5042);
#5040 = CARTESIAN_POINT('',(7.07,7.327471962526E-16,1.3));
#5041 = DIRECTION('',(1.,0.,0.));
#5042 = DIRECTION('',(0.,-2.22044604925E-16,-1.));
#5043 = ORIENTED_EDGE('',*,*,#5029,.F.);
#5044 = CYLINDRICAL_SURFACE('',#5045,0.275);
#5045 = AXIS2_PLACEMENT_3D('',#5046,#5047,#5048);
#5046 = CARTESIAN_POINT('',(0.55,7.327471962526E-16,1.3));
#5047 = DIRECTION('',(1.,0.,0.));
#5048 = DIRECTION('',(0.,-2.22044604925E-16,-1.));
#5049 = ADVANCED_FACE('',(#5050),#5070,.T.);
#5050 = FACE_BOUND('',#5051,.T.);
#5051 = EDGE_LOOP('',(#5052,#5061,#5068,#5069));
#5052 = ORIENTED_EDGE('',*,*,#5053,.T.);
#5053 = EDGE_CURVE('',#5030,#5054,#5056,.T.);
#5054 = VERTEX_POINT('',#5055);
#5055 = CARTESIAN_POINT('',(7.345,6.106226635438E-16,0.75));
#5056 = CIRCLE('',#5057,0.275);
#5057 = AXIS2_PLACEMENT_3D('',#5058,#5059,#5060);
#5058 = CARTESIAN_POINT('',(7.07,5.737743920134E-14,0.75));
#5059 = DIRECTION('',(0.,1.,-2.22044604925E-16));
#5060 = DIRECTION('',(1.,0.,0.));
#5061 = ORIENTED_EDGE('',*,*,#5062,.T.);
#5062 = EDGE_CURVE('',#5054,#5054,#5063,.T.);
#5063 = CIRCLE('',#5064,0.275);
#5064 = AXIS2_PLACEMENT_3D('',#5065,#5066,#5067);
#5065 = CARTESIAN_POINT('',(7.62,6.106226635438E-16,0.75));
#5066 = DIRECTION('',(-2.449293598295E-16,2.22044604925E-16,1.));
#5067 = DIRECTION('',(1.,5.438524293788E-32,2.449293598295E-16));
#5068 = ORIENTED_EDGE('',*,*,#5053,.F.);
#5069 = ORIENTED_EDGE('',*,*,#5037,.T.);
#5070 = TOROIDAL_SURFACE('',#5071,0.55,0.275);
#5071 = AXIS2_PLACEMENT_3D('',#5072,#5073,#5074);
#5072 = CARTESIAN_POINT('',(7.07,6.106226635438E-16,0.75));
#5073 = DIRECTION('',(0.,1.,-2.22044604925E-16));
#5074 = DIRECTION('',(1.,0.,0.));
#5075 = ADVANCED_FACE('',(#5076),#5095,.T.);
#5076 = FACE_BOUND('',#5077,.T.);
#5077 = EDGE_LOOP('',(#5078,#5086,#5093,#5094));
#5078 = ORIENTED_EDGE('',*,*,#5079,.T.);
#5079 = EDGE_CURVE('',#5054,#5080,#5082,.T.);
#5080 = VERTEX_POINT('',#5081);
#5081 = CARTESIAN_POINT('',(7.345,-1.783778764156E-16,-2.5));
#5082 = LINE('',#5083,#5084);
#5083 = CARTESIAN_POINT('',(7.345,6.106226635438E-16,0.75));
#5084 = VECTOR('',#5085,1.);
#5085 = DIRECTION('',(0.,-2.22044604925E-16,-1.));
#5086 = ORIENTED_EDGE('',*,*,#5087,.F.);
#5087 = EDGE_CURVE('',#5080,#5080,#5088,.T.);
#5088 = CIRCLE('',#5089,0.275);
#5089 = AXIS2_PLACEMENT_3D('',#5090,#5091,#5092);
#5090 = CARTESIAN_POINT('',(7.62,-1.110223024625E-16,-2.5));
#5091 = DIRECTION('',(-0.,-2.22044604925E-16,-1.));
#5092 = DIRECTION('',(-1.,0.,0.));
#5093 = ORIENTED_EDGE('',*,*,#5079,.F.);
#5094 = ORIENTED_EDGE('',*,*,#5062,.F.);
#5095 = CYLINDRICAL_SURFACE('',#5096,0.275);
#5096 = AXIS2_PLACEMENT_3D('',#5097,#5098,#5099);
#5097 = CARTESIAN_POINT('',(7.62,6.106226635438E-16,0.75));
#5098 = DIRECTION('',(0.,-2.22044604925E-16,-1.));
#5099 = DIRECTION('',(-1.,-0.,0.));
#5100 = ADVANCED_FACE('',(#5101),#5104,.F.);
#5101 = FACE_BOUND('',#5102,.T.);
#5102 = EDGE_LOOP('',(#5103));
#5103 = ORIENTED_EDGE('',*,*,#5087,.T.);
#5104 = PLANE('',#5105);
#5105 = AXIS2_PLACEMENT_3D('',#5106,#5107,#5108);
#5106 = CARTESIAN_POINT('',(7.345,-1.110223024625E-16,-2.5));
#5107 = DIRECTION('',(0.,0.,1.));
#5108 = DIRECTION('',(1.,0.,-0.));
#5109 = ( GEOMETRIC_REPRESENTATION_CONTEXT(3) 
GLOBAL_UNCERTAINTY_ASSIGNED_CONTEXT((#5113)) 
GLOBAL_UNIT_ASSIGNED_CONTEXT((#5110,#5111,#5112)) REPRESENTATION_CONTEXT
('Context #1','3D Context with UNIT and UNCERTAINTY') );
#5110 = ( LENGTH_UNIT() NAMED_UNIT(*) SI_UNIT(.MILLI.,.METRE.) );
#5111 = ( NAMED_UNIT(*) PLANE_ANGLE_UNIT() SI_UNIT($,.RADIAN.) );
#5112 = ( NAMED_UNIT(*) SI_UNIT($,.STERADIAN.) SOLID_ANGLE_UNIT() );
#5113 = UNCERTAINTY_MEASURE_WITH_UNIT(LENGTH_MEASURE(1.E-07),#5110,
  'distance_accuracy_value','confusion accuracy');
#5114 = CONTEXT_DEPENDENT_SHAPE_REPRESENTATION(#5115,#5117);
#5115 = ( REPRESENTATION_RELATIONSHIP('','',#4623,#10) 
REPRESENTATION_RELATIONSHIP_WITH_TRANSFORMATION(#5116) 
SHAPE_REPRESENTATION_RELATIONSHIP() );
#5116 = ITEM_DEFINED_TRANSFORMATION('','',#11,#43);
#5117 = PRODUCT_DEFINITION_SHAPE('Placement','Placement of an item',
  #5118);
#5118 = NEXT_ASSEMBLY_USAGE_OCCURRENCE('8','D3','',#5,#4618,$);
#5119 = PRODUCT_RELATED_PRODUCT_CATEGORY('part',$,(#4620));
#5120 = SHAPE_DEFINITION_REPRESENTATION(#5121,#5127);
#5121 = PRODUCT_DEFINITION_SHAPE('','',#5122);
#5122 = PRODUCT_DEFINITION('design','',#5123,#5126);
#5123 = PRODUCT_DEFINITION_FORMATION('','',#5124);
#5124 = PRODUCT('BarrelJack_Horizontal','BarrelJack_Horizontal','',(
    #5125));
#5125 = PRODUCT_CONTEXT('',#2,'mechanical');
#5126 = PRODUCT_DEFINITION_CONTEXT('part definition',#2,'design');
#5127 = SHAPE_REPRESENTATION('',(#11,#5128,#6009,#6361,#6587,#6970),
  #7161);
#5128 = MANIFOLD_SOLID_BREP('',#5129);
#5129 = CLOSED_SHELL('',(#5130,#5170,#5203,#5244,#5277,#5310,#5327,#5344
    ,#5391,#5408,#5440,#5472,#5489,#5531,#5578,#5596,#5614,#5657,#5682,
    #5699,#5717,#5748,#5774,#5791,#5803,#5852,#5875,#5887,#5901,#5932,
    #5956,#5980,#5997));
#5130 = ADVANCED_FACE('',(#5131),#5165,.T.);
#5131 = FACE_BOUND('',#5132,.T.);
#5132 = EDGE_LOOP('',(#5133,#5143,#5151,#5159));
#5133 = ORIENTED_EDGE('',*,*,#5134,.F.);
#5134 = EDGE_CURVE('',#5135,#5137,#5139,.T.);
#5135 = VERTEX_POINT('',#5136);
#5136 = CARTESIAN_POINT('',(-10.6,-4.4,10.7));
#5137 = VERTEX_POINT('',#5138);
#5138 = CARTESIAN_POINT('',(-13.6,-4.4,10.7));
#5139 = LINE('',#5140,#5141);
#5140 = CARTESIAN_POINT('',(-10.5,-4.4,10.7));
#5141 = VECTOR('',#5142,1.);
#5142 = DIRECTION('',(-1.,-2.22044604925E-16,2.2E-16));
#5143 = ORIENTED_EDGE('',*,*,#5144,.F.);
#5144 = EDGE_CURVE('',#5145,#5135,#5147,.T.);
#5145 = VERTEX_POINT('',#5146);
#5146 = CARTESIAN_POINT('',(-10.6,4.4,10.7));
#5147 = LINE('',#5148,#5149);
#5148 = CARTESIAN_POINT('',(-10.6,4.5,10.7));
#5149 = VECTOR('',#5150,1.);
#5150 = DIRECTION('',(2.22044604925E-16,-1.,0.));
#5151 = ORIENTED_EDGE('',*,*,#5152,.T.);
#5152 = EDGE_CURVE('',#5145,#5153,#5155,.T.);
#5153 = VERTEX_POINT('',#5154);
#5154 = CARTESIAN_POINT('',(-13.6,4.4,10.7));
#5155 = LINE('',#5156,#5157);
#5156 = CARTESIAN_POINT('',(-10.5,4.4,10.7));
#5157 = VECTOR('',#5158,1.);
#5158 = DIRECTION('',(-1.,-2.22044604925E-16,2.2E-16));
#5159 = ORIENTED_EDGE('',*,*,#5160,.T.);
#5160 = EDGE_CURVE('',#5153,#5137,#5161,.T.);
#5161 = LINE('',#5162,#5163);
#5162 = CARTESIAN_POINT('',(-13.6,4.5,10.7));
#5163 = VECTOR('',#5164,1.);
#5164 = DIRECTION('',(2.22044604925E-16,-1.,0.));
#5165 = PLANE('',#5166);
#5166 = AXIS2_PLACEMENT_3D('',#5167,#5168,#5169);
#5167 = CARTESIAN_POINT('',(-10.5,4.5,10.7));
#5168 = DIRECTION('',(2.2E-16,4.884981308351E-32,1.));
#5169 = DIRECTION('',(2.22044604925E-16,-1.,1.000234656856E-44));
#5170 = ADVANCED_FACE('',(#5171),#5198,.T.);
#5171 = FACE_BOUND('',#5172,.T.);
#5172 = EDGE_LOOP('',(#5173,#5182,#5190,#5197));
#5173 = ORIENTED_EDGE('',*,*,#5174,.T.);
#5174 = EDGE_CURVE('',#5137,#5175,#5177,.T.);
#5175 = VERTEX_POINT('',#5176);
#5176 = CARTESIAN_POINT('',(-13.6,-4.5,10.6));
#5177 = CIRCLE('',#5178,0.1);
#5178 = AXIS2_PLACEMENT_3D('',#5179,#5180,#5181);
#5179 = CARTESIAN_POINT('',(-13.6,-4.4,10.6));
#5180 = DIRECTION('',(1.,2.162044604925E-15,-2.2E-16));
#5181 = DIRECTION('',(2.162044604925E-15,-1.,0.));
#5182 = ORIENTED_EDGE('',*,*,#5183,.F.);
#5183 = EDGE_CURVE('',#5184,#5175,#5186,.T.);
#5184 = VERTEX_POINT('',#5185);
#5185 = CARTESIAN_POINT('',(-10.6,-4.5,10.6));
#5186 = LINE('',#5187,#5188);
#5187 = CARTESIAN_POINT('',(-10.5,-4.5,10.6));
#5188 = VECTOR('',#5189,1.);
#5189 = DIRECTION('',(-1.,-2.22044604925E-16,2.2E-16));
#5190 = ORIENTED_EDGE('',*,*,#5191,.F.);
#5191 = EDGE_CURVE('',#5135,#5184,#5192,.T.);
#5192 = CIRCLE('',#5193,0.1);
#5193 = AXIS2_PLACEMENT_3D('',#5194,#5195,#5196);
#5194 = CARTESIAN_POINT('',(-10.6,-4.4,10.6));
#5195 = DIRECTION('',(1.,2.22044604925E-16,-2.2E-16));
#5196 = DIRECTION('',(2.2E-16,4.884981308351E-32,1.));
#5197 = ORIENTED_EDGE('',*,*,#5134,.T.);
#5198 = CYLINDRICAL_SURFACE('',#5199,0.1);
#5199 = AXIS2_PLACEMENT_3D('',#5200,#5201,#5202);
#5200 = CARTESIAN_POINT('',(-10.5,-4.4,10.6));
#5201 = DIRECTION('',(-1.,-2.22044604925E-16,2.2E-16));
#5202 = DIRECTION('',(2.2E-16,4.884981308351E-32,1.));
#5203 = ADVANCED_FACE('',(#5204),#5239,.T.);
#5204 = FACE_BOUND('',#5205,.T.);
#5205 = EDGE_LOOP('',(#5206,#5215,#5223,#5231,#5238));
#5206 = ORIENTED_EDGE('',*,*,#5207,.F.);
#5207 = EDGE_CURVE('',#5208,#5135,#5210,.T.);
#5208 = VERTEX_POINT('',#5209);
#5209 = CARTESIAN_POINT('',(-10.5,-4.4,10.6));
#5210 = CIRCLE('',#5211,0.1);
#5211 = AXIS2_PLACEMENT_3D('',#5212,#5213,#5214);
#5212 = CARTESIAN_POINT('',(-10.6,-4.4,10.6));
#5213 = DIRECTION('',(2.22044604925E-16,-1.,1.673543864788E-48));
#5214 = DIRECTION('',(2.2E-16,4.88498130835E-32,1.));
#5215 = ORIENTED_EDGE('',*,*,#5216,.F.);
#5216 = EDGE_CURVE('',#5217,#5208,#5219,.T.);
#5217 = VERTEX_POINT('',#5218);
#5218 = CARTESIAN_POINT('',(-10.5,-2.672528037474E-16,10.6));
#5219 = LINE('',#5220,#5221);
#5220 = CARTESIAN_POINT('',(-10.5,4.5,10.6));
#5221 = VECTOR('',#5222,1.);
#5222 = DIRECTION('',(2.22044604925E-16,-1.,0.));
#5223 = ORIENTED_EDGE('',*,*,#5224,.F.);
#5224 = EDGE_CURVE('',#5225,#5217,#5227,.T.);
#5225 = VERTEX_POINT('',#5226);
#5226 = CARTESIAN_POINT('',(-10.5,4.4,10.6));
#5227 = LINE('',#5228,#5229);
#5228 = CARTESIAN_POINT('',(-10.5,4.5,10.6));
#5229 = VECTOR('',#5230,1.);
#5230 = DIRECTION('',(2.22044604925E-16,-1.,0.));
#5231 = ORIENTED_EDGE('',*,*,#5232,.F.);
#5232 = EDGE_CURVE('',#5145,#5225,#5233,.T.);
#5233 = CIRCLE('',#5234,0.1);
#5234 = AXIS2_PLACEMENT_3D('',#5235,#5236,#5237);
#5235 = CARTESIAN_POINT('',(-10.6,4.4,10.6));
#5236 = DIRECTION('',(-2.22044604925E-16,1.,0.));
#5237 = DIRECTION('',(0.,0.,1.));
#5238 = ORIENTED_EDGE('',*,*,#5144,.T.);
#5239 = CYLINDRICAL_SURFACE('',#5240,0.1);
#5240 = AXIS2_PLACEMENT_3D('',#5241,#5242,#5243);
#5241 = CARTESIAN_POINT('',(-10.6,4.5,10.6));
#5242 = DIRECTION('',(2.22044604925E-16,-1.,0.));
#5243 = DIRECTION('',(2.2E-16,4.88498130835E-32,1.));
#5244 = ADVANCED_FACE('',(#5245),#5272,.T.);
#5245 = FACE_BOUND('',#5246,.T.);
#5246 = EDGE_LOOP('',(#5247,#5256,#5264,#5271));
#5247 = ORIENTED_EDGE('',*,*,#5248,.F.);
#5248 = EDGE_CURVE('',#5249,#5153,#5251,.T.);
#5249 = VERTEX_POINT('',#5250);
#5250 = CARTESIAN_POINT('',(-13.7,4.4,10.6));
#5251 = CIRCLE('',#5252,0.1);
#5252 = AXIS2_PLACEMENT_3D('',#5253,#5254,#5255);
#5253 = CARTESIAN_POINT('',(-13.6,4.4,10.6));
#5254 = DIRECTION('',(-2.22044604925E-16,1.,-1.805E-14));
#5255 = DIRECTION('',(2.2E-16,1.805E-14,1.));
#5256 = ORIENTED_EDGE('',*,*,#5257,.T.);
#5257 = EDGE_CURVE('',#5249,#5258,#5260,.T.);
#5258 = VERTEX_POINT('',#5259);
#5259 = CARTESIAN_POINT('',(-13.7,-4.4,10.6));
#5260 = LINE('',#5261,#5262);
#5261 = CARTESIAN_POINT('',(-13.7,4.5,10.6));
#5262 = VECTOR('',#5263,1.);
#5263 = DIRECTION('',(2.22044604925E-16,-1.,0.));
#5264 = ORIENTED_EDGE('',*,*,#5265,.F.);
#5265 = EDGE_CURVE('',#5137,#5258,#5266,.T.);
#5266 = CIRCLE('',#5267,0.1);
#5267 = AXIS2_PLACEMENT_3D('',#5268,#5269,#5270);
#5268 = CARTESIAN_POINT('',(-13.6,-4.4,10.6));
#5269 = DIRECTION('',(2.32044604925E-16,-1.,0.));
#5270 = DIRECTION('',(-1.,-2.32044604925E-16,2.2E-16));
#5271 = ORIENTED_EDGE('',*,*,#5160,.F.);
#5272 = CYLINDRICAL_SURFACE('',#5273,0.1);
#5273 = AXIS2_PLACEMENT_3D('',#5274,#5275,#5276);
#5274 = CARTESIAN_POINT('',(-13.6,4.5,10.6));
#5275 = DIRECTION('',(2.22044604925E-16,-1.,0.));
#5276 = DIRECTION('',(2.2E-16,4.88498130835E-32,1.));
#5277 = ADVANCED_FACE('',(#5278),#5305,.T.);
#5278 = FACE_BOUND('',#5279,.T.);
#5279 = EDGE_LOOP('',(#5280,#5289,#5297,#5304));
#5280 = ORIENTED_EDGE('',*,*,#5281,.F.);
#5281 = EDGE_CURVE('',#5282,#5145,#5284,.T.);
#5282 = VERTEX_POINT('',#5283);
#5283 = CARTESIAN_POINT('',(-10.6,4.5,10.6));
#5284 = CIRCLE('',#5285,0.1);
#5285 = AXIS2_PLACEMENT_3D('',#5286,#5287,#5288);
#5286 = CARTESIAN_POINT('',(-10.6,4.4,10.6));
#5287 = DIRECTION('',(1.,2.22044604925E-16,-0.));
#5288 = DIRECTION('',(0.,0.,1.));
#5289 = ORIENTED_EDGE('',*,*,#5290,.T.);
#5290 = EDGE_CURVE('',#5282,#5291,#5293,.T.);
#5291 = VERTEX_POINT('',#5292);
#5292 = CARTESIAN_POINT('',(-13.6,4.5,10.6));
#5293 = LINE('',#5294,#5295);
#5294 = CARTESIAN_POINT('',(-10.5,4.5,10.6));
#5295 = VECTOR('',#5296,1.);
#5296 = DIRECTION('',(-1.,-2.22044604925E-16,2.2E-16));
#5297 = ORIENTED_EDGE('',*,*,#5298,.T.);
#5298 = EDGE_CURVE('',#5291,#5153,#5299,.T.);
#5299 = CIRCLE('',#5300,0.1);
#5300 = AXIS2_PLACEMENT_3D('',#5301,#5302,#5303);
#5301 = CARTESIAN_POINT('',(-13.6,4.4,10.6));
#5302 = DIRECTION('',(1.,2.22044604925E-16,-2.2E-16));
#5303 = DIRECTION('',(-2.22044604925E-16,1.,0.));
#5304 = ORIENTED_EDGE('',*,*,#5152,.F.);
#5305 = CYLINDRICAL_SURFACE('',#5306,0.1);
#5306 = AXIS2_PLACEMENT_3D('',#5307,#5308,#5309);
#5307 = CARTESIAN_POINT('',(-10.5,4.4,10.6));
#5308 = DIRECTION('',(-1.,-2.22044604925E-16,2.2E-16));
#5309 = DIRECTION('',(2.2E-16,4.884981308351E-32,1.));
#5310 = ADVANCED_FACE('',(#5311),#5322,.T.);
#5311 = FACE_BOUND('',#5312,.T.);
#5312 = EDGE_LOOP('',(#5313,#5314,#5321));
#5313 = ORIENTED_EDGE('',*,*,#5191,.T.);
#5314 = ORIENTED_EDGE('',*,*,#5315,.F.);
#5315 = EDGE_CURVE('',#5208,#5184,#5316,.T.);
#5316 = CIRCLE('',#5317,0.1);
#5317 = AXIS2_PLACEMENT_3D('',#5318,#5319,#5320);
#5318 = CARTESIAN_POINT('',(-10.6,-4.4,10.6));
#5319 = DIRECTION('',(-2.2E-16,-6.E-17,-1.));
#5320 = DIRECTION('',(2.22044604925E-16,-1.,6.E-17));
#5321 = ORIENTED_EDGE('',*,*,#5207,.T.);
#5322 = SPHERICAL_SURFACE('',#5323,0.1);
#5323 = AXIS2_PLACEMENT_3D('',#5324,#5325,#5326);
#5324 = CARTESIAN_POINT('',(-10.6,-4.4,10.6));
#5325 = DIRECTION('',(-1.,-2.22044604925E-16,2.2E-16));
#5326 = DIRECTION('',(2.2E-16,4.884981308351E-32,1.));
#5327 = ADVANCED_FACE('',(#5328),#5339,.T.);
#5328 = FACE_BOUND('',#5329,.T.);
#5329 = EDGE_LOOP('',(#5330,#5331,#5332));
#5330 = ORIENTED_EDGE('',*,*,#5174,.F.);
#5331 = ORIENTED_EDGE('',*,*,#5265,.T.);
#5332 = ORIENTED_EDGE('',*,*,#5333,.F.);
#5333 = EDGE_CURVE('',#5175,#5258,#5334,.T.);
#5334 = CIRCLE('',#5335,0.1);
#5335 = AXIS2_PLACEMENT_3D('',#5336,#5337,#5338);
#5336 = CARTESIAN_POINT('',(-13.6,-4.4,10.6));
#5337 = DIRECTION('',(-2.2E-16,-4.884981308351E-32,-1.));
#5338 = DIRECTION('',(2.162044604925E-15,-1.,-4.268E-31));
#5339 = SPHERICAL_SURFACE('',#5340,0.1);
#5340 = AXIS2_PLACEMENT_3D('',#5341,#5342,#5343);
#5341 = CARTESIAN_POINT('',(-13.6,-4.4,10.6));
#5342 = DIRECTION('',(-2.2E-16,-4.884981308351E-32,-1.));
#5343 = DIRECTION('',(2.162044604925E-15,-1.,-4.268E-31));
#5344 = ADVANCED_FACE('',(#5345),#5386,.T.);
#5345 = FACE_BOUND('',#5346,.T.);
#5346 = EDGE_LOOP('',(#5347,#5357,#5365,#5373,#5379,#5380));
#5347 = ORIENTED_EDGE('',*,*,#5348,.F.);
#5348 = EDGE_CURVE('',#5349,#5351,#5353,.T.);
#5349 = VERTEX_POINT('',#5350);
#5350 = CARTESIAN_POINT('',(-0.1,-4.5,-0.1));
#5351 = VERTEX_POINT('',#5352);
#5352 = CARTESIAN_POINT('',(-13.6,-4.5,-0.1));
#5353 = LINE('',#5354,#5355);
#5354 = CARTESIAN_POINT('',(-10.5,-4.5,-0.1));
#5355 = VECTOR('',#5356,1.);
#5356 = DIRECTION('',(-1.,-2.22044604925E-16,2.2E-16));
#5357 = ORIENTED_EDGE('',*,*,#5358,.F.);
#5358 = EDGE_CURVE('',#5359,#5349,#5361,.T.);
#5359 = VERTEX_POINT('',#5360);
#5360 = CARTESIAN_POINT('',(-9.999999999999E-02,-4.5,6.3));
#5361 = LINE('',#5362,#5363);
#5362 = CARTESIAN_POINT('',(-0.1,-4.5,6.4));
#5363 = VECTOR('',#5364,1.);
#5364 = DIRECTION('',(-1.E-15,-2.22044604925E-31,-1.));
#5365 = ORIENTED_EDGE('',*,*,#5366,.T.);
#5366 = EDGE_CURVE('',#5359,#5367,#5369,.T.);
#5367 = VERTEX_POINT('',#5368);
#5368 = CARTESIAN_POINT('',(-10.6,-4.5,6.3));
#5369 = LINE('',#5370,#5371);
#5370 = CARTESIAN_POINT('',(3.552713678801E-15,-4.5,6.3));
#5371 = VECTOR('',#5372,1.);
#5372 = DIRECTION('',(-1.,-2.22044604925E-16,1.11E-15));
#5373 = ORIENTED_EDGE('',*,*,#5374,.F.);
#5374 = EDGE_CURVE('',#5184,#5367,#5375,.T.);
#5375 = LINE('',#5376,#5377);
#5376 = CARTESIAN_POINT('',(-10.6,-4.5,10.7));
#5377 = VECTOR('',#5378,1.);
#5378 = DIRECTION('',(-2.2E-16,-4.884981308351E-32,-1.));
#5379 = ORIENTED_EDGE('',*,*,#5183,.T.);
#5380 = ORIENTED_EDGE('',*,*,#5381,.T.);
#5381 = EDGE_CURVE('',#5175,#5351,#5382,.T.);
#5382 = LINE('',#5383,#5384);
#5383 = CARTESIAN_POINT('',(-13.6,-4.5,10.7));
#5384 = VECTOR('',#5385,1.);
#5385 = DIRECTION('',(-2.2E-16,-4.884981308351E-32,-1.));
#5386 = PLANE('',#5387);
#5387 = AXIS2_PLACEMENT_3D('',#5388,#5389,#5390);
#5388 = CARTESIAN_POINT('',(-7.771428571429,-4.5,4.378571428571));
#5389 = DIRECTION('',(2.22044604925E-16,-1.,0.));
#5390 = DIRECTION('',(1.,2.22044604925E-16,0.));
#5391 = ADVANCED_FACE('',(#5392),#5403,.T.);
#5392 = FACE_BOUND('',#5393,.T.);
#5393 = EDGE_LOOP('',(#5394,#5395,#5402));
#5394 = ORIENTED_EDGE('',*,*,#5232,.T.);
#5395 = ORIENTED_EDGE('',*,*,#5396,.F.);
#5396 = EDGE_CURVE('',#5282,#5225,#5397,.T.);
#5397 = CIRCLE('',#5398,0.1);
#5398 = AXIS2_PLACEMENT_3D('',#5399,#5400,#5401);
#5399 = CARTESIAN_POINT('',(-10.6,4.4,10.6));
#5400 = DIRECTION('',(6.E-17,1.33226762955E-32,-1.));
#5401 = DIRECTION('',(1.,2.22044604925E-16,6.E-17));
#5402 = ORIENTED_EDGE('',*,*,#5281,.T.);
#5403 = SPHERICAL_SURFACE('',#5404,0.1);
#5404 = AXIS2_PLACEMENT_3D('',#5405,#5406,#5407);
#5405 = CARTESIAN_POINT('',(-10.6,4.4,10.6));
#5406 = DIRECTION('',(2.22044604925E-16,-1.,0.));
#5407 = DIRECTION('',(0.,0.,1.));
#5408 = ADVANCED_FACE('',(#5409),#5435,.T.);
#5409 = FACE_BOUND('',#5410,.T.);
#5410 = EDGE_LOOP('',(#5411,#5412,#5421,#5429));
#5411 = ORIENTED_EDGE('',*,*,#5224,.T.);
#5412 = ORIENTED_EDGE('',*,*,#5413,.T.);
#5413 = EDGE_CURVE('',#5217,#5414,#5416,.T.);
#5414 = VERTEX_POINT('',#5415);
#5415 = CARTESIAN_POINT('',(-10.5,4.2,6.4));
#5416 = CIRCLE('',#5417,4.2);
#5417 = AXIS2_PLACEMENT_3D('',#5418,#5419,#5420);
#5418 = CARTESIAN_POINT('',(-10.5,1.132747196253E-15,6.4));
#5419 = DIRECTION('',(-1.,-2.22044604925E-16,1.E-15));
#5420 = DIRECTION('',(2.22044604925E-16,-1.,0.));
#5421 = ORIENTED_EDGE('',*,*,#5422,.T.);
#5422 = EDGE_CURVE('',#5414,#5423,#5425,.T.);
#5423 = VERTEX_POINT('',#5424);
#5424 = CARTESIAN_POINT('',(-10.5,4.4,6.4));
#5425 = LINE('',#5426,#5427);
#5426 = CARTESIAN_POINT('',(-10.5,4.2,6.4));
#5427 = VECTOR('',#5428,1.);
#5428 = DIRECTION('',(-2.22044604925E-16,1.,-7.1E-16));
#5429 = ORIENTED_EDGE('',*,*,#5430,.T.);
#5430 = EDGE_CURVE('',#5423,#5225,#5431,.T.);
#5431 = LINE('',#5432,#5433);
#5432 = CARTESIAN_POINT('',(-10.5,4.4,6.4));
#5433 = VECTOR('',#5434,1.);
#5434 = DIRECTION('',(2.2E-16,4.884981308351E-32,1.));
#5435 = PLANE('',#5436);
#5436 = AXIS2_PLACEMENT_3D('',#5437,#5438,#5439);
#5437 = CARTESIAN_POINT('',(-10.5,9.227471962526E-16,5.62169644629));
#5438 = DIRECTION('',(1.,2.22044604925E-16,-2.2E-16));
#5439 = DIRECTION('',(2.2E-16,4.884981308351E-32,1.));
#5440 = ADVANCED_FACE('',(#5441),#5467,.T.);
#5441 = FACE_BOUND('',#5442,.T.);
#5442 = EDGE_LOOP('',(#5443,#5444,#5452,#5460));
#5443 = ORIENTED_EDGE('',*,*,#5216,.T.);
#5444 = ORIENTED_EDGE('',*,*,#5445,.T.);
#5445 = EDGE_CURVE('',#5208,#5446,#5448,.T.);
#5446 = VERTEX_POINT('',#5447);
#5447 = CARTESIAN_POINT('',(-10.5,-4.4,6.4));
#5448 = LINE('',#5449,#5450);
#5449 = CARTESIAN_POINT('',(-10.5,-4.4,10.7));
#5450 = VECTOR('',#5451,1.);
#5451 = DIRECTION('',(-2.2E-16,-4.884981308351E-32,-1.));
#5452 = ORIENTED_EDGE('',*,*,#5453,.F.);
#5453 = EDGE_CURVE('',#5454,#5446,#5456,.T.);
#5454 = VERTEX_POINT('',#5455);
#5455 = CARTESIAN_POINT('',(-10.5,-4.2,6.4));
#5456 = LINE('',#5457,#5458);
#5457 = CARTESIAN_POINT('',(-10.5,-4.2,6.4));
#5458 = VECTOR('',#5459,1.);
#5459 = DIRECTION('',(2.22044604925E-16,-1.,0.));
#5460 = ORIENTED_EDGE('',*,*,#5461,.T.);
#5461 = EDGE_CURVE('',#5454,#5217,#5462,.T.);
#5462 = CIRCLE('',#5463,4.2);
#5463 = AXIS2_PLACEMENT_3D('',#5464,#5465,#5466);
#5464 = CARTESIAN_POINT('',(-10.5,1.132747196253E-15,6.4));
#5465 = DIRECTION('',(-1.,-2.22044604925E-16,1.E-15));
#5466 = DIRECTION('',(2.22044604925E-16,-1.,0.));
#5467 = PLANE('',#5468);
#5468 = AXIS2_PLACEMENT_3D('',#5469,#5470,#5471);
#5469 = CARTESIAN_POINT('',(-10.5,9.227471962526E-16,5.62169644629));
#5470 = DIRECTION('',(1.,2.22044604925E-16,-2.2E-16));
#5471 = DIRECTION('',(2.2E-16,4.884981308351E-32,1.));
#5472 = ADVANCED_FACE('',(#5473),#5484,.T.);
#5473 = FACE_BOUND('',#5474,.T.);
#5474 = EDGE_LOOP('',(#5475,#5482,#5483));
#5475 = ORIENTED_EDGE('',*,*,#5476,.F.);
#5476 = EDGE_CURVE('',#5249,#5291,#5477,.T.);
#5477 = CIRCLE('',#5478,0.1);
#5478 = AXIS2_PLACEMENT_3D('',#5479,#5480,#5481);
#5479 = CARTESIAN_POINT('',(-13.6,4.4,10.6));
#5480 = DIRECTION('',(-2.2E-16,-4.884981308351E-32,-1.));
#5481 = DIRECTION('',(-2.22044604925E-16,1.,-1.000234656856E-44));
#5482 = ORIENTED_EDGE('',*,*,#5248,.T.);
#5483 = ORIENTED_EDGE('',*,*,#5298,.F.);
#5484 = SPHERICAL_SURFACE('',#5485,0.1);
#5485 = AXIS2_PLACEMENT_3D('',#5486,#5487,#5488);
#5486 = CARTESIAN_POINT('',(-13.6,4.4,10.6));
#5487 = DIRECTION('',(1.,2.22044604925E-16,-2.2E-16));
#5488 = DIRECTION('',(-2.22044604925E-16,1.,0.));
#5489 = ADVANCED_FACE('',(#5490,#5515),#5526,.F.);
#5490 = FACE_BOUND('',#5491,.F.);
#5491 = EDGE_LOOP('',(#5492,#5502,#5508,#5509));
#5492 = ORIENTED_EDGE('',*,*,#5493,.T.);
#5493 = EDGE_CURVE('',#5494,#5496,#5498,.T.);
#5494 = VERTEX_POINT('',#5495);
#5495 = CARTESIAN_POINT('',(-13.7,-4.4,-0.1));
#5496 = VERTEX_POINT('',#5497);
#5497 = CARTESIAN_POINT('',(-13.7,4.4,-0.1));
#5498 = LINE('',#5499,#5500);
#5499 = CARTESIAN_POINT('',(-13.7,-4.5,-0.1));
#5500 = VECTOR('',#5501,1.);
#5501 = DIRECTION('',(-2.22044604925E-16,1.,0.));
#5502 = ORIENTED_EDGE('',*,*,#5503,.T.);
#5503 = EDGE_CURVE('',#5496,#5249,#5504,.T.);
#5504 = LINE('',#5505,#5506);
#5505 = CARTESIAN_POINT('',(-13.7,4.4,-0.1));
#5506 = VECTOR('',#5507,1.);
#5507 = DIRECTION('',(2.2E-16,4.884981308351E-32,1.));
#5508 = ORIENTED_EDGE('',*,*,#5257,.T.);
#5509 = ORIENTED_EDGE('',*,*,#5510,.T.);
#5510 = EDGE_CURVE('',#5258,#5494,#5511,.T.);
#5511 = LINE('',#5512,#5513);
#5512 = CARTESIAN_POINT('',(-13.7,-4.4,10.7));
#5513 = VECTOR('',#5514,1.);
#5514 = DIRECTION('',(-2.2E-16,-4.884981308351E-32,-1.));
#5515 = FACE_BOUND('',#5516,.F.);
#5516 = EDGE_LOOP('',(#5517));
#5517 = ORIENTED_EDGE('',*,*,#5518,.T.);
#5518 = EDGE_CURVE('',#5519,#5519,#5521,.T.);
#5519 = VERTEX_POINT('',#5520);
#5520 = CARTESIAN_POINT('',(-13.7,-3.15,6.4));
#5521 = CIRCLE('',#5522,3.15);
#5522 = AXIS2_PLACEMENT_3D('',#5523,#5524,#5525);
#5523 = CARTESIAN_POINT('',(-13.7,2.22044604925E-17,6.4));
#5524 = DIRECTION('',(-1.,-2.22044604925E-16,2.2E-16));
#5525 = DIRECTION('',(2.22044604925E-16,-1.,0.));
#5526 = PLANE('',#5527);
#5527 = AXIS2_PLACEMENT_3D('',#5528,#5529,#5530);
#5528 = CARTESIAN_POINT('',(-13.7,2.122044604925E-16,5.62169644629));
#5529 = DIRECTION('',(1.,2.22044604925E-16,-2.2E-16));
#5530 = DIRECTION('',(2.2E-16,4.884981308351E-32,1.));
#5531 = ADVANCED_FACE('',(#5532),#5573,.T.);
#5532 = FACE_BOUND('',#5533,.T.);
#5533 = EDGE_LOOP('',(#5534,#5544,#5550,#5551,#5559,#5567));
#5534 = ORIENTED_EDGE('',*,*,#5535,.T.);
#5535 = EDGE_CURVE('',#5536,#5538,#5540,.T.);
#5536 = VERTEX_POINT('',#5537);
#5537 = CARTESIAN_POINT('',(-0.1,4.5,-0.1));
#5538 = VERTEX_POINT('',#5539);
#5539 = CARTESIAN_POINT('',(-13.6,4.5,-9.999999999999E-02));
#5540 = LINE('',#5541,#5542);
#5541 = CARTESIAN_POINT('',(-7.105427357601E-15,4.5,-0.1));
#5542 = VECTOR('',#5543,1.);
#5543 = DIRECTION('',(-1.,-2.22044604925E-16,1.11E-15));
#5544 = ORIENTED_EDGE('',*,*,#5545,.T.);
#5545 = EDGE_CURVE('',#5538,#5291,#5546,.T.);
#5546 = LINE('',#5547,#5548);
#5547 = CARTESIAN_POINT('',(-13.6,4.5,-0.1));
#5548 = VECTOR('',#5549,1.);
#5549 = DIRECTION('',(2.2E-16,4.884981308351E-32,1.));
#5550 = ORIENTED_EDGE('',*,*,#5290,.F.);
#5551 = ORIENTED_EDGE('',*,*,#5552,.F.);
#5552 = EDGE_CURVE('',#5553,#5282,#5555,.T.);
#5553 = VERTEX_POINT('',#5554);
#5554 = CARTESIAN_POINT('',(-10.6,4.5,6.3));
#5555 = LINE('',#5556,#5557);
#5556 = CARTESIAN_POINT('',(-10.6,4.5,6.4));
#5557 = VECTOR('',#5558,1.);
#5558 = DIRECTION('',(2.2E-16,4.884981308351E-32,1.));
#5559 = ORIENTED_EDGE('',*,*,#5560,.F.);
#5560 = EDGE_CURVE('',#5561,#5553,#5563,.T.);
#5561 = VERTEX_POINT('',#5562);
#5562 = CARTESIAN_POINT('',(-0.1,4.5,6.3));
#5563 = LINE('',#5564,#5565);
#5564 = CARTESIAN_POINT('',(0.,4.5,6.3));
#5565 = VECTOR('',#5566,1.);
#5566 = DIRECTION('',(-1.,-2.22044604925E-16,1.11E-15));
#5567 = ORIENTED_EDGE('',*,*,#5568,.T.);
#5568 = EDGE_CURVE('',#5561,#5536,#5569,.T.);
#5569 = LINE('',#5570,#5571);
#5570 = CARTESIAN_POINT('',(-0.1,4.5,6.4));
#5571 = VECTOR('',#5572,1.);
#5572 = DIRECTION('',(-1.E-15,-2.22044604925E-31,-1.));
#5573 = PLANE('',#5574);
#5574 = AXIS2_PLACEMENT_3D('',#5575,#5576,#5577);
#5575 = CARTESIAN_POINT('',(-7.771428571429,4.5,4.378571428571));
#5576 = DIRECTION('',(-2.22044604925E-16,1.,0.));
#5577 = DIRECTION('',(0.,0.,-1.));
#5578 = ADVANCED_FACE('',(#5579),#5591,.T.);
#5579 = FACE_BOUND('',#5580,.T.);
#5580 = EDGE_LOOP('',(#5581,#5582,#5589,#5590));
#5581 = ORIENTED_EDGE('',*,*,#5374,.T.);
#5582 = ORIENTED_EDGE('',*,*,#5583,.T.);
#5583 = EDGE_CURVE('',#5367,#5446,#5584,.T.);
#5584 = ELLIPSE('',#5585,0.141421356237,0.1);
#5585 = AXIS2_PLACEMENT_3D('',#5586,#5587,#5588);
#5586 = CARTESIAN_POINT('',(-10.6,-4.4,6.3));
#5587 = DIRECTION('',(-0.707106781187,-1.570092458683E-16,0.707106781187
    ));
#5588 = DIRECTION('',(-0.707106781187,-1.570092458683E-16,
    -0.707106781187));
#5589 = ORIENTED_EDGE('',*,*,#5445,.F.);
#5590 = ORIENTED_EDGE('',*,*,#5315,.T.);
#5591 = CYLINDRICAL_SURFACE('',#5592,0.1);
#5592 = AXIS2_PLACEMENT_3D('',#5593,#5594,#5595);
#5593 = CARTESIAN_POINT('',(-10.6,-4.4,10.7));
#5594 = DIRECTION('',(-2.2E-16,-4.884981308351E-32,-1.));
#5595 = DIRECTION('',(2.22044604925E-16,-1.,1.000234656856E-44));
#5596 = ADVANCED_FACE('',(#5597),#5609,.T.);
#5597 = FACE_BOUND('',#5598,.T.);
#5598 = EDGE_LOOP('',(#5599,#5600,#5601,#5602));
#5599 = ORIENTED_EDGE('',*,*,#5381,.F.);
#5600 = ORIENTED_EDGE('',*,*,#5333,.T.);
#5601 = ORIENTED_EDGE('',*,*,#5510,.T.);
#5602 = ORIENTED_EDGE('',*,*,#5603,.F.);
#5603 = EDGE_CURVE('',#5351,#5494,#5604,.T.);
#5604 = CIRCLE('',#5605,0.1);
#5605 = AXIS2_PLACEMENT_3D('',#5606,#5607,#5608);
#5606 = CARTESIAN_POINT('',(-13.6,-4.4,-0.1));
#5607 = DIRECTION('',(-2.2E-16,-4.884981308351E-32,-1.));
#5608 = DIRECTION('',(1.,2.22044604925E-16,-2.2E-16));
#5609 = CYLINDRICAL_SURFACE('',#5610,0.1);
#5610 = AXIS2_PLACEMENT_3D('',#5611,#5612,#5613);
#5611 = CARTESIAN_POINT('',(-13.6,-4.4,10.7));
#5612 = DIRECTION('',(-2.2E-16,-4.884981308351E-32,-1.));
#5613 = DIRECTION('',(2.22044604925E-16,-1.,1.000234656856E-44));
#5614 = ADVANCED_FACE('',(#5615),#5652,.T.);
#5615 = FACE_BOUND('',#5616,.T.);
#5616 = EDGE_LOOP('',(#5617,#5618,#5619,#5620,#5627,#5628,#5637,#5645));
#5617 = ORIENTED_EDGE('',*,*,#5348,.T.);
#5618 = ORIENTED_EDGE('',*,*,#5603,.T.);
#5619 = ORIENTED_EDGE('',*,*,#5493,.T.);
#5620 = ORIENTED_EDGE('',*,*,#5621,.F.);
#5621 = EDGE_CURVE('',#5538,#5496,#5622,.T.);
#5622 = CIRCLE('',#5623,0.1);
#5623 = AXIS2_PLACEMENT_3D('',#5624,#5625,#5626);
#5624 = CARTESIAN_POINT('',(-13.6,4.4,-0.1));
#5625 = DIRECTION('',(2.2E-16,4.884981308351E-32,1.));
#5626 = DIRECTION('',(-1.,-2.22044604925E-16,2.2E-16));
#5627 = ORIENTED_EDGE('',*,*,#5535,.F.);
#5628 = ORIENTED_EDGE('',*,*,#5629,.T.);
#5629 = EDGE_CURVE('',#5536,#5630,#5632,.T.);
#5630 = VERTEX_POINT('',#5631);
#5631 = CARTESIAN_POINT('',(-1.915134717478E-15,4.4,-0.1));
#5632 = CIRCLE('',#5633,0.1);
#5633 = AXIS2_PLACEMENT_3D('',#5634,#5635,#5636);
#5634 = CARTESIAN_POINT('',(-0.1,4.4,-0.1));
#5635 = DIRECTION('',(-1.E-15,-2.22044604925E-31,-1.));
#5636 = DIRECTION('',(1.,2.22044604925E-16,-1.E-15));
#5637 = ORIENTED_EDGE('',*,*,#5638,.F.);
#5638 = EDGE_CURVE('',#5639,#5630,#5641,.T.);
#5639 = VERTEX_POINT('',#5640);
#5640 = CARTESIAN_POINT('',(2.775557561563E-17,-4.4,-0.1));
#5641 = LINE('',#5642,#5643);
#5642 = CARTESIAN_POINT('',(-3.724442438437E-15,-4.5,-0.1));
#5643 = VECTOR('',#5644,1.);
#5644 = DIRECTION('',(-2.22044604925E-16,1.,0.));
#5645 = ORIENTED_EDGE('',*,*,#5646,.F.);
#5646 = EDGE_CURVE('',#5349,#5639,#5647,.T.);
#5647 = CIRCLE('',#5648,0.1);
#5648 = AXIS2_PLACEMENT_3D('',#5649,#5650,#5651);
#5649 = CARTESIAN_POINT('',(-0.1,-4.4,-0.1));
#5650 = DIRECTION('',(1.E-15,2.22044604925E-31,1.));
#5651 = DIRECTION('',(1.,2.22044604925E-16,-1.E-15));
#5652 = PLANE('',#5653);
#5653 = AXIS2_PLACEMENT_3D('',#5654,#5655,#5656);
#5654 = CARTESIAN_POINT('',(-6.85,1.543210004229E-15,-0.1));
#5655 = DIRECTION('',(-3.1E-16,-6.883382752676E-32,-1.));
#5656 = DIRECTION('',(-1.,-2.22044604925E-16,3.1E-16));
#5657 = ADVANCED_FACE('',(#5658),#5677,.T.);
#5658 = FACE_BOUND('',#5659,.T.);
#5659 = EDGE_LOOP('',(#5660,#5661,#5662,#5670));
#5660 = ORIENTED_EDGE('',*,*,#5358,.T.);
#5661 = ORIENTED_EDGE('',*,*,#5646,.T.);
#5662 = ORIENTED_EDGE('',*,*,#5663,.F.);
#5663 = EDGE_CURVE('',#5664,#5639,#5666,.T.);
#5664 = VERTEX_POINT('',#5665);
#5665 = CARTESIAN_POINT('',(7.022160630754E-15,-4.4,6.4));
#5666 = LINE('',#5667,#5668);
#5667 = CARTESIAN_POINT('',(1.7763568394E-15,-4.4,6.4));
#5668 = VECTOR('',#5669,1.);
#5669 = DIRECTION('',(-1.E-15,-2.22044604925E-31,-1.));
#5670 = ORIENTED_EDGE('',*,*,#5671,.F.);
#5671 = EDGE_CURVE('',#5359,#5664,#5672,.T.);
#5672 = ELLIPSE('',#5673,0.141421356237,0.1);
#5673 = AXIS2_PLACEMENT_3D('',#5674,#5675,#5676);
#5674 = CARTESIAN_POINT('',(-0.1,-4.4,6.3));
#5675 = DIRECTION('',(-0.707106781187,-1.570092458683E-16,0.707106781187
    ));
#5676 = DIRECTION('',(-0.707106781187,-1.570092458683E-16,
    -0.707106781187));
#5677 = CYLINDRICAL_SURFACE('',#5678,0.1);
#5678 = AXIS2_PLACEMENT_3D('',#5679,#5680,#5681);
#5679 = CARTESIAN_POINT('',(-0.1,-4.4,6.4));
#5680 = DIRECTION('',(-1.E-15,-2.22044604925E-31,-1.));
#5681 = DIRECTION('',(2.22044604925E-16,-1.,-2.345386298723E-48));
#5682 = ADVANCED_FACE('',(#5683),#5694,.T.);
#5683 = FACE_BOUND('',#5684,.T.);
#5684 = EDGE_LOOP('',(#5685,#5686,#5692,#5693));
#5685 = ORIENTED_EDGE('',*,*,#5671,.T.);
#5686 = ORIENTED_EDGE('',*,*,#5687,.T.);
#5687 = EDGE_CURVE('',#5664,#5446,#5688,.T.);
#5688 = LINE('',#5689,#5690);
#5689 = CARTESIAN_POINT('',(3.552713678801E-15,-4.4,6.4));
#5690 = VECTOR('',#5691,1.);
#5691 = DIRECTION('',(-1.,-2.22044604925E-16,1.11E-15));
#5692 = ORIENTED_EDGE('',*,*,#5583,.F.);
#5693 = ORIENTED_EDGE('',*,*,#5366,.F.);
#5694 = CYLINDRICAL_SURFACE('',#5695,0.1);
#5695 = AXIS2_PLACEMENT_3D('',#5696,#5697,#5698);
#5696 = CARTESIAN_POINT('',(3.552713678801E-15,-4.4,6.3));
#5697 = DIRECTION('',(-1.,-2.22044604925E-16,1.11E-15));
#5698 = DIRECTION('',(2.22044604925E-16,-1.,0.));
#5699 = ADVANCED_FACE('',(#5700),#5712,.T.);
#5700 = FACE_BOUND('',#5701,.T.);
#5701 = EDGE_LOOP('',(#5702,#5703,#5704,#5705));
#5702 = ORIENTED_EDGE('',*,*,#5552,.T.);
#5703 = ORIENTED_EDGE('',*,*,#5396,.T.);
#5704 = ORIENTED_EDGE('',*,*,#5430,.F.);
#5705 = ORIENTED_EDGE('',*,*,#5706,.F.);
#5706 = EDGE_CURVE('',#5553,#5423,#5707,.T.);
#5707 = ELLIPSE('',#5708,0.141421356237,0.1);
#5708 = AXIS2_PLACEMENT_3D('',#5709,#5710,#5711);
#5709 = CARTESIAN_POINT('',(-10.6,4.4,6.3));
#5710 = DIRECTION('',(0.707106781187,1.570092458683E-16,-0.707106781187)
  );
#5711 = DIRECTION('',(0.707106781187,1.570092458683E-16,0.707106781187)
  );
#5712 = CYLINDRICAL_SURFACE('',#5713,0.1);
#5713 = AXIS2_PLACEMENT_3D('',#5714,#5715,#5716);
#5714 = CARTESIAN_POINT('',(-10.6,4.4,6.4));
#5715 = DIRECTION('',(2.2E-16,4.884981308351E-32,1.));
#5716 = DIRECTION('',(-2.22044604925E-16,1.,-1.000234656856E-44));
#5717 = ADVANCED_FACE('',(#5718),#5743,.F.);
#5718 = FACE_BOUND('',#5719,.F.);
#5719 = EDGE_LOOP('',(#5720,#5730,#5736,#5737));
#5720 = ORIENTED_EDGE('',*,*,#5721,.F.);
#5721 = EDGE_CURVE('',#5722,#5724,#5726,.T.);
#5722 = VERTEX_POINT('',#5723);
#5723 = CARTESIAN_POINT('',(5.120903701084E-15,4.2,6.4));
#5724 = VERTEX_POINT('',#5725);
#5725 = CARTESIAN_POINT('',(5.07927033766E-15,4.4,6.4));
#5726 = LINE('',#5727,#5728);
#5727 = CARTESIAN_POINT('',(8.437694987151E-16,4.2,6.4));
#5728 = VECTOR('',#5729,1.);
#5729 = DIRECTION('',(-2.22044604925E-16,1.,-7.1E-16));
#5730 = ORIENTED_EDGE('',*,*,#5731,.T.);
#5731 = EDGE_CURVE('',#5722,#5414,#5732,.T.);
#5732 = LINE('',#5733,#5734);
#5733 = CARTESIAN_POINT('',(8.437694987151E-16,4.2,6.4));
#5734 = VECTOR('',#5735,1.);
#5735 = DIRECTION('',(-1.,-2.22044604925E-16,1.11E-15));
#5736 = ORIENTED_EDGE('',*,*,#5422,.T.);
#5737 = ORIENTED_EDGE('',*,*,#5738,.F.);
#5738 = EDGE_CURVE('',#5724,#5423,#5739,.T.);
#5739 = LINE('',#5740,#5741);
#5740 = CARTESIAN_POINT('',(0.,4.4,6.4));
#5741 = VECTOR('',#5742,1.);
#5742 = DIRECTION('',(-1.,-2.22044604925E-16,1.11E-15));
#5743 = PLANE('',#5744);
#5744 = AXIS2_PLACEMENT_3D('',#5745,#5746,#5747);
#5745 = CARTESIAN_POINT('',(8.437694987151E-16,4.2,6.4));
#5746 = DIRECTION('',(-1.11E-15,-7.1E-16,-1.));
#5747 = DIRECTION('',(-2.22044604925E-16,1.,-7.1E-16));
#5748 = ADVANCED_FACE('',(#5749),#5769,.T.);
#5749 = FACE_BOUND('',#5750,.T.);
#5750 = EDGE_LOOP('',(#5751,#5760,#5761,#5762,#5763));
#5751 = ORIENTED_EDGE('',*,*,#5752,.T.);
#5752 = EDGE_CURVE('',#5753,#5722,#5755,.T.);
#5753 = VERTEX_POINT('',#5754);
#5754 = CARTESIAN_POINT('',(6.980527267331E-15,-4.2,6.4));
#5755 = CIRCLE('',#5756,4.2);
#5756 = AXIS2_PLACEMENT_3D('',#5757,#5758,#5759);
#5757 = CARTESIAN_POINT('',(1.7763568394E-15,3.464215547965E-15,6.4));
#5758 = DIRECTION('',(-1.,-2.22044604925E-16,1.E-15));
#5759 = DIRECTION('',(2.22044604925E-16,-1.,0.));
#5760 = ORIENTED_EDGE('',*,*,#5731,.T.);
#5761 = ORIENTED_EDGE('',*,*,#5413,.F.);
#5762 = ORIENTED_EDGE('',*,*,#5461,.F.);
#5763 = ORIENTED_EDGE('',*,*,#5764,.F.);
#5764 = EDGE_CURVE('',#5753,#5454,#5765,.T.);
#5765 = LINE('',#5766,#5767);
#5766 = CARTESIAN_POINT('',(2.708944180085E-15,-4.2,6.4));
#5767 = VECTOR('',#5768,1.);
#5768 = DIRECTION('',(-1.,-2.22044604925E-16,1.11E-15));
#5769 = CYLINDRICAL_SURFACE('',#5770,4.2);
#5770 = AXIS2_PLACEMENT_3D('',#5771,#5772,#5773);
#5771 = CARTESIAN_POINT('',(1.7763568394E-15,3.464215547965E-15,6.4));
#5772 = DIRECTION('',(1.,2.22044604925E-16,-1.11E-15));
#5773 = DIRECTION('',(2.22044604925E-16,-1.,0.));
#5774 = ADVANCED_FACE('',(#5775),#5786,.T.);
#5775 = FACE_BOUND('',#5776,.T.);
#5776 = EDGE_LOOP('',(#5777,#5783,#5784,#5785));
#5777 = ORIENTED_EDGE('',*,*,#5778,.F.);
#5778 = EDGE_CURVE('',#5753,#5664,#5779,.T.);
#5779 = LINE('',#5780,#5781);
#5780 = CARTESIAN_POINT('',(2.708944180085E-15,-4.2,6.4));
#5781 = VECTOR('',#5782,1.);
#5782 = DIRECTION('',(2.22044604925E-16,-1.,0.));
#5783 = ORIENTED_EDGE('',*,*,#5764,.T.);
#5784 = ORIENTED_EDGE('',*,*,#5453,.T.);
#5785 = ORIENTED_EDGE('',*,*,#5687,.F.);
#5786 = PLANE('',#5787);
#5787 = AXIS2_PLACEMENT_3D('',#5788,#5789,#5790);
#5788 = CARTESIAN_POINT('',(2.708944180085E-15,-4.2,6.4));
#5789 = DIRECTION('',(1.11E-15,2.464695114668E-31,1.));
#5790 = DIRECTION('',(2.22044604925E-16,-1.,4.999090886485E-44));
#5791 = ADVANCED_FACE('',(#5792),#5798,.T.);
#5792 = FACE_BOUND('',#5793,.T.);
#5793 = EDGE_LOOP('',(#5794,#5795,#5796,#5797));
#5794 = ORIENTED_EDGE('',*,*,#5621,.T.);
#5795 = ORIENTED_EDGE('',*,*,#5503,.T.);
#5796 = ORIENTED_EDGE('',*,*,#5476,.T.);
#5797 = ORIENTED_EDGE('',*,*,#5545,.F.);
#5798 = CYLINDRICAL_SURFACE('',#5799,0.1);
#5799 = AXIS2_PLACEMENT_3D('',#5800,#5801,#5802);
#5800 = CARTESIAN_POINT('',(-13.6,4.4,-0.1));
#5801 = DIRECTION('',(2.2E-16,4.884981308351E-32,1.));
#5802 = DIRECTION('',(-2.22044604925E-16,1.,-1.000234656856E-44));
#5803 = ADVANCED_FACE('',(#5804),#5847,.F.);
#5804 = FACE_BOUND('',#5805,.F.);
#5805 = EDGE_LOOP('',(#5806,#5817,#5825,#5834,#5839,#5840,#5841));
#5806 = ORIENTED_EDGE('',*,*,#5807,.T.);
#5807 = EDGE_CURVE('',#5808,#5810,#5812,.T.);
#5808 = VERTEX_POINT('',#5809);
#5809 = CARTESIAN_POINT('',(-2.,-3.15,6.4));
#5810 = VERTEX_POINT('',#5811);
#5811 = CARTESIAN_POINT('',(-2.,3.15,6.4));
#5812 = CIRCLE('',#5813,3.15);
#5813 = AXIS2_PLACEMENT_3D('',#5814,#5815,#5816);
#5814 = CARTESIAN_POINT('',(-2.,2.620126338115E-15,6.4));
#5815 = DIRECTION('',(-1.,-2.22044604925E-16,1.11E-15));
#5816 = DIRECTION('',(2.22044604925E-16,-1.,0.));
#5817 = ORIENTED_EDGE('',*,*,#5818,.T.);
#5818 = EDGE_CURVE('',#5810,#5819,#5821,.T.);
#5819 = VERTEX_POINT('',#5820);
#5820 = CARTESIAN_POINT('',(-12.,3.15,6.4));
#5821 = LINE('',#5822,#5823);
#5822 = CARTESIAN_POINT('',(-2.,3.15,6.4));
#5823 = VECTOR('',#5824,1.);
#5824 = DIRECTION('',(-1.,-2.22044604925E-16,1.11E-15));
#5825 = ORIENTED_EDGE('',*,*,#5826,.F.);
#5826 = EDGE_CURVE('',#5827,#5819,#5829,.T.);
#5827 = VERTEX_POINT('',#5828);
#5828 = CARTESIAN_POINT('',(-12.,-3.15,6.4));
#5829 = CIRCLE('',#5830,3.15);
#5830 = AXIS2_PLACEMENT_3D('',#5831,#5832,#5833);
#5831 = CARTESIAN_POINT('',(-12.,3.996802888651E-16,6.4));
#5832 = DIRECTION('',(1.,2.22044604925E-16,-2.2E-16));
#5833 = DIRECTION('',(2.22044604925E-16,-1.,0.));
#5834 = ORIENTED_EDGE('',*,*,#5835,.F.);
#5835 = EDGE_CURVE('',#5519,#5827,#5836,.T.);
#5836 = B_SPLINE_CURVE_WITH_KNOTS('',1,(#5837,#5838),.UNSPECIFIED.,.F.,
  .F.,(2,2),(-3.2,-1.5),.PIECEWISE_BEZIER_KNOTS.);
#5837 = CARTESIAN_POINT('',(-13.7,-3.15,6.4));
#5838 = CARTESIAN_POINT('',(-12.,-3.15,6.4));
#5839 = ORIENTED_EDGE('',*,*,#5518,.F.);
#5840 = ORIENTED_EDGE('',*,*,#5835,.T.);
#5841 = ORIENTED_EDGE('',*,*,#5842,.F.);
#5842 = EDGE_CURVE('',#5808,#5827,#5843,.T.);
#5843 = LINE('',#5844,#5845);
#5844 = CARTESIAN_POINT('',(-10.5,-3.15,6.4));
#5845 = VECTOR('',#5846,1.);
#5846 = DIRECTION('',(-1.,-2.22044604925E-16,2.2E-16));
#5847 = CYLINDRICAL_SURFACE('',#5848,3.15);
#5848 = AXIS2_PLACEMENT_3D('',#5849,#5850,#5851);
#5849 = CARTESIAN_POINT('',(-10.5,7.327471962526E-16,6.4));
#5850 = DIRECTION('',(1.,2.22044604925E-16,-2.2E-16));
#5851 = DIRECTION('',(2.22044604925E-16,-1.,0.));
#5852 = ADVANCED_FACE('',(#5853),#5870,.T.);
#5853 = FACE_BOUND('',#5854,.T.);
#5854 = EDGE_LOOP('',(#5855,#5862,#5868,#5869));
#5855 = ORIENTED_EDGE('',*,*,#5856,.T.);
#5856 = EDGE_CURVE('',#5561,#5724,#5857,.T.);
#5857 = ELLIPSE('',#5858,0.141421356237,0.1);
#5858 = AXIS2_PLACEMENT_3D('',#5859,#5860,#5861);
#5859 = CARTESIAN_POINT('',(-0.1,4.4,6.3));
#5860 = DIRECTION('',(0.707106781187,1.570092458683E-16,-0.707106781187)
  );
#5861 = DIRECTION('',(-0.707106781187,-1.570092458683E-16,
    -0.707106781187));
#5862 = ORIENTED_EDGE('',*,*,#5863,.T.);
#5863 = EDGE_CURVE('',#5724,#5630,#5864,.T.);
#5864 = LINE('',#5865,#5866);
#5865 = CARTESIAN_POINT('',(-1.7763568394E-15,4.4,6.4));
#5866 = VECTOR('',#5867,1.);
#5867 = DIRECTION('',(-1.E-15,-2.22044604925E-31,-1.));
#5868 = ORIENTED_EDGE('',*,*,#5629,.F.);
#5869 = ORIENTED_EDGE('',*,*,#5568,.F.);
#5870 = CYLINDRICAL_SURFACE('',#5871,0.1);
#5871 = AXIS2_PLACEMENT_3D('',#5872,#5873,#5874);
#5872 = CARTESIAN_POINT('',(-0.1,4.4,6.4));
#5873 = DIRECTION('',(-1.E-15,-2.22044604925E-31,-1.));
#5874 = DIRECTION('',(-2.22044604925E-16,1.,2.345386298723E-48));
#5875 = ADVANCED_FACE('',(#5876),#5882,.T.);
#5876 = FACE_BOUND('',#5877,.T.);
#5877 = EDGE_LOOP('',(#5878,#5879,#5880,#5881));
#5878 = ORIENTED_EDGE('',*,*,#5560,.T.);
#5879 = ORIENTED_EDGE('',*,*,#5706,.T.);
#5880 = ORIENTED_EDGE('',*,*,#5738,.F.);
#5881 = ORIENTED_EDGE('',*,*,#5856,.F.);
#5882 = CYLINDRICAL_SURFACE('',#5883,0.1);
#5883 = AXIS2_PLACEMENT_3D('',#5884,#5885,#5886);
#5884 = CARTESIAN_POINT('',(0.,4.4,6.3));
#5885 = DIRECTION('',(-1.,-2.22044604925E-16,1.11E-15));
#5886 = DIRECTION('',(-2.22044604925E-16,1.,0.));
#5887 = ADVANCED_FACE('',(#5888),#5896,.T.);
#5888 = FACE_BOUND('',#5889,.T.);
#5889 = EDGE_LOOP('',(#5890,#5891,#5892,#5893,#5894,#5895));
#5890 = ORIENTED_EDGE('',*,*,#5778,.T.);
#5891 = ORIENTED_EDGE('',*,*,#5663,.T.);
#5892 = ORIENTED_EDGE('',*,*,#5638,.T.);
#5893 = ORIENTED_EDGE('',*,*,#5863,.F.);
#5894 = ORIENTED_EDGE('',*,*,#5721,.F.);
#5895 = ORIENTED_EDGE('',*,*,#5752,.F.);
#5896 = PLANE('',#5897);
#5897 = AXIS2_PLACEMENT_3D('',#5898,#5899,#5900);
#5898 = CARTESIAN_POINT('',(-4.336431605997E-16,3.064215547965E-15,
    4.405777734248));
#5899 = DIRECTION('',(1.,2.22044604925E-16,-1.11E-15));
#5900 = DIRECTION('',(1.11E-15,2.464695114668E-31,1.));
#5901 = ADVANCED_FACE('',(#5902),#5927,.F.);
#5902 = FACE_BOUND('',#5903,.F.);
#5903 = EDGE_LOOP('',(#5904,#5905,#5913,#5921));
#5904 = ORIENTED_EDGE('',*,*,#5842,.T.);
#5905 = ORIENTED_EDGE('',*,*,#5906,.T.);
#5906 = EDGE_CURVE('',#5827,#5907,#5909,.T.);
#5907 = VERTEX_POINT('',#5908);
#5908 = CARTESIAN_POINT('',(-12.,-3.15,0.4));
#5909 = LINE('',#5910,#5911);
#5910 = CARTESIAN_POINT('',(-12.,-3.15,6.4));
#5911 = VECTOR('',#5912,1.);
#5912 = DIRECTION('',(-1.E-15,-2.22044604925E-31,-1.));
#5913 = ORIENTED_EDGE('',*,*,#5914,.F.);
#5914 = EDGE_CURVE('',#5915,#5907,#5917,.T.);
#5915 = VERTEX_POINT('',#5916);
#5916 = CARTESIAN_POINT('',(-2.,-3.15,0.4));
#5917 = LINE('',#5918,#5919);
#5918 = CARTESIAN_POINT('',(-2.,-3.15,0.4));
#5919 = VECTOR('',#5920,1.);
#5920 = DIRECTION('',(-1.,-2.22044604925E-16,1.11E-15));
#5921 = ORIENTED_EDGE('',*,*,#5922,.F.);
#5922 = EDGE_CURVE('',#5808,#5915,#5923,.T.);
#5923 = LINE('',#5924,#5925);
#5924 = CARTESIAN_POINT('',(-2.,-3.15,6.4));
#5925 = VECTOR('',#5926,1.);
#5926 = DIRECTION('',(-1.E-15,-2.22044604925E-31,-1.));
#5927 = PLANE('',#5928);
#5928 = AXIS2_PLACEMENT_3D('',#5929,#5930,#5931);
#5929 = CARTESIAN_POINT('',(-2.,-3.15,6.4));
#5930 = DIRECTION('',(2.22044604925E-16,-1.,0.));
#5931 = DIRECTION('',(-1.11E-15,-2.464695114668E-31,-1.));
#5932 = ADVANCED_FACE('',(#5933),#5951,.T.);
#5933 = FACE_BOUND('',#5934,.T.);
#5934 = EDGE_LOOP('',(#5935,#5936,#5937,#5945));
#5935 = ORIENTED_EDGE('',*,*,#5826,.F.);
#5936 = ORIENTED_EDGE('',*,*,#5906,.T.);
#5937 = ORIENTED_EDGE('',*,*,#5938,.F.);
#5938 = EDGE_CURVE('',#5939,#5907,#5941,.T.);
#5939 = VERTEX_POINT('',#5940);
#5940 = CARTESIAN_POINT('',(-12.,3.15,0.4));
#5941 = LINE('',#5942,#5943);
#5942 = CARTESIAN_POINT('',(-12.,3.15,0.4));
#5943 = VECTOR('',#5944,1.);
#5944 = DIRECTION('',(2.22044604925E-16,-1.,0.));
#5945 = ORIENTED_EDGE('',*,*,#5946,.F.);
#5946 = EDGE_CURVE('',#5819,#5939,#5947,.T.);
#5947 = LINE('',#5948,#5949);
#5948 = CARTESIAN_POINT('',(-12.,3.15,6.4));
#5949 = VECTOR('',#5950,1.);
#5950 = DIRECTION('',(-1.E-15,-2.22044604925E-31,-1.));
#5951 = PLANE('',#5952);
#5952 = AXIS2_PLACEMENT_3D('',#5953,#5954,#5955);
#5953 = CARTESIAN_POINT('',(-12.,7.796802888651E-16,4.359865734706));
#5954 = DIRECTION('',(1.,2.22044604925E-16,-1.11E-15));
#5955 = DIRECTION('',(1.11E-15,2.464695114668E-31,1.));
#5956 = ADVANCED_FACE('',(#5957),#5975,.T.);
#5957 = FACE_BOUND('',#5958,.T.);
#5958 = EDGE_LOOP('',(#5959,#5960,#5961,#5969));
#5959 = ORIENTED_EDGE('',*,*,#5818,.T.);
#5960 = ORIENTED_EDGE('',*,*,#5946,.T.);
#5961 = ORIENTED_EDGE('',*,*,#5962,.F.);
#5962 = EDGE_CURVE('',#5963,#5939,#5965,.T.);
#5963 = VERTEX_POINT('',#5964);
#5964 = CARTESIAN_POINT('',(-2.,3.15,0.4));
#5965 = LINE('',#5966,#5967);
#5966 = CARTESIAN_POINT('',(-2.,3.15,0.4));
#5967 = VECTOR('',#5968,1.);
#5968 = DIRECTION('',(-1.,-2.22044604925E-16,1.11E-15));
#5969 = ORIENTED_EDGE('',*,*,#5970,.F.);
#5970 = EDGE_CURVE('',#5810,#5963,#5971,.T.);
#5971 = LINE('',#5972,#5973);
#5972 = CARTESIAN_POINT('',(-2.,3.15,6.4));
#5973 = VECTOR('',#5974,1.);
#5974 = DIRECTION('',(-1.E-15,-2.22044604925E-31,-1.));
#5975 = PLANE('',#5976);
#5976 = AXIS2_PLACEMENT_3D('',#5977,#5978,#5979);
#5977 = CARTESIAN_POINT('',(-2.,3.15,6.4));
#5978 = DIRECTION('',(2.22044604925E-16,-1.,0.));
#5979 = DIRECTION('',(-1.11E-15,-2.464695114668E-31,-1.));
#5980 = ADVANCED_FACE('',(#5981),#5992,.F.);
#5981 = FACE_BOUND('',#5982,.F.);
#5982 = EDGE_LOOP('',(#5983,#5984,#5990,#5991));
#5983 = ORIENTED_EDGE('',*,*,#5922,.T.);
#5984 = ORIENTED_EDGE('',*,*,#5985,.F.);
#5985 = EDGE_CURVE('',#5963,#5915,#5986,.T.);
#5986 = LINE('',#5987,#5988);
#5987 = CARTESIAN_POINT('',(-2.,3.15,0.4));
#5988 = VECTOR('',#5989,1.);
#5989 = DIRECTION('',(2.22044604925E-16,-1.,0.));
#5990 = ORIENTED_EDGE('',*,*,#5970,.F.);
#5991 = ORIENTED_EDGE('',*,*,#5807,.F.);
#5992 = PLANE('',#5993);
#5993 = AXIS2_PLACEMENT_3D('',#5994,#5995,#5996);
#5994 = CARTESIAN_POINT('',(-2.,3.000126338115E-15,4.359865734706));
#5995 = DIRECTION('',(1.,2.22044604925E-16,-1.11E-15));
#5996 = DIRECTION('',(1.11E-15,2.464695114668E-31,1.));
#5997 = ADVANCED_FACE('',(#5998),#6004,.T.);
#5998 = FACE_BOUND('',#5999,.T.);
#5999 = EDGE_LOOP('',(#6000,#6001,#6002,#6003));
#6000 = ORIENTED_EDGE('',*,*,#5962,.T.);
#6001 = ORIENTED_EDGE('',*,*,#5938,.T.);
#6002 = ORIENTED_EDGE('',*,*,#5914,.F.);
#6003 = ORIENTED_EDGE('',*,*,#5985,.F.);
#6004 = PLANE('',#6005);
#6005 = AXIS2_PLACEMENT_3D('',#6006,#6007,#6008);
#6006 = CARTESIAN_POINT('',(-2.,3.15,0.4));
#6007 = DIRECTION('',(1.11E-15,2.464695114668E-31,1.));
#6008 = DIRECTION('',(2.22044604925E-16,-1.,4.999090886485E-44));
#6009 = MANIFOLD_SOLID_BREP('',#6010);
#6010 = CLOSED_SHELL('',(#6011,#6051,#6084,#6115,#6175,#6200,#6219,#6244
    ,#6269,#6313,#6338,#6347));
#6011 = ADVANCED_FACE('',(#6012),#6046,.T.);
#6012 = FACE_BOUND('',#6013,.T.);
#6013 = EDGE_LOOP('',(#6014,#6024,#6032,#6040));
#6014 = ORIENTED_EDGE('',*,*,#6015,.F.);
#6015 = EDGE_CURVE('',#6016,#6018,#6020,.T.);
#6016 = VERTEX_POINT('',#6017);
#6017 = CARTESIAN_POINT('',(6.758482662406E-15,1.3,4.0999988085));
#6018 = VERTEX_POINT('',#6019);
#6019 = CARTESIAN_POINT('',(-4.232725281383E-15,1.3,-2.2));
#6020 = LINE('',#6021,#6022);
#6021 = CARTESIAN_POINT('',(-8.123011470023E-16,1.3,4.1));
#6022 = VECTOR('',#6023,1.);
#6023 = DIRECTION('',(-1.E-15,-2.22044604925E-31,-1.));
#6024 = ORIENTED_EDGE('',*,*,#6025,.T.);
#6025 = EDGE_CURVE('',#6016,#6026,#6028,.T.);
#6026 = VERTEX_POINT('',#6027);
#6027 = CARTESIAN_POINT('',(0.2,1.3,4.0999988085));
#6028 = LINE('',#6029,#6030);
#6029 = CARTESIAN_POINT('',(1.7763568394E-15,1.3,4.0999988085));
#6030 = VECTOR('',#6031,1.);
#6031 = DIRECTION('',(1.,2.22044604925E-16,0.));
#6032 = ORIENTED_EDGE('',*,*,#6033,.T.);
#6033 = EDGE_CURVE('',#6026,#6034,#6036,.T.);
#6034 = VERTEX_POINT('',#6035);
#6035 = CARTESIAN_POINT('',(0.2,1.3,-2.2));
#6036 = LINE('',#6037,#6038);
#6037 = CARTESIAN_POINT('',(0.2,1.3,4.1));
#6038 = VECTOR('',#6039,1.);
#6039 = DIRECTION('',(-1.E-15,-2.22044604925E-31,-1.));
#6040 = ORIENTED_EDGE('',*,*,#6041,.F.);
#6041 = EDGE_CURVE('',#6018,#6034,#6042,.T.);
#6042 = LINE('',#6043,#6044);
#6043 = CARTESIAN_POINT('',(-8.062301147002E-15,1.3,-2.2));
#6044 = VECTOR('',#6045,1.);
#6045 = DIRECTION('',(1.,2.22044604925E-16,-1.11E-15));
#6046 = PLANE('',#6047);
#6047 = AXIS2_PLACEMENT_3D('',#6048,#6049,#6050);
#6048 = CARTESIAN_POINT('',(-1.062301147002E-15,1.3,4.1));
#6049 = DIRECTION('',(-2.22044604925E-16,1.,0.));
#6050 = DIRECTION('',(-1.11E-15,-2.464695114668E-31,-1.));
#6051 = ADVANCED_FACE('',(#6052),#6079,.T.);
#6052 = FACE_BOUND('',#6053,.T.);
#6053 = EDGE_LOOP('',(#6054,#6055,#6064,#6072));
#6054 = ORIENTED_EDGE('',*,*,#6041,.T.);
#6055 = ORIENTED_EDGE('',*,*,#6056,.T.);
#6056 = EDGE_CURVE('',#6034,#6057,#6059,.T.);
#6057 = VERTEX_POINT('',#6058);
#6058 = CARTESIAN_POINT('',(0.2,-1.3,-2.2));
#6059 = CIRCLE('',#6060,1.3);
#6060 = AXIS2_PLACEMENT_3D('',#6061,#6062,#6063);
#6061 = CARTESIAN_POINT('',(0.2,3.10862446895E-15,-2.2));
#6062 = DIRECTION('',(-1.,-2.22044604925E-16,1.E-15));
#6063 = DIRECTION('',(2.22044604925E-16,-1.,0.));
#6064 = ORIENTED_EDGE('',*,*,#6065,.F.);
#6065 = EDGE_CURVE('',#6066,#6057,#6068,.T.);
#6066 = VERTEX_POINT('',#6067);
#6067 = CARTESIAN_POINT('',(-4.649058915618E-15,-1.3,-2.2));
#6068 = LINE('',#6069,#6070);
#6069 = CARTESIAN_POINT('',(-7.484985174197E-15,-1.3,-2.2));
#6070 = VECTOR('',#6071,1.);
#6071 = DIRECTION('',(1.,2.22044604925E-16,-1.11E-15));
#6072 = ORIENTED_EDGE('',*,*,#6073,.F.);
#6073 = EDGE_CURVE('',#6018,#6066,#6074,.T.);
#6074 = CIRCLE('',#6075,1.3);
#6075 = AXIS2_PLACEMENT_3D('',#6076,#6077,#6078);
#6076 = CARTESIAN_POINT('',(-6.8236431606E-15,3.064215547965E-15,-2.2));
#6077 = DIRECTION('',(-1.,-2.22044604925E-16,1.E-15));
#6078 = DIRECTION('',(2.22044604925E-16,-1.,0.));
#6079 = CYLINDRICAL_SURFACE('',#6080,1.3);
#6080 = AXIS2_PLACEMENT_3D('',#6081,#6082,#6083);
#6081 = CARTESIAN_POINT('',(-7.7736431606E-15,3.064215547965E-15,-2.2));
#6082 = DIRECTION('',(-1.,-2.22044604925E-16,1.11E-15));
#6083 = DIRECTION('',(2.22044604925E-16,-1.,0.));
#6084 = ADVANCED_FACE('',(#6085),#6110,.F.);
#6085 = FACE_BOUND('',#6086,.F.);
#6086 = EDGE_LOOP('',(#6087,#6095,#6103,#6109));
#6087 = ORIENTED_EDGE('',*,*,#6088,.F.);
#6088 = EDGE_CURVE('',#6089,#6066,#6091,.T.);
#6089 = VERTEX_POINT('',#6090);
#6090 = CARTESIAN_POINT('',(6.342149028171E-15,-1.3,4.0999988085));
#6091 = LINE('',#6092,#6093);
#6092 = CARTESIAN_POINT('',(-2.349851741972E-16,-1.3,4.1));
#6093 = VECTOR('',#6094,1.);
#6094 = DIRECTION('',(-1.E-15,-2.22044604925E-31,-1.));
#6095 = ORIENTED_EDGE('',*,*,#6096,.T.);
#6096 = EDGE_CURVE('',#6089,#6097,#6099,.T.);
#6097 = VERTEX_POINT('',#6098);
#6098 = CARTESIAN_POINT('',(0.2,-1.3,4.0999988085));
#6099 = LINE('',#6100,#6101);
#6100 = CARTESIAN_POINT('',(1.7763568394E-15,-1.3,4.0999988085));
#6101 = VECTOR('',#6102,1.);
#6102 = DIRECTION('',(1.,2.22044604925E-16,0.));
#6103 = ORIENTED_EDGE('',*,*,#6104,.T.);
#6104 = EDGE_CURVE('',#6097,#6057,#6105,.T.);
#6105 = LINE('',#6106,#6107);
#6106 = CARTESIAN_POINT('',(0.2,-1.3,4.1));
#6107 = VECTOR('',#6108,1.);
#6108 = DIRECTION('',(-1.E-15,-2.22044604925E-31,-1.));
#6109 = ORIENTED_EDGE('',*,*,#6065,.F.);
#6110 = PLANE('',#6111);
#6111 = AXIS2_PLACEMENT_3D('',#6112,#6113,#6114);
#6112 = CARTESIAN_POINT('',(-4.849851741972E-16,-1.3,4.1));
#6113 = DIRECTION('',(-2.22044604925E-16,1.,0.));
#6114 = DIRECTION('',(-1.11E-15,-2.464695114668E-31,-1.));
#6115 = ADVANCED_FACE('',(#6116,#6137,#6148,#6159),#6170,.T.);
#6116 = FACE_BOUND('',#6117,.T.);
#6117 = EDGE_LOOP('',(#6118,#6127,#6128,#6129,#6130));
#6118 = ORIENTED_EDGE('',*,*,#6119,.F.);
#6119 = EDGE_CURVE('',#6016,#6120,#6122,.T.);
#6120 = VERTEX_POINT('',#6121);
#6121 = CARTESIAN_POINT('',(5.634381849973E-15,-2.64197,6.4));
#6122 = CIRCLE('',#6123,2.64197);
#6123 = AXIS2_PLACEMENT_3D('',#6124,#6125,#6126);
#6124 = CARTESIAN_POINT('',(1.7763568394E-15,3.064215547965E-15,6.4));
#6125 = DIRECTION('',(1.,2.22044604925E-16,0.));
#6126 = DIRECTION('',(2.22044604925E-16,-1.,0.));
#6127 = ORIENTED_EDGE('',*,*,#6015,.T.);
#6128 = ORIENTED_EDGE('',*,*,#6073,.T.);
#6129 = ORIENTED_EDGE('',*,*,#6088,.F.);
#6130 = ORIENTED_EDGE('',*,*,#6131,.F.);
#6131 = EDGE_CURVE('',#6120,#6089,#6132,.T.);
#6132 = CIRCLE('',#6133,2.64197);
#6133 = AXIS2_PLACEMENT_3D('',#6134,#6135,#6136);
#6134 = CARTESIAN_POINT('',(1.7763568394E-15,3.064215547965E-15,6.4));
#6135 = DIRECTION('',(1.,2.22044604925E-16,0.));
#6136 = DIRECTION('',(2.22044604925E-16,-1.,0.));
#6137 = FACE_BOUND('',#6138,.T.);
#6138 = EDGE_LOOP('',(#6139));
#6139 = ORIENTED_EDGE('',*,*,#6140,.T.);
#6140 = EDGE_CURVE('',#6141,#6141,#6143,.T.);
#6141 = VERTEX_POINT('',#6142);
#6142 = CARTESIAN_POINT('',(6.272760089132E-15,-1.,6.4));
#6143 = CIRCLE('',#6144,1.);
#6144 = AXIS2_PLACEMENT_3D('',#6145,#6146,#6147);
#6145 = CARTESIAN_POINT('',(1.7763568394E-15,3.064215547965E-15,6.4));
#6146 = DIRECTION('',(1.,2.22044604925E-16,-2.2E-16));
#6147 = DIRECTION('',(2.22044604925E-16,-1.,0.));
#6148 = FACE_BOUND('',#6149,.T.);
#6149 = EDGE_LOOP('',(#6150));
#6150 = ORIENTED_EDGE('',*,*,#6151,.F.);
#6151 = EDGE_CURVE('',#6152,#6152,#6154,.T.);
#6152 = VERTEX_POINT('',#6153);
#6153 = CARTESIAN_POINT('',(-3.774758283726E-15,-0.75,-2.2));
#6154 = CIRCLE('',#6155,0.75);
#6155 = AXIS2_PLACEMENT_3D('',#6156,#6157,#6158);
#6156 = CARTESIAN_POINT('',(-6.8236431606E-15,3.064215547965E-15,-2.2));
#6157 = DIRECTION('',(-1.,-2.22044604925E-16,1.E-15));
#6158 = DIRECTION('',(2.22044604925E-16,-1.,0.));
#6159 = FACE_BOUND('',#6160,.T.);
#6160 = EDGE_LOOP('',(#6161));
#6161 = ORIENTED_EDGE('',*,*,#6162,.F.);
#6162 = EDGE_CURVE('',#6163,#6163,#6165,.T.);
#6163 = VERTEX_POINT('',#6164);
#6164 = CARTESIAN_POINT('',(1.221245327088E-15,-0.75,2.1));
#6165 = CIRCLE('',#6166,0.75);
#6166 = AXIS2_PLACEMENT_3D('',#6167,#6168,#6169);
#6167 = CARTESIAN_POINT('',(-2.5236431606E-15,3.064215547965E-15,2.1));
#6168 = DIRECTION('',(-1.,-2.22044604925E-16,1.E-15));
#6169 = DIRECTION('',(2.22044604925E-16,-1.,0.));
#6170 = PLANE('',#6171);
#6171 = AXIS2_PLACEMENT_3D('',#6172,#6173,#6174);
#6172 = CARTESIAN_POINT('',(-1.7763568394E-15,-4.523315471024E-02,
    2.985978728867));
#6173 = DIRECTION('',(-1.,-2.92044604925E-16,9.5E-16));
#6174 = DIRECTION('',(-9.5E-16,-2.109423746788E-31,-1.));
#6175 = ADVANCED_FACE('',(#6176),#6195,.T.);
#6176 = FACE_BOUND('',#6177,.T.);
#6177 = EDGE_LOOP('',(#6178,#6186,#6193,#6194));
#6178 = ORIENTED_EDGE('',*,*,#6179,.T.);
#6179 = EDGE_CURVE('',#6141,#6180,#6182,.T.);
#6180 = VERTEX_POINT('',#6181);
#6181 = CARTESIAN_POINT('',(-12.8,-1.,6.4));
#6182 = LINE('',#6183,#6184);
#6183 = CARTESIAN_POINT('',(0.4,-1.,6.4));
#6184 = VECTOR('',#6185,1.);
#6185 = DIRECTION('',(-1.,-2.22044604925E-16,0.));
#6186 = ORIENTED_EDGE('',*,*,#6187,.F.);
#6187 = EDGE_CURVE('',#6180,#6180,#6188,.T.);
#6188 = CIRCLE('',#6189,1.);
#6189 = AXIS2_PLACEMENT_3D('',#6190,#6191,#6192);
#6190 = CARTESIAN_POINT('',(-12.8,2.22044604925E-16,6.4));
#6191 = DIRECTION('',(-1.,-2.22044604925E-16,2.2E-16));
#6192 = DIRECTION('',(2.22044604925E-16,-1.,0.));
#6193 = ORIENTED_EDGE('',*,*,#6179,.F.);
#6194 = ORIENTED_EDGE('',*,*,#6140,.F.);
#6195 = CYLINDRICAL_SURFACE('',#6196,1.);
#6196 = AXIS2_PLACEMENT_3D('',#6197,#6198,#6199);
#6197 = CARTESIAN_POINT('',(0.4,3.153033389935E-15,6.4));
#6198 = DIRECTION('',(1.,2.22044604925E-16,-0.));
#6199 = DIRECTION('',(2.22044604925E-16,-1.,0.));
#6200 = ADVANCED_FACE('',(#6201),#6214,.T.);
#6201 = FACE_BOUND('',#6202,.T.);
#6202 = EDGE_LOOP('',(#6203,#6212,#6213));
#6203 = ORIENTED_EDGE('',*,*,#6204,.F.);
#6204 = EDGE_CURVE('',#6180,#6205,#6207,.T.);
#6205 = VERTEX_POINT('',#6206);
#6206 = CARTESIAN_POINT('',(-13.8,-3.944304526105E-31,6.4));
#6207 = CIRCLE('',#6208,1.);
#6208 = AXIS2_PLACEMENT_3D('',#6209,#6210,#6211);
#6209 = CARTESIAN_POINT('',(-12.8,2.22044604925E-16,6.4));
#6210 = DIRECTION('',(-2.2E-16,-4.884981308351E-32,-1.));
#6211 = DIRECTION('',(2.22044604925E-16,-1.,1.000234656856E-44));
#6212 = ORIENTED_EDGE('',*,*,#6187,.T.);
#6213 = ORIENTED_EDGE('',*,*,#6204,.T.);
#6214 = SPHERICAL_SURFACE('',#6215,1.);
#6215 = AXIS2_PLACEMENT_3D('',#6216,#6217,#6218);
#6216 = CARTESIAN_POINT('',(-12.8,2.22044604925E-16,6.4));
#6217 = DIRECTION('',(-1.,-2.22044604925E-16,2.2E-16));
#6218 = DIRECTION('',(2.22044604925E-16,-1.,0.));
#6219 = ADVANCED_FACE('',(#6220),#6239,.F.);
#6220 = FACE_BOUND('',#6221,.F.);
#6221 = EDGE_LOOP('',(#6222,#6230,#6237,#6238));
#6222 = ORIENTED_EDGE('',*,*,#6223,.T.);
#6223 = EDGE_CURVE('',#6152,#6224,#6226,.T.);
#6224 = VERTEX_POINT('',#6225);
#6225 = CARTESIAN_POINT('',(0.2,-0.75,-2.2));
#6226 = LINE('',#6227,#6228);
#6227 = CARTESIAN_POINT('',(-7.607109706906E-15,-0.75,-2.2));
#6228 = VECTOR('',#6229,1.);
#6229 = DIRECTION('',(1.,2.22044604925E-16,-1.11E-15));
#6230 = ORIENTED_EDGE('',*,*,#6231,.T.);
#6231 = EDGE_CURVE('',#6224,#6224,#6232,.T.);
#6232 = CIRCLE('',#6233,0.75);
#6233 = AXIS2_PLACEMENT_3D('',#6234,#6235,#6236);
#6234 = CARTESIAN_POINT('',(0.2,3.10862446895E-15,-2.2));
#6235 = DIRECTION('',(-1.,-2.22044604925E-16,1.E-15));
#6236 = DIRECTION('',(2.22044604925E-16,-1.,0.));
#6237 = ORIENTED_EDGE('',*,*,#6223,.F.);
#6238 = ORIENTED_EDGE('',*,*,#6151,.F.);
#6239 = CYLINDRICAL_SURFACE('',#6240,0.75);
#6240 = AXIS2_PLACEMENT_3D('',#6241,#6242,#6243);
#6241 = CARTESIAN_POINT('',(-7.7736431606E-15,3.064215547965E-15,-2.2));
#6242 = DIRECTION('',(-1.,-2.22044604925E-16,1.11E-15));
#6243 = DIRECTION('',(2.22044604925E-16,-1.,0.));
#6244 = ADVANCED_FACE('',(#6245),#6264,.F.);
#6245 = FACE_BOUND('',#6246,.F.);
#6246 = EDGE_LOOP('',(#6247,#6255,#6262,#6263));
#6247 = ORIENTED_EDGE('',*,*,#6248,.T.);
#6248 = EDGE_CURVE('',#6163,#6249,#6251,.T.);
#6249 = VERTEX_POINT('',#6250);
#6250 = CARTESIAN_POINT('',(0.2,-0.75,2.1));
#6251 = LINE('',#6252,#6253);
#6252 = CARTESIAN_POINT('',(-2.827109706906E-15,-0.75,2.1));
#6253 = VECTOR('',#6254,1.);
#6254 = DIRECTION('',(1.,2.22044604925E-16,-1.11E-15));
#6255 = ORIENTED_EDGE('',*,*,#6256,.T.);
#6256 = EDGE_CURVE('',#6249,#6249,#6257,.T.);
#6257 = CIRCLE('',#6258,0.75);
#6258 = AXIS2_PLACEMENT_3D('',#6259,#6260,#6261);
#6259 = CARTESIAN_POINT('',(0.2,3.10862446895E-15,2.1));
#6260 = DIRECTION('',(-1.,-2.22044604925E-16,1.E-15));
#6261 = DIRECTION('',(2.22044604925E-16,-1.,0.));
#6262 = ORIENTED_EDGE('',*,*,#6248,.F.);
#6263 = ORIENTED_EDGE('',*,*,#6162,.F.);
#6264 = CYLINDRICAL_SURFACE('',#6265,0.75);
#6265 = AXIS2_PLACEMENT_3D('',#6266,#6267,#6268);
#6266 = CARTESIAN_POINT('',(-2.9936431606E-15,3.064215547965E-15,2.1));
#6267 = DIRECTION('',(-1.,-2.22044604925E-16,1.11E-15));
#6268 = DIRECTION('',(2.22044604925E-16,-1.,0.));
#6269 = ADVANCED_FACE('',(#6270,#6291,#6302,#6305),#6308,.T.);
#6270 = FACE_BOUND('',#6271,.T.);
#6271 = EDGE_LOOP('',(#6272,#6281,#6288,#6289,#6290));
#6272 = ORIENTED_EDGE('',*,*,#6273,.T.);
#6273 = EDGE_CURVE('',#6026,#6274,#6276,.T.);
#6274 = VERTEX_POINT('',#6275);
#6275 = CARTESIAN_POINT('',(0.2,-2.64197,6.4));
#6276 = CIRCLE('',#6277,2.64197);
#6277 = AXIS2_PLACEMENT_3D('',#6278,#6279,#6280);
#6278 = CARTESIAN_POINT('',(0.2,3.10862446895E-15,6.4));
#6279 = DIRECTION('',(1.,2.22044604925E-16,0.));
#6280 = DIRECTION('',(2.22044604925E-16,-1.,0.));
#6281 = ORIENTED_EDGE('',*,*,#6282,.T.);
#6282 = EDGE_CURVE('',#6274,#6097,#6283,.T.);
#6283 = CIRCLE('',#6284,2.64197);
#6284 = AXIS2_PLACEMENT_3D('',#6285,#6286,#6287);
#6285 = CARTESIAN_POINT('',(0.2,3.10862446895E-15,6.4));
#6286 = DIRECTION('',(1.,2.22044604925E-16,0.));
#6287 = DIRECTION('',(2.22044604925E-16,-1.,0.));
#6288 = ORIENTED_EDGE('',*,*,#6104,.T.);
#6289 = ORIENTED_EDGE('',*,*,#6056,.F.);
#6290 = ORIENTED_EDGE('',*,*,#6033,.F.);
#6291 = FACE_BOUND('',#6292,.T.);
#6292 = EDGE_LOOP('',(#6293));
#6293 = ORIENTED_EDGE('',*,*,#6294,.F.);
#6294 = EDGE_CURVE('',#6295,#6295,#6297,.T.);
#6295 = VERTEX_POINT('',#6296);
#6296 = CARTESIAN_POINT('',(0.2,-1.,6.4));
#6297 = CIRCLE('',#6298,1.);
#6298 = AXIS2_PLACEMENT_3D('',#6299,#6300,#6301);
#6299 = CARTESIAN_POINT('',(0.2,3.10862446895E-15,6.4));
#6300 = DIRECTION('',(1.,2.22044604925E-16,-2.2E-16));
#6301 = DIRECTION('',(2.22044604925E-16,-1.,0.));
#6302 = FACE_BOUND('',#6303,.T.);
#6303 = EDGE_LOOP('',(#6304));
#6304 = ORIENTED_EDGE('',*,*,#6231,.T.);
#6305 = FACE_BOUND('',#6306,.T.);
#6306 = EDGE_LOOP('',(#6307));
#6307 = ORIENTED_EDGE('',*,*,#6256,.T.);
#6308 = PLANE('',#6309);
#6309 = AXIS2_PLACEMENT_3D('',#6310,#6311,#6312);
#6310 = CARTESIAN_POINT('',(0.2,-4.523315471024E-02,2.985978728867));
#6311 = DIRECTION('',(1.,2.92044604925E-16,-9.5E-16));
#6312 = DIRECTION('',(9.5E-16,2.109423746788E-31,1.));
#6313 = ADVANCED_FACE('',(#6314),#6333,.T.);
#6314 = FACE_BOUND('',#6315,.T.);
#6315 = EDGE_LOOP('',(#6316,#6324,#6325,#6326));
#6316 = ORIENTED_EDGE('',*,*,#6317,.T.);
#6317 = EDGE_CURVE('',#6318,#6295,#6320,.T.);
#6318 = VERTEX_POINT('',#6319);
#6319 = CARTESIAN_POINT('',(0.4,-1.,6.4));
#6320 = LINE('',#6321,#6322);
#6321 = CARTESIAN_POINT('',(0.4,-1.,6.4));
#6322 = VECTOR('',#6323,1.);
#6323 = DIRECTION('',(-1.,-2.22044604925E-16,0.));
#6324 = ORIENTED_EDGE('',*,*,#6294,.T.);
#6325 = ORIENTED_EDGE('',*,*,#6317,.F.);
#6326 = ORIENTED_EDGE('',*,*,#6327,.T.);
#6327 = EDGE_CURVE('',#6318,#6318,#6328,.T.);
#6328 = CIRCLE('',#6329,1.);
#6329 = AXIS2_PLACEMENT_3D('',#6330,#6331,#6332);
#6330 = CARTESIAN_POINT('',(0.4,3.153033389935E-15,6.4));
#6331 = DIRECTION('',(-1.,-2.22044604925E-16,0.));
#6332 = DIRECTION('',(2.22044604925E-16,-1.,0.));
#6333 = CYLINDRICAL_SURFACE('',#6334,1.);
#6334 = AXIS2_PLACEMENT_3D('',#6335,#6336,#6337);
#6335 = CARTESIAN_POINT('',(0.4,3.153033389935E-15,6.4));
#6336 = DIRECTION('',(1.,2.22044604925E-16,-0.));
#6337 = DIRECTION('',(2.22044604925E-16,-1.,0.));
#6338 = ADVANCED_FACE('',(#6339),#6342,.F.);
#6339 = FACE_BOUND('',#6340,.T.);
#6340 = EDGE_LOOP('',(#6341));
#6341 = ORIENTED_EDGE('',*,*,#6327,.F.);
#6342 = PLANE('',#6343);
#6343 = AXIS2_PLACEMENT_3D('',#6344,#6345,#6346);
#6344 = CARTESIAN_POINT('',(0.4,3.153033389935E-15,6.4));
#6345 = DIRECTION('',(-1.,-2.22044604925E-16,0.));
#6346 = DIRECTION('',(2.22044604925E-16,-1.,0.));
#6347 = ADVANCED_FACE('',(#6348),#6356,.T.);
#6348 = FACE_BOUND('',#6349,.T.);
#6349 = EDGE_LOOP('',(#6350,#6351,#6352,#6353,#6354,#6355));
#6350 = ORIENTED_EDGE('',*,*,#6131,.T.);
#6351 = ORIENTED_EDGE('',*,*,#6096,.T.);
#6352 = ORIENTED_EDGE('',*,*,#6282,.F.);
#6353 = ORIENTED_EDGE('',*,*,#6273,.F.);
#6354 = ORIENTED_EDGE('',*,*,#6025,.F.);
#6355 = ORIENTED_EDGE('',*,*,#6119,.T.);
#6356 = CYLINDRICAL_SURFACE('',#6357,2.64197);
#6357 = AXIS2_PLACEMENT_3D('',#6358,#6359,#6360);
#6358 = CARTESIAN_POINT('',(1.7763568394E-15,3.064215547965E-15,6.4));
#6359 = DIRECTION('',(1.,2.22044604925E-16,0.));
#6360 = DIRECTION('',(2.22044604925E-16,-1.,0.));
#6361 = MANIFOLD_SOLID_BREP('',#6362);
#6362 = CLOSED_SHELL('',(#6363,#6403,#6434,#6465,#6501,#6532,#6559,#6573
    ));
#6363 = ADVANCED_FACE('',(#6364),#6398,.F.);
#6364 = FACE_BOUND('',#6365,.F.);
#6365 = EDGE_LOOP('',(#6366,#6376,#6384,#6392));
#6366 = ORIENTED_EDGE('',*,*,#6367,.T.);
#6367 = EDGE_CURVE('',#6368,#6370,#6372,.T.);
#6368 = VERTEX_POINT('',#6369);
#6369 = CARTESIAN_POINT('',(-11.26,2.5,-6.E-02));
#6370 = VERTEX_POINT('',#6371);
#6371 = CARTESIAN_POINT('',(-11.26,-2.5,-6.E-02));
#6372 = LINE('',#6373,#6374);
#6373 = CARTESIAN_POINT('',(-11.26,2.5,-6.E-02));
#6374 = VECTOR('',#6375,1.);
#6375 = DIRECTION('',(2.22044604925E-16,-1.,0.));
#6376 = ORIENTED_EDGE('',*,*,#6377,.T.);
#6377 = EDGE_CURVE('',#6370,#6378,#6380,.T.);
#6378 = VERTEX_POINT('',#6379);
#6379 = CARTESIAN_POINT('',(-5.9,-2.5,-6.E-02));
#6380 = LINE('',#6381,#6382);
#6381 = CARTESIAN_POINT('',(-11.26,-2.5,-6.E-02));
#6382 = VECTOR('',#6383,1.);
#6383 = DIRECTION('',(1.,2.22044604925E-16,0.));
#6384 = ORIENTED_EDGE('',*,*,#6385,.F.);
#6385 = EDGE_CURVE('',#6386,#6378,#6388,.T.);
#6386 = VERTEX_POINT('',#6387);
#6387 = CARTESIAN_POINT('',(-5.9,2.5,-6.E-02));
#6388 = LINE('',#6389,#6390);
#6389 = CARTESIAN_POINT('',(-5.9,2.5,-6.E-02));
#6390 = VECTOR('',#6391,1.);
#6391 = DIRECTION('',(2.22044604925E-16,-1.,0.));
#6392 = ORIENTED_EDGE('',*,*,#6393,.F.);
#6393 = EDGE_CURVE('',#6368,#6386,#6394,.T.);
#6394 = LINE('',#6395,#6396);
#6395 = CARTESIAN_POINT('',(-11.26,2.5,-6.E-02));
#6396 = VECTOR('',#6397,1.);
#6397 = DIRECTION('',(1.,2.22044604925E-16,0.));
#6398 = PLANE('',#6399);
#6399 = AXIS2_PLACEMENT_3D('',#6400,#6401,#6402);
#6400 = CARTESIAN_POINT('',(-11.26,2.5,-6.E-02));
#6401 = DIRECTION('',(0.,0.,1.));
#6402 = DIRECTION('',(1.,2.22044604925E-16,-0.));
#6403 = ADVANCED_FACE('',(#6404),#6429,.F.);
#6404 = FACE_BOUND('',#6405,.F.);
#6405 = EDGE_LOOP('',(#6406,#6407,#6415,#6423));
#6406 = ORIENTED_EDGE('',*,*,#6385,.T.);
#6407 = ORIENTED_EDGE('',*,*,#6408,.T.);
#6408 = EDGE_CURVE('',#6378,#6409,#6411,.T.);
#6409 = VERTEX_POINT('',#6410);
#6410 = CARTESIAN_POINT('',(-5.9,-2.5,0.14));
#6411 = LINE('',#6412,#6413);
#6412 = CARTESIAN_POINT('',(-5.9,-2.5,-6.E-02));
#6413 = VECTOR('',#6414,1.);
#6414 = DIRECTION('',(0.,0.,1.));
#6415 = ORIENTED_EDGE('',*,*,#6416,.F.);
#6416 = EDGE_CURVE('',#6417,#6409,#6419,.T.);
#6417 = VERTEX_POINT('',#6418);
#6418 = CARTESIAN_POINT('',(-5.9,2.5,0.14));
#6419 = LINE('',#6420,#6421);
#6420 = CARTESIAN_POINT('',(-5.9,2.5,0.14));
#6421 = VECTOR('',#6422,1.);
#6422 = DIRECTION('',(2.22044604925E-16,-1.,0.));
#6423 = ORIENTED_EDGE('',*,*,#6424,.F.);
#6424 = EDGE_CURVE('',#6386,#6417,#6425,.T.);
#6425 = LINE('',#6426,#6427);
#6426 = CARTESIAN_POINT('',(-5.9,2.5,-6.E-02));
#6427 = VECTOR('',#6428,1.);
#6428 = DIRECTION('',(0.,0.,1.));
#6429 = PLANE('',#6430);
#6430 = AXIS2_PLACEMENT_3D('',#6431,#6432,#6433);
#6431 = CARTESIAN_POINT('',(-5.9,2.5,-6.E-02));
#6432 = DIRECTION('',(-1.,-2.22044604925E-16,0.));
#6433 = DIRECTION('',(0.,0.,1.));
#6434 = ADVANCED_FACE('',(#6435),#6460,.T.);
#6435 = FACE_BOUND('',#6436,.T.);
#6436 = EDGE_LOOP('',(#6437,#6447,#6453,#6454));
#6437 = ORIENTED_EDGE('',*,*,#6438,.T.);
#6438 = EDGE_CURVE('',#6439,#6441,#6443,.T.);
#6439 = VERTEX_POINT('',#6440);
#6440 = CARTESIAN_POINT('',(-11.26,2.5,0.14));
#6441 = VERTEX_POINT('',#6442);
#6442 = CARTESIAN_POINT('',(-11.26,-2.5,0.14));
#6443 = LINE('',#6444,#6445);
#6444 = CARTESIAN_POINT('',(-11.26,2.5,0.14));
#6445 = VECTOR('',#6446,1.);
#6446 = DIRECTION('',(2.22044604925E-16,-1.,0.));
#6447 = ORIENTED_EDGE('',*,*,#6448,.T.);
#6448 = EDGE_CURVE('',#6441,#6409,#6449,.T.);
#6449 = LINE('',#6450,#6451);
#6450 = CARTESIAN_POINT('',(-11.26,-2.5,0.14));
#6451 = VECTOR('',#6452,1.);
#6452 = DIRECTION('',(1.,2.22044604925E-16,0.));
#6453 = ORIENTED_EDGE('',*,*,#6416,.F.);
#6454 = ORIENTED_EDGE('',*,*,#6455,.F.);
#6455 = EDGE_CURVE('',#6439,#6417,#6456,.T.);
#6456 = LINE('',#6457,#6458);
#6457 = CARTESIAN_POINT('',(-11.26,2.5,0.14));
#6458 = VECTOR('',#6459,1.);
#6459 = DIRECTION('',(1.,2.22044604925E-16,0.));
#6460 = PLANE('',#6461);
#6461 = AXIS2_PLACEMENT_3D('',#6462,#6463,#6464);
#6462 = CARTESIAN_POINT('',(-11.26,2.5,0.14));
#6463 = DIRECTION('',(0.,0.,1.));
#6464 = DIRECTION('',(1.,2.22044604925E-16,-0.));
#6465 = ADVANCED_FACE('',(#6466),#6493,.T.);
#6466 = FACE_BOUND('',#6467,.T.);
#6467 = EDGE_LOOP('',(#6468,#6478,#6485,#6486));
#6468 = ORIENTED_EDGE('',*,*,#6469,.T.);
#6469 = EDGE_CURVE('',#6470,#6472,#6474,.T.);
#6470 = VERTEX_POINT('',#6471);
#6471 = CARTESIAN_POINT('',(-2.441826,2.5,3.34));
#6472 = VERTEX_POINT('',#6473);
#6473 = CARTESIAN_POINT('',(-2.441826,-2.5,3.34));
#6474 = LINE('',#6475,#6476);
#6475 = CARTESIAN_POINT('',(-2.441826,2.5,3.34));
#6476 = VECTOR('',#6477,1.);
#6477 = DIRECTION('',(2.22044604925E-16,-1.,0.));
#6478 = ORIENTED_EDGE('',*,*,#6479,.T.);
#6479 = EDGE_CURVE('',#6472,#6441,#6480,.T.);
#6480 = ( BOUNDED_CURVE() B_SPLINE_CURVE(3,(#6481,#6482,#6483,#6484),
.UNSPECIFIED.,.F.,.F.) B_SPLINE_CURVE_WITH_KNOTS((4,4),(0.,1.),
.PIECEWISE_BEZIER_KNOTS.) CURVE() GEOMETRIC_REPRESENTATION_ITEM() 
RATIONAL_B_SPLINE_CURVE((1.,0.936518935519,1.,1.)) REPRESENTATION_ITEM(
  '') );
#6481 = CARTESIAN_POINT('',(-2.441826,-2.5,3.34));
#6482 = CARTESIAN_POINT('',(-12.85,-2.5,3.34));
#6483 = CARTESIAN_POINT('',(-13.268076,-2.5,0.14));
#6484 = CARTESIAN_POINT('',(-11.26,-2.5,0.14));
#6485 = ORIENTED_EDGE('',*,*,#6438,.F.);
#6486 = ORIENTED_EDGE('',*,*,#6487,.F.);
#6487 = EDGE_CURVE('',#6470,#6439,#6488,.T.);
#6488 = ( BOUNDED_CURVE() B_SPLINE_CURVE(3,(#6489,#6490,#6491,#6492),
.UNSPECIFIED.,.F.,.F.) B_SPLINE_CURVE_WITH_KNOTS((4,4),(0.,1.),
.PIECEWISE_BEZIER_KNOTS.) CURVE() GEOMETRIC_REPRESENTATION_ITEM() 
RATIONAL_B_SPLINE_CURVE((1.,0.936518935519,1.,1.)) REPRESENTATION_ITEM(
  '') );
#6489 = CARTESIAN_POINT('',(-2.441826,2.5,3.34));
#6490 = CARTESIAN_POINT('',(-12.85,2.5,3.34));
#6491 = CARTESIAN_POINT('',(-13.268076,2.5,0.14));
#6492 = CARTESIAN_POINT('',(-11.26,2.5,0.14));
#6493 = SURFACE_OF_LINEAR_EXTRUSION('',#6494,#6499);
#6494 = ( BOUNDED_CURVE() B_SPLINE_CURVE(3,(#6495,#6496,#6497,#6498),
.UNSPECIFIED.,.F.,.F.) B_SPLINE_CURVE_WITH_KNOTS((4,4),(0.,1.),
.PIECEWISE_BEZIER_KNOTS.) CURVE() GEOMETRIC_REPRESENTATION_ITEM() 
RATIONAL_B_SPLINE_CURVE((1.,0.936518935519,1.,1.)) REPRESENTATION_ITEM(
  '') );
#6495 = CARTESIAN_POINT('',(-2.441826,2.5,3.34));
#6496 = CARTESIAN_POINT('',(-12.85,2.5,3.34));
#6497 = CARTESIAN_POINT('',(-13.268076,2.5,0.14));
#6498 = CARTESIAN_POINT('',(-11.26,2.5,0.14));
#6499 = VECTOR('',#6500,1.);
#6500 = DIRECTION('',(-2.22044604925E-16,1.,-0.));
#6501 = ADVANCED_FACE('',(#6502),#6527,.T.);
#6502 = FACE_BOUND('',#6503,.T.);
#6503 = EDGE_LOOP('',(#6504,#6514,#6520,#6521));
#6504 = ORIENTED_EDGE('',*,*,#6505,.T.);
#6505 = EDGE_CURVE('',#6506,#6508,#6510,.T.);
#6506 = VERTEX_POINT('',#6507);
#6507 = CARTESIAN_POINT('',(-2.441826,2.5,3.54));
#6508 = VERTEX_POINT('',#6509);
#6509 = CARTESIAN_POINT('',(-2.441826,-2.5,3.54));
#6510 = LINE('',#6511,#6512);
#6511 = CARTESIAN_POINT('',(-2.441826,2.5,3.54));
#6512 = VECTOR('',#6513,1.);
#6513 = DIRECTION('',(2.22044604925E-16,-1.,0.));
#6514 = ORIENTED_EDGE('',*,*,#6515,.T.);
#6515 = EDGE_CURVE('',#6508,#6472,#6516,.T.);
#6516 = LINE('',#6517,#6518);
#6517 = CARTESIAN_POINT('',(-2.441826,-2.5,3.54));
#6518 = VECTOR('',#6519,1.);
#6519 = DIRECTION('',(0.,0.,-1.));
#6520 = ORIENTED_EDGE('',*,*,#6469,.F.);
#6521 = ORIENTED_EDGE('',*,*,#6522,.F.);
#6522 = EDGE_CURVE('',#6506,#6470,#6523,.T.);
#6523 = LINE('',#6524,#6525);
#6524 = CARTESIAN_POINT('',(-2.441826,2.5,3.54));
#6525 = VECTOR('',#6526,1.);
#6526 = DIRECTION('',(0.,0.,-1.));
#6527 = PLANE('',#6528);
#6528 = AXIS2_PLACEMENT_3D('',#6529,#6530,#6531);
#6529 = CARTESIAN_POINT('',(-2.441826,2.5,3.54));
#6530 = DIRECTION('',(1.,2.22044604925E-16,0.));
#6531 = DIRECTION('',(0.,0.,-1.));
#6532 = ADVANCED_FACE('',(#6533),#6551,.F.);
#6533 = FACE_BOUND('',#6534,.F.);
#6534 = EDGE_LOOP('',(#6535,#6536,#6543,#6544));
#6535 = ORIENTED_EDGE('',*,*,#6505,.T.);
#6536 = ORIENTED_EDGE('',*,*,#6537,.T.);
#6537 = EDGE_CURVE('',#6508,#6370,#6538,.T.);
#6538 = B_SPLINE_CURVE_WITH_KNOTS('',3,(#6539,#6540,#6541,#6542),
  .UNSPECIFIED.,.F.,.F.,(4,4),(0.,1.),.PIECEWISE_BEZIER_KNOTS.);
#6539 = CARTESIAN_POINT('',(-2.441826,-2.5,3.54));
#6540 = CARTESIAN_POINT('',(-12.41,-2.5,3.54));
#6541 = CARTESIAN_POINT('',(-14.05,-2.5,0.13));
#6542 = CARTESIAN_POINT('',(-11.26,-2.5,-6.E-02));
#6543 = ORIENTED_EDGE('',*,*,#6367,.F.);
#6544 = ORIENTED_EDGE('',*,*,#6545,.F.);
#6545 = EDGE_CURVE('',#6506,#6368,#6546,.T.);
#6546 = B_SPLINE_CURVE_WITH_KNOTS('',3,(#6547,#6548,#6549,#6550),
  .UNSPECIFIED.,.F.,.F.,(4,4),(0.,1.),.PIECEWISE_BEZIER_KNOTS.);
#6547 = CARTESIAN_POINT('',(-2.441826,2.5,3.54));
#6548 = CARTESIAN_POINT('',(-12.41,2.5,3.54));
#6549 = CARTESIAN_POINT('',(-14.05,2.5,0.13));
#6550 = CARTESIAN_POINT('',(-11.26,2.5,-6.E-02));
#6551 = SURFACE_OF_LINEAR_EXTRUSION('',#6552,#6557);
#6552 = B_SPLINE_CURVE_WITH_KNOTS('',3,(#6553,#6554,#6555,#6556),
  .UNSPECIFIED.,.F.,.F.,(4,4),(0.,1.),.PIECEWISE_BEZIER_KNOTS.);
#6553 = CARTESIAN_POINT('',(-2.441826,2.5,3.54));
#6554 = CARTESIAN_POINT('',(-12.41,2.5,3.54));
#6555 = CARTESIAN_POINT('',(-14.05,2.5,0.13));
#6556 = CARTESIAN_POINT('',(-11.26,2.5,-6.E-02));
#6557 = VECTOR('',#6558,1.);
#6558 = DIRECTION('',(-2.22044604925E-16,1.,-0.));
#6559 = ADVANCED_FACE('',(#6560),#6568,.F.);
#6560 = FACE_BOUND('',#6561,.F.);
#6561 = EDGE_LOOP('',(#6562,#6563,#6564,#6565,#6566,#6567));
#6562 = ORIENTED_EDGE('',*,*,#6393,.T.);
#6563 = ORIENTED_EDGE('',*,*,#6424,.T.);
#6564 = ORIENTED_EDGE('',*,*,#6455,.F.);
#6565 = ORIENTED_EDGE('',*,*,#6487,.F.);
#6566 = ORIENTED_EDGE('',*,*,#6522,.F.);
#6567 = ORIENTED_EDGE('',*,*,#6545,.T.);
#6568 = PLANE('',#6569);
#6569 = AXIS2_PLACEMENT_3D('',#6570,#6571,#6572);
#6570 = CARTESIAN_POINT('',(-8.155698453203,2.5,1.654368348949));
#6571 = DIRECTION('',(2.22044604925E-16,-1.,0.));
#6572 = DIRECTION('',(0.,0.,1.));
#6573 = ADVANCED_FACE('',(#6574),#6582,.T.);
#6574 = FACE_BOUND('',#6575,.T.);
#6575 = EDGE_LOOP('',(#6576,#6577,#6578,#6579,#6580,#6581));
#6576 = ORIENTED_EDGE('',*,*,#6377,.T.);
#6577 = ORIENTED_EDGE('',*,*,#6408,.T.);
#6578 = ORIENTED_EDGE('',*,*,#6448,.F.);
#6579 = ORIENTED_EDGE('',*,*,#6479,.F.);
#6580 = ORIENTED_EDGE('',*,*,#6515,.F.);
#6581 = ORIENTED_EDGE('',*,*,#6537,.T.);
#6582 = PLANE('',#6583);
#6583 = AXIS2_PLACEMENT_3D('',#6584,#6585,#6586);
#6584 = CARTESIAN_POINT('',(-8.155698453203,-2.5,1.654368348949));
#6585 = DIRECTION('',(2.22044604925E-16,-1.,0.));
#6586 = DIRECTION('',(0.,0.,1.));
#6587 = MANIFOLD_SOLID_BREP('',#6588);
#6588 = CLOSED_SHELL('',(#6589,#6631,#6662,#6693,#6721,#6749,#6780,#6811
    ,#6828,#6845,#6876,#6893,#6917,#6941,#6958));
#6589 = ADVANCED_FACE('',(#6590),#6626,.T.);
#6590 = FACE_BOUND('',#6591,.T.);
#6591 = EDGE_LOOP('',(#6592,#6603,#6611,#6620));
#6592 = ORIENTED_EDGE('',*,*,#6593,.T.);
#6593 = EDGE_CURVE('',#6594,#6596,#6598,.T.);
#6594 = VERTEX_POINT('',#6595);
#6595 = CARTESIAN_POINT('',(-2.,-4.8,-2.4));
#6596 = VERTEX_POINT('',#6597);
#6597 = CARTESIAN_POINT('',(-4.,-4.8,-2.4));
#6598 = CIRCLE('',#6599,1.);
#6599 = AXIS2_PLACEMENT_3D('',#6600,#6601,#6602);
#6600 = CARTESIAN_POINT('',(-3.,-4.8,-2.4));
#6601 = DIRECTION('',(2.22044604925E-16,1.,-0.));
#6602 = DIRECTION('',(-1.,2.22044604925E-16,0.));
#6603 = ORIENTED_EDGE('',*,*,#6604,.T.);
#6604 = EDGE_CURVE('',#6596,#6605,#6607,.T.);
#6605 = VERTEX_POINT('',#6606);
#6606 = CARTESIAN_POINT('',(-4.,-4.6,-2.4));
#6607 = LINE('',#6608,#6609);
#6608 = CARTESIAN_POINT('',(-4.,-4.8,-2.4));
#6609 = VECTOR('',#6610,1.);
#6610 = DIRECTION('',(2.22044604925E-16,1.,0.));
#6611 = ORIENTED_EDGE('',*,*,#6612,.F.);
#6612 = EDGE_CURVE('',#6613,#6605,#6615,.T.);
#6613 = VERTEX_POINT('',#6614);
#6614 = CARTESIAN_POINT('',(-2.,-4.6,-2.4));
#6615 = CIRCLE('',#6616,1.);
#6616 = AXIS2_PLACEMENT_3D('',#6617,#6618,#6619);
#6617 = CARTESIAN_POINT('',(-3.,-4.6,-2.4));
#6618 = DIRECTION('',(2.22044604925E-16,1.,-0.));
#6619 = DIRECTION('',(-1.,2.22044604925E-16,0.));
#6620 = ORIENTED_EDGE('',*,*,#6621,.F.);
#6621 = EDGE_CURVE('',#6594,#6613,#6622,.T.);
#6622 = LINE('',#6623,#6624);
#6623 = CARTESIAN_POINT('',(-2.,-4.8,-2.4));
#6624 = VECTOR('',#6625,1.);
#6625 = DIRECTION('',(2.22044604925E-16,1.,0.));
#6626 = CYLINDRICAL_SURFACE('',#6627,1.);
#6627 = AXIS2_PLACEMENT_3D('',#6628,#6629,#6630);
#6628 = CARTESIAN_POINT('',(-3.,-4.8,-2.4));
#6629 = DIRECTION('',(-2.22044604925E-16,-1.,-0.));
#6630 = DIRECTION('',(-1.,2.22044604925E-16,0.));
#6631 = ADVANCED_FACE('',(#6632),#6657,.T.);
#6632 = FACE_BOUND('',#6633,.T.);
#6633 = EDGE_LOOP('',(#6634,#6642,#6643,#6651));
#6634 = ORIENTED_EDGE('',*,*,#6635,.F.);
#6635 = EDGE_CURVE('',#6594,#6636,#6638,.T.);
#6636 = VERTEX_POINT('',#6637);
#6637 = CARTESIAN_POINT('',(-2.,-4.8,3.6));
#6638 = LINE('',#6639,#6640);
#6639 = CARTESIAN_POINT('',(-2.,-4.8,-2.4));
#6640 = VECTOR('',#6641,1.);
#6641 = DIRECTION('',(0.,0.,1.));
#6642 = ORIENTED_EDGE('',*,*,#6621,.T.);
#6643 = ORIENTED_EDGE('',*,*,#6644,.T.);
#6644 = EDGE_CURVE('',#6613,#6645,#6647,.T.);
#6645 = VERTEX_POINT('',#6646);
#6646 = CARTESIAN_POINT('',(-2.,-4.6,3.6));
#6647 = LINE('',#6648,#6649);
#6648 = CARTESIAN_POINT('',(-2.,-4.6,-2.4));
#6649 = VECTOR('',#6650,1.);
#6650 = DIRECTION('',(0.,0.,1.));
#6651 = ORIENTED_EDGE('',*,*,#6652,.F.);
#6652 = EDGE_CURVE('',#6636,#6645,#6653,.T.);
#6653 = LINE('',#6654,#6655);
#6654 = CARTESIAN_POINT('',(-2.,-4.8,3.6));
#6655 = VECTOR('',#6656,1.);
#6656 = DIRECTION('',(2.22044604925E-16,1.,0.));
#6657 = PLANE('',#6658);
#6658 = AXIS2_PLACEMENT_3D('',#6659,#6660,#6661);
#6659 = CARTESIAN_POINT('',(-2.,-4.8,-2.4));
#6660 = DIRECTION('',(1.,-2.22044604925E-16,0.));
#6661 = DIRECTION('',(0.,0.,1.));
#6662 = ADVANCED_FACE('',(#6663),#6688,.F.);
#6663 = FACE_BOUND('',#6664,.F.);
#6664 = EDGE_LOOP('',(#6665,#6673,#6674,#6682));
#6665 = ORIENTED_EDGE('',*,*,#6666,.F.);
#6666 = EDGE_CURVE('',#6596,#6667,#6669,.T.);
#6667 = VERTEX_POINT('',#6668);
#6668 = CARTESIAN_POINT('',(-4.,-4.8,3.6));
#6669 = LINE('',#6670,#6671);
#6670 = CARTESIAN_POINT('',(-4.,-4.8,-2.4));
#6671 = VECTOR('',#6672,1.);
#6672 = DIRECTION('',(0.,0.,1.));
#6673 = ORIENTED_EDGE('',*,*,#6604,.T.);
#6674 = ORIENTED_EDGE('',*,*,#6675,.T.);
#6675 = EDGE_CURVE('',#6605,#6676,#6678,.T.);
#6676 = VERTEX_POINT('',#6677);
#6677 = CARTESIAN_POINT('',(-4.,-4.6,3.6));
#6678 = LINE('',#6679,#6680);
#6679 = CARTESIAN_POINT('',(-4.,-4.6,-2.4));
#6680 = VECTOR('',#6681,1.);
#6681 = DIRECTION('',(0.,0.,1.));
#6682 = ORIENTED_EDGE('',*,*,#6683,.F.);
#6683 = EDGE_CURVE('',#6667,#6676,#6684,.T.);
#6684 = LINE('',#6685,#6686);
#6685 = CARTESIAN_POINT('',(-4.,-4.8,3.6));
#6686 = VECTOR('',#6687,1.);
#6687 = DIRECTION('',(2.22044604925E-16,1.,0.));
#6688 = PLANE('',#6689);
#6689 = AXIS2_PLACEMENT_3D('',#6690,#6691,#6692);
#6690 = CARTESIAN_POINT('',(-4.,-4.8,-2.4));
#6691 = DIRECTION('',(1.,-2.22044604925E-16,0.));
#6692 = DIRECTION('',(0.,0.,1.));
#6693 = ADVANCED_FACE('',(#6694,#6705),#6716,.F.);
#6694 = FACE_BOUND('',#6695,.F.);
#6695 = EDGE_LOOP('',(#6696,#6697,#6698,#6699));
#6696 = ORIENTED_EDGE('',*,*,#6635,.F.);
#6697 = ORIENTED_EDGE('',*,*,#6593,.T.);
#6698 = ORIENTED_EDGE('',*,*,#6666,.T.);
#6699 = ORIENTED_EDGE('',*,*,#6700,.F.);
#6700 = EDGE_CURVE('',#6636,#6667,#6701,.T.);
#6701 = LINE('',#6702,#6703);
#6702 = CARTESIAN_POINT('',(-2.,-4.8,3.6));
#6703 = VECTOR('',#6704,1.);
#6704 = DIRECTION('',(-1.,2.22044604925E-16,0.));
#6705 = FACE_BOUND('',#6706,.F.);
#6706 = EDGE_LOOP('',(#6707));
#6707 = ORIENTED_EDGE('',*,*,#6708,.F.);
#6708 = EDGE_CURVE('',#6709,#6709,#6711,.T.);
#6709 = VERTEX_POINT('',#6710);
#6710 = CARTESIAN_POINT('',(-3.5,-4.8,-2.4));
#6711 = CIRCLE('',#6712,0.5);
#6712 = AXIS2_PLACEMENT_3D('',#6713,#6714,#6715);
#6713 = CARTESIAN_POINT('',(-3.,-4.8,-2.4));
#6714 = DIRECTION('',(2.22044604925E-16,1.,-0.));
#6715 = DIRECTION('',(-1.,2.22044604925E-16,0.));
#6716 = PLANE('',#6717);
#6717 = AXIS2_PLACEMENT_3D('',#6718,#6719,#6720);
#6718 = CARTESIAN_POINT('',(-3.,-4.8,5.563366562987E-02));
#6719 = DIRECTION('',(2.22044604925E-16,1.,0.));
#6720 = DIRECTION('',(0.,-0.,1.));
#6721 = ADVANCED_FACE('',(#6722,#6733),#6744,.T.);
#6722 = FACE_BOUND('',#6723,.T.);
#6723 = EDGE_LOOP('',(#6724,#6725,#6726,#6727));
#6724 = ORIENTED_EDGE('',*,*,#6644,.F.);
#6725 = ORIENTED_EDGE('',*,*,#6612,.T.);
#6726 = ORIENTED_EDGE('',*,*,#6675,.T.);
#6727 = ORIENTED_EDGE('',*,*,#6728,.T.);
#6728 = EDGE_CURVE('',#6676,#6645,#6729,.T.);
#6729 = LINE('',#6730,#6731);
#6730 = CARTESIAN_POINT('',(-2.5,-4.6,3.6));
#6731 = VECTOR('',#6732,1.);
#6732 = DIRECTION('',(1.,-2.22044604925E-16,0.));
#6733 = FACE_BOUND('',#6734,.T.);
#6734 = EDGE_LOOP('',(#6735));
#6735 = ORIENTED_EDGE('',*,*,#6736,.F.);
#6736 = EDGE_CURVE('',#6737,#6737,#6739,.T.);
#6737 = VERTEX_POINT('',#6738);
#6738 = CARTESIAN_POINT('',(-3.5,-4.6,-2.4));
#6739 = CIRCLE('',#6740,0.5);
#6740 = AXIS2_PLACEMENT_3D('',#6741,#6742,#6743);
#6741 = CARTESIAN_POINT('',(-3.,-4.6,-2.4));
#6742 = DIRECTION('',(2.22044604925E-16,1.,-0.));
#6743 = DIRECTION('',(-1.,2.22044604925E-16,0.));
#6744 = PLANE('',#6745);
#6745 = AXIS2_PLACEMENT_3D('',#6746,#6747,#6748);
#6746 = CARTESIAN_POINT('',(-3.,-4.6,5.563366562987E-02));
#6747 = DIRECTION('',(2.22044604925E-16,1.,0.));
#6748 = DIRECTION('',(0.,-0.,1.));
#6749 = ADVANCED_FACE('',(#6750),#6775,.T.);
#6750 = FACE_BOUND('',#6751,.T.);
#6751 = EDGE_LOOP('',(#6752,#6760,#6761,#6769));
#6752 = ORIENTED_EDGE('',*,*,#6753,.F.);
#6753 = EDGE_CURVE('',#6636,#6754,#6756,.T.);
#6754 = VERTEX_POINT('',#6755);
#6755 = CARTESIAN_POINT('',(-2.,-4.8,3.8));
#6756 = LINE('',#6757,#6758);
#6757 = CARTESIAN_POINT('',(-2.,-4.8,-2.4));
#6758 = VECTOR('',#6759,1.);
#6759 = DIRECTION('',(0.,0.,1.));
#6760 = ORIENTED_EDGE('',*,*,#6652,.T.);
#6761 = ORIENTED_EDGE('',*,*,#6762,.T.);
#6762 = EDGE_CURVE('',#6645,#6763,#6765,.T.);
#6763 = VERTEX_POINT('',#6764);
#6764 = CARTESIAN_POINT('',(-2.,-4.6,3.8));
#6765 = LINE('',#6766,#6767);
#6766 = CARTESIAN_POINT('',(-2.,-4.6,-2.4));
#6767 = VECTOR('',#6768,1.);
#6768 = DIRECTION('',(0.,0.,1.));
#6769 = ORIENTED_EDGE('',*,*,#6770,.F.);
#6770 = EDGE_CURVE('',#6754,#6763,#6771,.T.);
#6771 = LINE('',#6772,#6773);
#6772 = CARTESIAN_POINT('',(-2.,-4.8,3.8));
#6773 = VECTOR('',#6774,1.);
#6774 = DIRECTION('',(2.22044604925E-16,1.,0.));
#6775 = PLANE('',#6776);
#6776 = AXIS2_PLACEMENT_3D('',#6777,#6778,#6779);
#6777 = CARTESIAN_POINT('',(-2.,-4.8,-2.4));
#6778 = DIRECTION('',(1.,-2.22044604925E-16,0.));
#6779 = DIRECTION('',(0.,0.,1.));
#6780 = ADVANCED_FACE('',(#6781),#6806,.F.);
#6781 = FACE_BOUND('',#6782,.F.);
#6782 = EDGE_LOOP('',(#6783,#6791,#6792,#6800));
#6783 = ORIENTED_EDGE('',*,*,#6784,.F.);
#6784 = EDGE_CURVE('',#6667,#6785,#6787,.T.);
#6785 = VERTEX_POINT('',#6786);
#6786 = CARTESIAN_POINT('',(-4.,-4.8,3.8));
#6787 = LINE('',#6788,#6789);
#6788 = CARTESIAN_POINT('',(-4.,-4.8,-2.4));
#6789 = VECTOR('',#6790,1.);
#6790 = DIRECTION('',(0.,0.,1.));
#6791 = ORIENTED_EDGE('',*,*,#6683,.T.);
#6792 = ORIENTED_EDGE('',*,*,#6793,.T.);
#6793 = EDGE_CURVE('',#6676,#6794,#6796,.T.);
#6794 = VERTEX_POINT('',#6795);
#6795 = CARTESIAN_POINT('',(-4.,-4.6,3.8));
#6796 = LINE('',#6797,#6798);
#6797 = CARTESIAN_POINT('',(-4.,-4.6,-2.4));
#6798 = VECTOR('',#6799,1.);
#6799 = DIRECTION('',(0.,0.,1.));
#6800 = ORIENTED_EDGE('',*,*,#6801,.F.);
#6801 = EDGE_CURVE('',#6785,#6794,#6802,.T.);
#6802 = LINE('',#6803,#6804);
#6803 = CARTESIAN_POINT('',(-4.,-4.8,3.8));
#6804 = VECTOR('',#6805,1.);
#6805 = DIRECTION('',(2.22044604925E-16,1.,0.));
#6806 = PLANE('',#6807);
#6807 = AXIS2_PLACEMENT_3D('',#6808,#6809,#6810);
#6808 = CARTESIAN_POINT('',(-4.,-4.8,-2.4));
#6809 = DIRECTION('',(1.,-2.22044604925E-16,0.));
#6810 = DIRECTION('',(0.,0.,1.));
#6811 = ADVANCED_FACE('',(#6812),#6823,.F.);
#6812 = FACE_BOUND('',#6813,.F.);
#6813 = EDGE_LOOP('',(#6814,#6815,#6816,#6817));
#6814 = ORIENTED_EDGE('',*,*,#6753,.F.);
#6815 = ORIENTED_EDGE('',*,*,#6700,.T.);
#6816 = ORIENTED_EDGE('',*,*,#6784,.T.);
#6817 = ORIENTED_EDGE('',*,*,#6818,.F.);
#6818 = EDGE_CURVE('',#6754,#6785,#6819,.T.);
#6819 = LINE('',#6820,#6821);
#6820 = CARTESIAN_POINT('',(-2.,-4.8,3.8));
#6821 = VECTOR('',#6822,1.);
#6822 = DIRECTION('',(-1.,2.22044604925E-16,0.));
#6823 = PLANE('',#6824);
#6824 = AXIS2_PLACEMENT_3D('',#6825,#6826,#6827);
#6825 = CARTESIAN_POINT('',(-3.,-4.8,5.563366562987E-02));
#6826 = DIRECTION('',(2.22044604925E-16,1.,0.));
#6827 = DIRECTION('',(0.,-0.,1.));
#6828 = ADVANCED_FACE('',(#6829),#6840,.F.);
#6829 = FACE_BOUND('',#6830,.F.);
#6830 = EDGE_LOOP('',(#6831,#6832,#6838,#6839));
#6831 = ORIENTED_EDGE('',*,*,#6708,.T.);
#6832 = ORIENTED_EDGE('',*,*,#6833,.T.);
#6833 = EDGE_CURVE('',#6709,#6737,#6834,.T.);
#6834 = LINE('',#6835,#6836);
#6835 = CARTESIAN_POINT('',(-3.5,-4.8,-2.4));
#6836 = VECTOR('',#6837,1.);
#6837 = DIRECTION('',(2.22044604925E-16,1.,0.));
#6838 = ORIENTED_EDGE('',*,*,#6736,.F.);
#6839 = ORIENTED_EDGE('',*,*,#6833,.F.);
#6840 = CYLINDRICAL_SURFACE('',#6841,0.5);
#6841 = AXIS2_PLACEMENT_3D('',#6842,#6843,#6844);
#6842 = CARTESIAN_POINT('',(-3.,-4.8,-2.4));
#6843 = DIRECTION('',(-2.22044604925E-16,-1.,-0.));
#6844 = DIRECTION('',(-1.,2.22044604925E-16,0.));
#6845 = ADVANCED_FACE('',(#6846),#6871,.F.);
#6846 = FACE_BOUND('',#6847,.F.);
#6847 = EDGE_LOOP('',(#6848,#6849,#6857,#6865));
#6848 = ORIENTED_EDGE('',*,*,#6728,.T.);
#6849 = ORIENTED_EDGE('',*,*,#6850,.T.);
#6850 = EDGE_CURVE('',#6645,#6851,#6853,.T.);
#6851 = VERTEX_POINT('',#6852);
#6852 = CARTESIAN_POINT('',(-2.,1.92,3.6));
#6853 = LINE('',#6854,#6855);
#6854 = CARTESIAN_POINT('',(-2.,-4.8,3.6));
#6855 = VECTOR('',#6856,1.);
#6856 = DIRECTION('',(2.22044604925E-16,1.,0.));
#6857 = ORIENTED_EDGE('',*,*,#6858,.T.);
#6858 = EDGE_CURVE('',#6851,#6859,#6861,.T.);
#6859 = VERTEX_POINT('',#6860);
#6860 = CARTESIAN_POINT('',(-4.,1.92,3.6));
#6861 = LINE('',#6862,#6863);
#6862 = CARTESIAN_POINT('',(-2.,1.92,3.6));
#6863 = VECTOR('',#6864,1.);
#6864 = DIRECTION('',(-1.,2.22044604925E-16,0.));
#6865 = ORIENTED_EDGE('',*,*,#6866,.F.);
#6866 = EDGE_CURVE('',#6676,#6859,#6867,.T.);
#6867 = LINE('',#6868,#6869);
#6868 = CARTESIAN_POINT('',(-4.,-4.8,3.6));
#6869 = VECTOR('',#6870,1.);
#6870 = DIRECTION('',(2.22044604925E-16,1.,0.));
#6871 = PLANE('',#6872);
#6872 = AXIS2_PLACEMENT_3D('',#6873,#6874,#6875);
#6873 = CARTESIAN_POINT('',(-2.,-4.8,3.6));
#6874 = DIRECTION('',(0.,0.,1.));
#6875 = DIRECTION('',(-1.,2.22044604925E-16,0.));
#6876 = ADVANCED_FACE('',(#6877),#6888,.T.);
#6877 = FACE_BOUND('',#6878,.T.);
#6878 = EDGE_LOOP('',(#6879,#6880,#6886,#6887));
#6879 = ORIENTED_EDGE('',*,*,#6770,.T.);
#6880 = ORIENTED_EDGE('',*,*,#6881,.T.);
#6881 = EDGE_CURVE('',#6763,#6794,#6882,.T.);
#6882 = LINE('',#6883,#6884);
#6883 = CARTESIAN_POINT('',(-2.,-4.6,3.8));
#6884 = VECTOR('',#6885,1.);
#6885 = DIRECTION('',(-1.,2.22044604925E-16,0.));
#6886 = ORIENTED_EDGE('',*,*,#6801,.F.);
#6887 = ORIENTED_EDGE('',*,*,#6818,.F.);
#6888 = PLANE('',#6889);
#6889 = AXIS2_PLACEMENT_3D('',#6890,#6891,#6892);
#6890 = CARTESIAN_POINT('',(-2.,-4.8,3.8));
#6891 = DIRECTION('',(0.,0.,1.));
#6892 = DIRECTION('',(-1.,2.22044604925E-16,0.));
#6893 = ADVANCED_FACE('',(#6894),#6912,.F.);
#6894 = FACE_BOUND('',#6895,.F.);
#6895 = EDGE_LOOP('',(#6896,#6897,#6905,#6911));
#6896 = ORIENTED_EDGE('',*,*,#6762,.T.);
#6897 = ORIENTED_EDGE('',*,*,#6898,.T.);
#6898 = EDGE_CURVE('',#6763,#6899,#6901,.T.);
#6899 = VERTEX_POINT('',#6900);
#6900 = CARTESIAN_POINT('',(-2.,1.92,3.8));
#6901 = LINE('',#6902,#6903);
#6902 = CARTESIAN_POINT('',(-2.,-4.8,3.8));
#6903 = VECTOR('',#6904,1.);
#6904 = DIRECTION('',(2.22044604925E-16,1.,0.));
#6905 = ORIENTED_EDGE('',*,*,#6906,.T.);
#6906 = EDGE_CURVE('',#6899,#6851,#6907,.T.);
#6907 = LINE('',#6908,#6909);
#6908 = CARTESIAN_POINT('',(-2.,1.92,3.8));
#6909 = VECTOR('',#6910,1.);
#6910 = DIRECTION('',(0.,0.,-1.));
#6911 = ORIENTED_EDGE('',*,*,#6850,.F.);
#6912 = PLANE('',#6913);
#6913 = AXIS2_PLACEMENT_3D('',#6914,#6915,#6916);
#6914 = CARTESIAN_POINT('',(-2.,-4.8,3.8));
#6915 = DIRECTION('',(-1.,2.22044604925E-16,0.));
#6916 = DIRECTION('',(0.,0.,-1.));
#6917 = ADVANCED_FACE('',(#6918),#6936,.F.);
#6918 = FACE_BOUND('',#6919,.F.);
#6919 = EDGE_LOOP('',(#6920,#6921,#6922,#6930));
#6920 = ORIENTED_EDGE('',*,*,#6793,.F.);
#6921 = ORIENTED_EDGE('',*,*,#6866,.T.);
#6922 = ORIENTED_EDGE('',*,*,#6923,.T.);
#6923 = EDGE_CURVE('',#6859,#6924,#6926,.T.);
#6924 = VERTEX_POINT('',#6925);
#6925 = CARTESIAN_POINT('',(-4.,1.92,3.8));
#6926 = LINE('',#6927,#6928);
#6927 = CARTESIAN_POINT('',(-4.,1.92,3.6));
#6928 = VECTOR('',#6929,1.);
#6929 = DIRECTION('',(0.,0.,1.));
#6930 = ORIENTED_EDGE('',*,*,#6931,.F.);
#6931 = EDGE_CURVE('',#6794,#6924,#6932,.T.);
#6932 = LINE('',#6933,#6934);
#6933 = CARTESIAN_POINT('',(-4.,-4.8,3.8));
#6934 = VECTOR('',#6935,1.);
#6935 = DIRECTION('',(2.22044604925E-16,1.,0.));
#6936 = PLANE('',#6937);
#6937 = AXIS2_PLACEMENT_3D('',#6938,#6939,#6940);
#6938 = CARTESIAN_POINT('',(-4.,-4.8,3.6));
#6939 = DIRECTION('',(1.,-2.22044604925E-16,0.));
#6940 = DIRECTION('',(0.,0.,1.));
#6941 = ADVANCED_FACE('',(#6942),#6953,.T.);
#6942 = FACE_BOUND('',#6943,.T.);
#6943 = EDGE_LOOP('',(#6944,#6945,#6946,#6952));
#6944 = ORIENTED_EDGE('',*,*,#6858,.T.);
#6945 = ORIENTED_EDGE('',*,*,#6923,.T.);
#6946 = ORIENTED_EDGE('',*,*,#6947,.T.);
#6947 = EDGE_CURVE('',#6924,#6899,#6948,.T.);
#6948 = LINE('',#6949,#6950);
#6949 = CARTESIAN_POINT('',(-4.,1.92,3.8));
#6950 = VECTOR('',#6951,1.);
#6951 = DIRECTION('',(1.,-2.22044604925E-16,0.));
#6952 = ORIENTED_EDGE('',*,*,#6906,.T.);
#6953 = PLANE('',#6954);
#6954 = AXIS2_PLACEMENT_3D('',#6955,#6956,#6957);
#6955 = CARTESIAN_POINT('',(-3.,1.92,3.7));
#6956 = DIRECTION('',(2.22044604925E-16,1.,0.));
#6957 = DIRECTION('',(0.,-0.,1.));
#6958 = ADVANCED_FACE('',(#6959),#6965,.F.);
#6959 = FACE_BOUND('',#6960,.F.);
#6960 = EDGE_LOOP('',(#6961,#6962,#6963,#6964));
#6961 = ORIENTED_EDGE('',*,*,#6881,.T.);
#6962 = ORIENTED_EDGE('',*,*,#6931,.T.);
#6963 = ORIENTED_EDGE('',*,*,#6947,.T.);
#6964 = ORIENTED_EDGE('',*,*,#6898,.F.);
#6965 = PLANE('',#6966);
#6966 = AXIS2_PLACEMENT_3D('',#6967,#6968,#6969);
#6967 = CARTESIAN_POINT('',(-4.,-4.8,3.8));
#6968 = DIRECTION('',(0.,0.,-1.));
#6969 = DIRECTION('',(1.,-2.22044604925E-16,0.));
#6970 = MANIFOLD_SOLID_BREP('',#6971);
#6971 = CLOSED_SHELL('',(#6972,#7014,#7045,#7076,#7098,#7131,#7146));
#6972 = ADVANCED_FACE('',(#6973),#7009,.T.);
#6973 = FACE_BOUND('',#6974,.T.);
#6974 = EDGE_LOOP('',(#6975,#6985,#6994,#7002));
#6975 = ORIENTED_EDGE('',*,*,#6976,.T.);
#6976 = EDGE_CURVE('',#6977,#6979,#6981,.T.);
#6977 = VERTEX_POINT('',#6978);
#6978 = CARTESIAN_POINT('',(-6.1,1.,-2.9));
#6979 = VERTEX_POINT('',#6980);
#6980 = CARTESIAN_POINT('',(-5.9,1.,-2.9));
#6981 = LINE('',#6982,#6983);
#6982 = CARTESIAN_POINT('',(-6.1,1.,-2.9));
#6983 = VECTOR('',#6984,1.);
#6984 = DIRECTION('',(1.,2.22044604925E-16,-1.11E-15));
#6985 = ORIENTED_EDGE('',*,*,#6986,.T.);
#6986 = EDGE_CURVE('',#6979,#6987,#6989,.T.);
#6987 = VERTEX_POINT('',#6988);
#6988 = CARTESIAN_POINT('',(-5.9,-1.,-2.9));
#6989 = CIRCLE('',#6990,1.);
#6990 = AXIS2_PLACEMENT_3D('',#6991,#6992,#6993);
#6991 = CARTESIAN_POINT('',(-5.9,2.044408920985E-15,-2.9));
#6992 = DIRECTION('',(-1.,-2.22044604925E-16,1.E-15));
#6993 = DIRECTION('',(2.22044604925E-16,-1.,0.));
#6994 = ORIENTED_EDGE('',*,*,#6995,.F.);
#6995 = EDGE_CURVE('',#6996,#6987,#6998,.T.);
#6996 = VERTEX_POINT('',#6997);
#6997 = CARTESIAN_POINT('',(-6.1,-1.,-2.9));
#6998 = LINE('',#6999,#7000);
#6999 = CARTESIAN_POINT('',(-6.1,-1.,-2.9));
#7000 = VECTOR('',#7001,1.);
#7001 = DIRECTION('',(1.,2.22044604925E-16,-1.11E-15));
#7002 = ORIENTED_EDGE('',*,*,#7003,.F.);
#7003 = EDGE_CURVE('',#6977,#6996,#7004,.T.);
#7004 = CIRCLE('',#7005,1.);
#7005 = AXIS2_PLACEMENT_3D('',#7006,#7007,#7008);
#7006 = CARTESIAN_POINT('',(-6.1,2.E-15,-2.9));
#7007 = DIRECTION('',(-1.,-2.22044604925E-16,1.E-15));
#7008 = DIRECTION('',(2.22044604925E-16,-1.,0.));
#7009 = CYLINDRICAL_SURFACE('',#7010,1.);
#7010 = AXIS2_PLACEMENT_3D('',#7011,#7012,#7013);
#7011 = CARTESIAN_POINT('',(-6.1,2.E-15,-2.9));
#7012 = DIRECTION('',(-1.,-2.22044604925E-16,1.11E-15));
#7013 = DIRECTION('',(2.22044604925E-16,-1.,0.));
#7014 = ADVANCED_FACE('',(#7015),#7040,.T.);
#7015 = FACE_BOUND('',#7016,.T.);
#7016 = EDGE_LOOP('',(#7017,#7018,#7026,#7034));
#7017 = ORIENTED_EDGE('',*,*,#6995,.T.);
#7018 = ORIENTED_EDGE('',*,*,#7019,.T.);
#7019 = EDGE_CURVE('',#6987,#7020,#7022,.T.);
#7020 = VERTEX_POINT('',#7021);
#7021 = CARTESIAN_POINT('',(-5.9,-1.,-0.1));
#7022 = LINE('',#7023,#7024);
#7023 = CARTESIAN_POINT('',(-5.9,-1.,-2.9));
#7024 = VECTOR('',#7025,1.);
#7025 = DIRECTION('',(1.E-15,2.22044604925E-31,1.));
#7026 = ORIENTED_EDGE('',*,*,#7027,.F.);
#7027 = EDGE_CURVE('',#7028,#7020,#7030,.T.);
#7028 = VERTEX_POINT('',#7029);
#7029 = CARTESIAN_POINT('',(-6.1,-1.,-0.1));
#7030 = LINE('',#7031,#7032);
#7031 = CARTESIAN_POINT('',(-6.1,-1.,-0.1));
#7032 = VECTOR('',#7033,1.);
#7033 = DIRECTION('',(1.,2.22044604925E-16,-1.11E-15));
#7034 = ORIENTED_EDGE('',*,*,#7035,.F.);
#7035 = EDGE_CURVE('',#6996,#7028,#7036,.T.);
#7036 = LINE('',#7037,#7038);
#7037 = CARTESIAN_POINT('',(-6.1,-1.,-2.9));
#7038 = VECTOR('',#7039,1.);
#7039 = DIRECTION('',(1.E-15,2.22044604925E-31,1.));
#7040 = PLANE('',#7041);
#7041 = AXIS2_PLACEMENT_3D('',#7042,#7043,#7044);
#7042 = CARTESIAN_POINT('',(-6.1,-1.,-2.9));
#7043 = DIRECTION('',(2.22044604925E-16,-1.,0.));
#7044 = DIRECTION('',(1.11E-15,2.464695114668E-31,1.));
#7045 = ADVANCED_FACE('',(#7046),#7071,.F.);
#7046 = FACE_BOUND('',#7047,.F.);
#7047 = EDGE_LOOP('',(#7048,#7058,#7064,#7065));
#7048 = ORIENTED_EDGE('',*,*,#7049,.T.);
#7049 = EDGE_CURVE('',#7050,#7052,#7054,.T.);
#7050 = VERTEX_POINT('',#7051);
#7051 = CARTESIAN_POINT('',(-6.1,1.,-0.1));
#7052 = VERTEX_POINT('',#7053);
#7053 = CARTESIAN_POINT('',(-5.9,1.,-0.1));
#7054 = LINE('',#7055,#7056);
#7055 = CARTESIAN_POINT('',(-6.1,1.,-0.1));
#7056 = VECTOR('',#7057,1.);
#7057 = DIRECTION('',(1.,2.22044604925E-16,-1.11E-15));
#7058 = ORIENTED_EDGE('',*,*,#7059,.T.);
#7059 = EDGE_CURVE('',#7052,#7020,#7060,.T.);
#7060 = LINE('',#7061,#7062);
#7061 = CARTESIAN_POINT('',(-5.9,1.,-0.1));
#7062 = VECTOR('',#7063,1.);
#7063 = DIRECTION('',(2.22044604925E-16,-1.,0.));
#7064 = ORIENTED_EDGE('',*,*,#7027,.F.);
#7065 = ORIENTED_EDGE('',*,*,#7066,.F.);
#7066 = EDGE_CURVE('',#7050,#7028,#7067,.T.);
#7067 = LINE('',#7068,#7069);
#7068 = CARTESIAN_POINT('',(-6.1,1.,-0.1));
#7069 = VECTOR('',#7070,1.);
#7070 = DIRECTION('',(2.22044604925E-16,-1.,0.));
#7071 = PLANE('',#7072);
#7072 = AXIS2_PLACEMENT_3D('',#7073,#7074,#7075);
#7073 = CARTESIAN_POINT('',(-6.1,1.,-0.1));
#7074 = DIRECTION('',(-1.11E-15,-2.464695114668E-31,-1.));
#7075 = DIRECTION('',(2.22044604925E-16,-1.,4.999090886485E-44));
#7076 = ADVANCED_FACE('',(#7077),#7093,.F.);
#7077 = FACE_BOUND('',#7078,.F.);
#7078 = EDGE_LOOP('',(#7079,#7080,#7086,#7087));
#7079 = ORIENTED_EDGE('',*,*,#6976,.T.);
#7080 = ORIENTED_EDGE('',*,*,#7081,.T.);
#7081 = EDGE_CURVE('',#6979,#7052,#7082,.T.);
#7082 = LINE('',#7083,#7084);
#7083 = CARTESIAN_POINT('',(-5.9,1.,-2.9));
#7084 = VECTOR('',#7085,1.);
#7085 = DIRECTION('',(1.E-15,2.22044604925E-31,1.));
#7086 = ORIENTED_EDGE('',*,*,#7049,.F.);
#7087 = ORIENTED_EDGE('',*,*,#7088,.F.);
#7088 = EDGE_CURVE('',#6977,#7050,#7089,.T.);
#7089 = LINE('',#7090,#7091);
#7090 = CARTESIAN_POINT('',(-6.1,1.,-2.9));
#7091 = VECTOR('',#7092,1.);
#7092 = DIRECTION('',(1.E-15,2.22044604925E-31,1.));
#7093 = PLANE('',#7094);
#7094 = AXIS2_PLACEMENT_3D('',#7095,#7096,#7097);
#7095 = CARTESIAN_POINT('',(-6.1,1.,-2.9));
#7096 = DIRECTION('',(2.22044604925E-16,-1.,0.));
#7097 = DIRECTION('',(1.11E-15,2.464695114668E-31,1.));
#7098 = ADVANCED_FACE('',(#7099),#7126,.F.);
#7099 = FACE_BOUND('',#7100,.F.);
#7100 = EDGE_LOOP('',(#7101,#7111,#7118,#7119));
#7101 = ORIENTED_EDGE('',*,*,#7102,.T.);
#7102 = EDGE_CURVE('',#7103,#7105,#7107,.T.);
#7103 = VERTEX_POINT('',#7104);
#7104 = CARTESIAN_POINT('',(-6.1,-0.5,-2.9));
#7105 = VERTEX_POINT('',#7106);
#7106 = CARTESIAN_POINT('',(-5.9,-0.5,-2.9));
#7107 = LINE('',#7108,#7109);
#7108 = CARTESIAN_POINT('',(-6.1,-0.5,-2.9));
#7109 = VECTOR('',#7110,1.);
#7110 = DIRECTION('',(1.,2.22044604925E-16,-1.11E-15));
#7111 = ORIENTED_EDGE('',*,*,#7112,.T.);
#7112 = EDGE_CURVE('',#7105,#7105,#7113,.T.);
#7113 = CIRCLE('',#7114,0.5);
#7114 = AXIS2_PLACEMENT_3D('',#7115,#7116,#7117);
#7115 = CARTESIAN_POINT('',(-5.9,2.044408920985E-15,-2.9));
#7116 = DIRECTION('',(-1.,-2.22044604925E-16,1.E-15));
#7117 = DIRECTION('',(2.22044604925E-16,-1.,0.));
#7118 = ORIENTED_EDGE('',*,*,#7102,.F.);
#7119 = ORIENTED_EDGE('',*,*,#7120,.F.);
#7120 = EDGE_CURVE('',#7103,#7103,#7121,.T.);
#7121 = CIRCLE('',#7122,0.5);
#7122 = AXIS2_PLACEMENT_3D('',#7123,#7124,#7125);
#7123 = CARTESIAN_POINT('',(-6.1,2.E-15,-2.9));
#7124 = DIRECTION('',(-1.,-2.22044604925E-16,1.E-15));
#7125 = DIRECTION('',(2.22044604925E-16,-1.,0.));
#7126 = CYLINDRICAL_SURFACE('',#7127,0.5);
#7127 = AXIS2_PLACEMENT_3D('',#7128,#7129,#7130);
#7128 = CARTESIAN_POINT('',(-6.1,2.E-15,-2.9));
#7129 = DIRECTION('',(-1.,-2.22044604925E-16,1.11E-15));
#7130 = DIRECTION('',(2.22044604925E-16,-1.,0.));
#7131 = ADVANCED_FACE('',(#7132,#7138),#7141,.F.);
#7132 = FACE_BOUND('',#7133,.T.);
#7133 = EDGE_LOOP('',(#7134,#7135,#7136,#7137));
#7134 = ORIENTED_EDGE('',*,*,#7003,.T.);
#7135 = ORIENTED_EDGE('',*,*,#7035,.T.);
#7136 = ORIENTED_EDGE('',*,*,#7066,.F.);
#7137 = ORIENTED_EDGE('',*,*,#7088,.F.);
#7138 = FACE_BOUND('',#7139,.F.);
#7139 = EDGE_LOOP('',(#7140));
#7140 = ORIENTED_EDGE('',*,*,#7120,.T.);
#7141 = PLANE('',#7142);
#7142 = AXIS2_PLACEMENT_3D('',#7143,#7144,#7145);
#7143 = CARTESIAN_POINT('',(-6.1,2.07E-15,-2.012904865456));
#7144 = DIRECTION('',(1.,2.22044604925E-16,-1.11E-15));
#7145 = DIRECTION('',(1.11E-15,2.464695114668E-31,1.));
#7146 = ADVANCED_FACE('',(#7147,#7153),#7156,.T.);
#7147 = FACE_BOUND('',#7148,.F.);
#7148 = EDGE_LOOP('',(#7149,#7150,#7151,#7152));
#7149 = ORIENTED_EDGE('',*,*,#6986,.T.);
#7150 = ORIENTED_EDGE('',*,*,#7019,.T.);
#7151 = ORIENTED_EDGE('',*,*,#7059,.F.);
#7152 = ORIENTED_EDGE('',*,*,#7081,.F.);
#7153 = FACE_BOUND('',#7154,.T.);
#7154 = EDGE_LOOP('',(#7155));
#7155 = ORIENTED_EDGE('',*,*,#7112,.T.);
#7156 = PLANE('',#7157);
#7157 = AXIS2_PLACEMENT_3D('',#7158,#7159,#7160);
#7158 = CARTESIAN_POINT('',(-5.9,2.114408920985E-15,-2.012904865456));
#7159 = DIRECTION('',(1.,2.22044604925E-16,-1.11E-15));
#7160 = DIRECTION('',(1.11E-15,2.464695114668E-31,1.));
#7161 = ( GEOMETRIC_REPRESENTATION_CONTEXT(3) 
GLOBAL_UNCERTAINTY_ASSIGNED_CONTEXT((#7165)) 
GLOBAL_UNIT_ASSIGNED_CONTEXT((#7162,#7163,#7164)) REPRESENTATION_CONTEXT
('Context #1','3D Context with UNIT and UNCERTAINTY') );
#7162 = ( LENGTH_UNIT() NAMED_UNIT(*) SI_UNIT(.MILLI.,.METRE.) );
#7163 = ( NAMED_UNIT(*) PLANE_ANGLE_UNIT() SI_UNIT($,.RADIAN.) );
#7164 = ( NAMED_UNIT(*) SI_UNIT($,.STERADIAN.) SOLID_ANGLE_UNIT() );
#7165 = UNCERTAINTY_MEASURE_WITH_UNIT(LENGTH_MEASURE(1.E-07),#7162,
  'distance_accuracy_value','confusion accuracy');
#7166 = CONTEXT_DEPENDENT_SHAPE_REPRESENTATION(#7167,#7169);
#7167 = ( REPRESENTATION_RELATIONSHIP('','',#5127,#10) 
REPRESENTATION_RELATIONSHIP_WITH_TRANSFORMATION(#7168) 
SHAPE_REPRESENTATION_RELATIONSHIP() );
#7168 = ITEM_DEFINED_TRANSFORMATION('','',#11,#47);
#7169 = PRODUCT_DEFINITION_SHAPE('Placement','Placement of an item',
  #7170);
#7170 = NEXT_ASSEMBLY_USAGE_OCCURRENCE('9','J1','',#5,#5122,$);
#7171 = PRODUCT_RELATED_PRODUCT_CATEGORY('part',$,(#5124));
#7172 = CONTEXT_DEPENDENT_SHAPE_REPRESENTATION(#7173,#7175);
#7173 = ( REPRESENTATION_RELATIONSHIP('','',#4212,#10) 
REPRESENTATION_RELATIONSHIP_WITH_TRANSFORMATION(#7174) 
SHAPE_REPRESENTATION_RELATIONSHIP() );
#7174 = ITEM_DEFINED_TRANSFORMATION('','',#11,#51);
#7175 = PRODUCT_DEFINITION_SHAPE('Placement','Placement of an item',
  #7176);
#7176 = NEXT_ASSEMBLY_USAGE_OCCURRENCE('10','R2','',#5,#4207,$);
#7177 = SHAPE_DEFINITION_REPRESENTATION(#7178,#7184);
#7178 = PRODUCT_DEFINITION_SHAPE('','',#7179);
#7179 = PRODUCT_DEFINITION('design','',#7180,#7183);
#7180 = PRODUCT_DEFINITION_FORMATION('','',#7181);
#7181 = PRODUCT('PinHeader_1x03_P2.54mm_Vertical',
  'PinHeader_1x03_P2.54mm_Vertical','',(#7182));
#7182 = PRODUCT_CONTEXT('',#2,'mechanical');
#7183 = PRODUCT_DEFINITION_CONTEXT('part definition',#2,'design');
#7184 = ADVANCED_BREP_SHAPE_REPRESENTATION('',(#11,#7185),#9291);
#7185 = MANIFOLD_SOLID_BREP('',#7186);
#7186 = CLOSED_SHELL('',(#7187,#7227,#7258,#7289,#7536,#7783,#7800,#7817
    ,#7834,#7851,#7868,#7885,#7902,#7919,#7936,#7953,#7970,#7987,#8004,
    #8021,#8038,#8055,#8067,#8098,#8122,#8146,#8163,#8194,#8218,#8242,
    #8259,#8290,#8314,#8338,#8355,#8386,#8410,#8434,#8451,#8482,#8506,
    #8530,#8547,#8578,#8602,#8626,#8643,#8674,#8698,#8722,#8739,#8770,
    #8794,#8818,#8835,#8866,#8890,#8914,#8931,#8962,#8986,#9010,#9027,
    #9058,#9082,#9106,#9123,#9154,#9178,#9202,#9219,#9231,#9243,#9255,
    #9267,#9279));
#7187 = ADVANCED_FACE('',(#7188),#7222,.F.);
#7188 = FACE_BOUND('',#7189,.F.);
#7189 = EDGE_LOOP('',(#7190,#7200,#7208,#7216));
#7190 = ORIENTED_EDGE('',*,*,#7191,.T.);
#7191 = EDGE_CURVE('',#7192,#7194,#7196,.T.);
#7192 = VERTEX_POINT('',#7193);
#7193 = CARTESIAN_POINT('',(-1.016,1.27,0.));
#7194 = VERTEX_POINT('',#7195);
#7195 = CARTESIAN_POINT('',(-1.016,1.27,2.54));
#7196 = LINE('',#7197,#7198);
#7197 = CARTESIAN_POINT('',(-1.016,1.27,0.));
#7198 = VECTOR('',#7199,1.);
#7199 = DIRECTION('',(0.,0.,1.));
#7200 = ORIENTED_EDGE('',*,*,#7201,.T.);
#7201 = EDGE_CURVE('',#7194,#7202,#7204,.T.);
#7202 = VERTEX_POINT('',#7203);
#7203 = CARTESIAN_POINT('',(-1.27,1.016,2.54));
#7204 = LINE('',#7205,#7206);
#7205 = CARTESIAN_POINT('',(-1.016,1.27,2.54));
#7206 = VECTOR('',#7207,1.);
#7207 = DIRECTION('',(-0.707106781187,-0.707106781187,0.));
#7208 = ORIENTED_EDGE('',*,*,#7209,.F.);
#7209 = EDGE_CURVE('',#7210,#7202,#7212,.T.);
#7210 = VERTEX_POINT('',#7211);
#7211 = CARTESIAN_POINT('',(-1.27,1.016,0.));
#7212 = LINE('',#7213,#7214);
#7213 = CARTESIAN_POINT('',(-1.27,1.016,0.));
#7214 = VECTOR('',#7215,1.);
#7215 = DIRECTION('',(0.,0.,1.));
#7216 = ORIENTED_EDGE('',*,*,#7217,.F.);
#7217 = EDGE_CURVE('',#7192,#7210,#7218,.T.);
#7218 = LINE('',#7219,#7220);
#7219 = CARTESIAN_POINT('',(-1.016,1.27,0.));
#7220 = VECTOR('',#7221,1.);
#7221 = DIRECTION('',(-0.707106781187,-0.707106781187,0.));
#7222 = PLANE('',#7223);
#7223 = AXIS2_PLACEMENT_3D('',#7224,#7225,#7226);
#7224 = CARTESIAN_POINT('',(-1.016,1.27,0.));
#7225 = DIRECTION('',(0.707106781187,-0.707106781187,0.));
#7226 = DIRECTION('',(-0.707106781187,-0.707106781187,0.));
#7227 = ADVANCED_FACE('',(#7228),#7253,.F.);
#7228 = FACE_BOUND('',#7229,.F.);
#7229 = EDGE_LOOP('',(#7230,#7240,#7246,#7247));
#7230 = ORIENTED_EDGE('',*,*,#7231,.T.);
#7231 = EDGE_CURVE('',#7232,#7234,#7236,.T.);
#7232 = VERTEX_POINT('',#7233);
#7233 = CARTESIAN_POINT('',(1.016,1.27,0.));
#7234 = VERTEX_POINT('',#7235);
#7235 = CARTESIAN_POINT('',(1.016,1.27,2.54));
#7236 = LINE('',#7237,#7238);
#7237 = CARTESIAN_POINT('',(1.016,1.27,0.));
#7238 = VECTOR('',#7239,1.);
#7239 = DIRECTION('',(0.,0.,1.));
#7240 = ORIENTED_EDGE('',*,*,#7241,.T.);
#7241 = EDGE_CURVE('',#7234,#7194,#7242,.T.);
#7242 = LINE('',#7243,#7244);
#7243 = CARTESIAN_POINT('',(1.016,1.27,2.54));
#7244 = VECTOR('',#7245,1.);
#7245 = DIRECTION('',(-1.,0.,0.));
#7246 = ORIENTED_EDGE('',*,*,#7191,.F.);
#7247 = ORIENTED_EDGE('',*,*,#7248,.F.);
#7248 = EDGE_CURVE('',#7232,#7192,#7249,.T.);
#7249 = LINE('',#7250,#7251);
#7250 = CARTESIAN_POINT('',(1.016,1.27,0.));
#7251 = VECTOR('',#7252,1.);
#7252 = DIRECTION('',(-1.,0.,0.));
#7253 = PLANE('',#7254);
#7254 = AXIS2_PLACEMENT_3D('',#7255,#7256,#7257);
#7255 = CARTESIAN_POINT('',(1.016,1.27,0.));
#7256 = DIRECTION('',(0.,-1.,0.));
#7257 = DIRECTION('',(-1.,0.,0.));
#7258 = ADVANCED_FACE('',(#7259),#7284,.F.);
#7259 = FACE_BOUND('',#7260,.F.);
#7260 = EDGE_LOOP('',(#7261,#7262,#7270,#7278));
#7261 = ORIENTED_EDGE('',*,*,#7209,.T.);
#7262 = ORIENTED_EDGE('',*,*,#7263,.T.);
#7263 = EDGE_CURVE('',#7202,#7264,#7266,.T.);
#7264 = VERTEX_POINT('',#7265);
#7265 = CARTESIAN_POINT('',(-1.27,-1.016,2.54));
#7266 = LINE('',#7267,#7268);
#7267 = CARTESIAN_POINT('',(-1.27,1.016,2.54));
#7268 = VECTOR('',#7269,1.);
#7269 = DIRECTION('',(0.,-1.,0.));
#7270 = ORIENTED_EDGE('',*,*,#7271,.F.);
#7271 = EDGE_CURVE('',#7272,#7264,#7274,.T.);
#7272 = VERTEX_POINT('',#7273);
#7273 = CARTESIAN_POINT('',(-1.27,-1.016,0.));
#7274 = LINE('',#7275,#7276);
#7275 = CARTESIAN_POINT('',(-1.27,-1.016,0.));
#7276 = VECTOR('',#7277,1.);
#7277 = DIRECTION('',(0.,0.,1.));
#7278 = ORIENTED_EDGE('',*,*,#7279,.F.);
#7279 = EDGE_CURVE('',#7210,#7272,#7280,.T.);
#7280 = LINE('',#7281,#7282);
#7281 = CARTESIAN_POINT('',(-1.27,1.016,0.));
#7282 = VECTOR('',#7283,1.);
#7283 = DIRECTION('',(0.,-1.,0.));
#7284 = PLANE('',#7285);
#7285 = AXIS2_PLACEMENT_3D('',#7286,#7287,#7288);
#7286 = CARTESIAN_POINT('',(-1.27,1.016,0.));
#7287 = DIRECTION('',(1.,0.,0.));
#7288 = DIRECTION('',(0.,-1.,0.));
#7289 = ADVANCED_FACE('',(#7290,#7429,#7463,#7497),#7531,.F.);
#7290 = FACE_BOUND('',#7291,.F.);
#7291 = EDGE_LOOP('',(#7292,#7293,#7294,#7302,#7310,#7318,#7326,#7334,
    #7342,#7350,#7358,#7366,#7374,#7382,#7390,#7398,#7406,#7414,#7422,
    #7428));
#7292 = ORIENTED_EDGE('',*,*,#7217,.T.);
#7293 = ORIENTED_EDGE('',*,*,#7279,.T.);
#7294 = ORIENTED_EDGE('',*,*,#7295,.T.);
#7295 = EDGE_CURVE('',#7272,#7296,#7298,.T.);
#7296 = VERTEX_POINT('',#7297);
#7297 = CARTESIAN_POINT('',(-1.016,-1.27,0.));
#7298 = LINE('',#7299,#7300);
#7299 = CARTESIAN_POINT('',(-1.27,-1.016,0.));
#7300 = VECTOR('',#7301,1.);
#7301 = DIRECTION('',(0.707106781187,-0.707106781187,0.));
#7302 = ORIENTED_EDGE('',*,*,#7303,.T.);
#7303 = EDGE_CURVE('',#7296,#7304,#7306,.T.);
#7304 = VERTEX_POINT('',#7305);
#7305 = CARTESIAN_POINT('',(-1.27,-1.524,0.));
#7306 = LINE('',#7307,#7308);
#7307 = CARTESIAN_POINT('',(-1.016,-1.27,0.));
#7308 = VECTOR('',#7309,1.);
#7309 = DIRECTION('',(-0.707106781187,-0.707106781187,0.));
#7310 = ORIENTED_EDGE('',*,*,#7311,.T.);
#7311 = EDGE_CURVE('',#7304,#7312,#7314,.T.);
#7312 = VERTEX_POINT('',#7313);
#7313 = CARTESIAN_POINT('',(-1.27,-3.556,0.));
#7314 = LINE('',#7315,#7316);
#7315 = CARTESIAN_POINT('',(-1.27,-1.524,0.));
#7316 = VECTOR('',#7317,1.);
#7317 = DIRECTION('',(0.,-1.,0.));
#7318 = ORIENTED_EDGE('',*,*,#7319,.T.);
#7319 = EDGE_CURVE('',#7312,#7320,#7322,.T.);
#7320 = VERTEX_POINT('',#7321);
#7321 = CARTESIAN_POINT('',(-1.016,-3.81,0.));
#7322 = LINE('',#7323,#7324);
#7323 = CARTESIAN_POINT('',(-1.27,-3.556,0.));
#7324 = VECTOR('',#7325,1.);
#7325 = DIRECTION('',(0.707106781187,-0.707106781187,0.));
#7326 = ORIENTED_EDGE('',*,*,#7327,.T.);
#7327 = EDGE_CURVE('',#7320,#7328,#7330,.T.);
#7328 = VERTEX_POINT('',#7329);
#7329 = CARTESIAN_POINT('',(-1.27,-4.064,0.));
#7330 = LINE('',#7331,#7332);
#7331 = CARTESIAN_POINT('',(-1.016,-3.81,0.));
#7332 = VECTOR('',#7333,1.);
#7333 = DIRECTION('',(-0.707106781187,-0.707106781187,0.));
#7334 = ORIENTED_EDGE('',*,*,#7335,.T.);
#7335 = EDGE_CURVE('',#7328,#7336,#7338,.T.);
#7336 = VERTEX_POINT('',#7337);
#7337 = CARTESIAN_POINT('',(-1.27,-6.096,0.));
#7338 = LINE('',#7339,#7340);
#7339 = CARTESIAN_POINT('',(-1.27,-4.064,0.));
#7340 = VECTOR('',#7341,1.);
#7341 = DIRECTION('',(0.,-1.,0.));
#7342 = ORIENTED_EDGE('',*,*,#7343,.T.);
#7343 = EDGE_CURVE('',#7336,#7344,#7346,.T.);
#7344 = VERTEX_POINT('',#7345);
#7345 = CARTESIAN_POINT('',(-1.016,-6.35,0.));
#7346 = LINE('',#7347,#7348);
#7347 = CARTESIAN_POINT('',(-1.27,-6.096,0.));
#7348 = VECTOR('',#7349,1.);
#7349 = DIRECTION('',(0.707106781187,-0.707106781187,0.));
#7350 = ORIENTED_EDGE('',*,*,#7351,.T.);
#7351 = EDGE_CURVE('',#7344,#7352,#7354,.T.);
#7352 = VERTEX_POINT('',#7353);
#7353 = CARTESIAN_POINT('',(1.016,-6.35,0.));
#7354 = LINE('',#7355,#7356);
#7355 = CARTESIAN_POINT('',(-1.016,-6.35,0.));
#7356 = VECTOR('',#7357,1.);
#7357 = DIRECTION('',(1.,0.,0.));
#7358 = ORIENTED_EDGE('',*,*,#7359,.T.);
#7359 = EDGE_CURVE('',#7352,#7360,#7362,.T.);
#7360 = VERTEX_POINT('',#7361);
#7361 = CARTESIAN_POINT('',(1.27,-6.096,0.));
#7362 = LINE('',#7363,#7364);
#7363 = CARTESIAN_POINT('',(1.016,-6.35,0.));
#7364 = VECTOR('',#7365,1.);
#7365 = DIRECTION('',(0.707106781187,0.707106781187,0.));
#7366 = ORIENTED_EDGE('',*,*,#7367,.T.);
#7367 = EDGE_CURVE('',#7360,#7368,#7370,.T.);
#7368 = VERTEX_POINT('',#7369);
#7369 = CARTESIAN_POINT('',(1.27,-4.064,0.));
#7370 = LINE('',#7371,#7372);
#7371 = CARTESIAN_POINT('',(1.27,-6.096,0.));
#7372 = VECTOR('',#7373,1.);
#7373 = DIRECTION('',(0.,1.,0.));
#7374 = ORIENTED_EDGE('',*,*,#7375,.T.);
#7375 = EDGE_CURVE('',#7368,#7376,#7378,.T.);
#7376 = VERTEX_POINT('',#7377);
#7377 = CARTESIAN_POINT('',(1.016,-3.81,0.));
#7378 = LINE('',#7379,#7380);
#7379 = CARTESIAN_POINT('',(1.27,-4.064,0.));
#7380 = VECTOR('',#7381,1.);
#7381 = DIRECTION('',(-0.707106781187,0.707106781187,0.));
#7382 = ORIENTED_EDGE('',*,*,#7383,.T.);
#7383 = EDGE_CURVE('',#7376,#7384,#7386,.T.);
#7384 = VERTEX_POINT('',#7385);
#7385 = CARTESIAN_POINT('',(1.27,-3.556,0.));
#7386 = LINE('',#7387,#7388);
#7387 = CARTESIAN_POINT('',(1.016,-3.81,0.));
#7388 = VECTOR('',#7389,1.);
#7389 = DIRECTION('',(0.707106781187,0.707106781187,0.));
#7390 = ORIENTED_EDGE('',*,*,#7391,.T.);
#7391 = EDGE_CURVE('',#7384,#7392,#7394,.T.);
#7392 = VERTEX_POINT('',#7393);
#7393 = CARTESIAN_POINT('',(1.27,-1.524,0.));
#7394 = LINE('',#7395,#7396);
#7395 = CARTESIAN_POINT('',(1.27,-3.556,0.));
#7396 = VECTOR('',#7397,1.);
#7397 = DIRECTION('',(0.,1.,0.));
#7398 = ORIENTED_EDGE('',*,*,#7399,.T.);
#7399 = EDGE_CURVE('',#7392,#7400,#7402,.T.);
#7400 = VERTEX_POINT('',#7401);
#7401 = CARTESIAN_POINT('',(1.016,-1.27,0.));
#7402 = LINE('',#7403,#7404);
#7403 = CARTESIAN_POINT('',(1.27,-1.524,0.));
#7404 = VECTOR('',#7405,1.);
#7405 = DIRECTION('',(-0.707106781187,0.707106781187,0.));
#7406 = ORIENTED_EDGE('',*,*,#7407,.T.);
#7407 = EDGE_CURVE('',#7400,#7408,#7410,.T.);
#7408 = VERTEX_POINT('',#7409);
#7409 = CARTESIAN_POINT('',(1.27,-1.016,0.));
#7410 = LINE('',#7411,#7412);
#7411 = CARTESIAN_POINT('',(1.016,-1.27,0.));
#7412 = VECTOR('',#7413,1.);
#7413 = DIRECTION('',(0.707106781187,0.707106781187,0.));
#7414 = ORIENTED_EDGE('',*,*,#7415,.T.);
#7415 = EDGE_CURVE('',#7408,#7416,#7418,.T.);
#7416 = VERTEX_POINT('',#7417);
#7417 = CARTESIAN_POINT('',(1.27,1.016,0.));
#7418 = LINE('',#7419,#7420);
#7419 = CARTESIAN_POINT('',(1.27,-1.016,0.));
#7420 = VECTOR('',#7421,1.);
#7421 = DIRECTION('',(0.,1.,0.));
#7422 = ORIENTED_EDGE('',*,*,#7423,.T.);
#7423 = EDGE_CURVE('',#7416,#7232,#7424,.T.);
#7424 = LINE('',#7425,#7426);
#7425 = CARTESIAN_POINT('',(1.27,1.016,0.));
#7426 = VECTOR('',#7427,1.);
#7427 = DIRECTION('',(-0.707106781187,0.707106781187,0.));
#7428 = ORIENTED_EDGE('',*,*,#7248,.T.);
#7429 = FACE_BOUND('',#7430,.F.);
#7430 = EDGE_LOOP('',(#7431,#7441,#7449,#7457));
#7431 = ORIENTED_EDGE('',*,*,#7432,.F.);
#7432 = EDGE_CURVE('',#7433,#7435,#7437,.T.);
#7433 = VERTEX_POINT('',#7434);
#7434 = CARTESIAN_POINT('',(0.32,-0.32,0.));
#7435 = VERTEX_POINT('',#7436);
#7436 = CARTESIAN_POINT('',(0.32,0.32,0.));
#7437 = LINE('',#7438,#7439);
#7438 = CARTESIAN_POINT('',(0.32,-1.43,0.));
#7439 = VECTOR('',#7440,1.);
#7440 = DIRECTION('',(0.,1.,0.));
#7441 = ORIENTED_EDGE('',*,*,#7442,.T.);
#7442 = EDGE_CURVE('',#7433,#7443,#7445,.T.);
#7443 = VERTEX_POINT('',#7444);
#7444 = CARTESIAN_POINT('',(-0.32,-0.32,0.));
#7445 = LINE('',#7446,#7447);
#7446 = CARTESIAN_POINT('',(-0.16,-0.32,0.));
#7447 = VECTOR('',#7448,1.);
#7448 = DIRECTION('',(-1.,0.,0.));
#7449 = ORIENTED_EDGE('',*,*,#7450,.T.);
#7450 = EDGE_CURVE('',#7443,#7451,#7453,.T.);
#7451 = VERTEX_POINT('',#7452);
#7452 = CARTESIAN_POINT('',(-0.32,0.32,0.));
#7453 = LINE('',#7454,#7455);
#7454 = CARTESIAN_POINT('',(-0.32,-1.43,0.));
#7455 = VECTOR('',#7456,1.);
#7456 = DIRECTION('',(0.,1.,0.));
#7457 = ORIENTED_EDGE('',*,*,#7458,.F.);
#7458 = EDGE_CURVE('',#7435,#7451,#7459,.T.);
#7459 = LINE('',#7460,#7461);
#7460 = CARTESIAN_POINT('',(-0.16,0.32,0.));
#7461 = VECTOR('',#7462,1.);
#7462 = DIRECTION('',(-1.,0.,0.));
#7463 = FACE_BOUND('',#7464,.F.);
#7464 = EDGE_LOOP('',(#7465,#7475,#7483,#7491));
#7465 = ORIENTED_EDGE('',*,*,#7466,.T.);
#7466 = EDGE_CURVE('',#7467,#7469,#7471,.T.);
#7467 = VERTEX_POINT('',#7468);
#7468 = CARTESIAN_POINT('',(0.32,-2.86,0.));
#7469 = VERTEX_POINT('',#7470);
#7470 = CARTESIAN_POINT('',(-0.32,-2.86,0.));
#7471 = LINE('',#7472,#7473);
#7472 = CARTESIAN_POINT('',(-0.16,-2.86,0.));
#7473 = VECTOR('',#7474,1.);
#7474 = DIRECTION('',(-1.,0.,0.));
#7475 = ORIENTED_EDGE('',*,*,#7476,.T.);
#7476 = EDGE_CURVE('',#7469,#7477,#7479,.T.);
#7477 = VERTEX_POINT('',#7478);
#7478 = CARTESIAN_POINT('',(-0.32,-2.22,0.));
#7479 = LINE('',#7480,#7481);
#7480 = CARTESIAN_POINT('',(-0.32,-2.7,0.));
#7481 = VECTOR('',#7482,1.);
#7482 = DIRECTION('',(0.,1.,0.));
#7483 = ORIENTED_EDGE('',*,*,#7484,.F.);
#7484 = EDGE_CURVE('',#7485,#7477,#7487,.T.);
#7485 = VERTEX_POINT('',#7486);
#7486 = CARTESIAN_POINT('',(0.32,-2.22,0.));
#7487 = LINE('',#7488,#7489);
#7488 = CARTESIAN_POINT('',(-0.16,-2.22,0.));
#7489 = VECTOR('',#7490,1.);
#7490 = DIRECTION('',(-1.,0.,0.));
#7491 = ORIENTED_EDGE('',*,*,#7492,.F.);
#7492 = EDGE_CURVE('',#7467,#7485,#7493,.T.);
#7493 = LINE('',#7494,#7495);
#7494 = CARTESIAN_POINT('',(0.32,-2.7,0.));
#7495 = VECTOR('',#7496,1.);
#7496 = DIRECTION('',(0.,1.,0.));
#7497 = FACE_BOUND('',#7498,.F.);
#7498 = EDGE_LOOP('',(#7499,#7509,#7517,#7525));
#7499 = ORIENTED_EDGE('',*,*,#7500,.F.);
#7500 = EDGE_CURVE('',#7501,#7503,#7505,.T.);
#7501 = VERTEX_POINT('',#7502);
#7502 = CARTESIAN_POINT('',(0.32,-4.76,0.));
#7503 = VERTEX_POINT('',#7504);
#7504 = CARTESIAN_POINT('',(-0.32,-4.76,0.));
#7505 = LINE('',#7506,#7507);
#7506 = CARTESIAN_POINT('',(-0.16,-4.76,0.));
#7507 = VECTOR('',#7508,1.);
#7508 = DIRECTION('',(-1.,0.,0.));
#7509 = ORIENTED_EDGE('',*,*,#7510,.F.);
#7510 = EDGE_CURVE('',#7511,#7501,#7513,.T.);
#7511 = VERTEX_POINT('',#7512);
#7512 = CARTESIAN_POINT('',(0.32,-5.4,0.));
#7513 = LINE('',#7514,#7515);
#7514 = CARTESIAN_POINT('',(0.32,-3.97,0.));
#7515 = VECTOR('',#7516,1.);
#7516 = DIRECTION('',(0.,1.,0.));
#7517 = ORIENTED_EDGE('',*,*,#7518,.T.);
#7518 = EDGE_CURVE('',#7511,#7519,#7521,.T.);
#7519 = VERTEX_POINT('',#7520);
#7520 = CARTESIAN_POINT('',(-0.32,-5.4,0.));
#7521 = LINE('',#7522,#7523);
#7522 = CARTESIAN_POINT('',(-0.16,-5.4,0.));
#7523 = VECTOR('',#7524,1.);
#7524 = DIRECTION('',(-1.,0.,0.));
#7525 = ORIENTED_EDGE('',*,*,#7526,.T.);
#7526 = EDGE_CURVE('',#7519,#7503,#7527,.T.);
#7527 = LINE('',#7528,#7529);
#7528 = CARTESIAN_POINT('',(-0.32,-3.97,0.));
#7529 = VECTOR('',#7530,1.);
#7530 = DIRECTION('',(0.,1.,0.));
#7531 = PLANE('',#7532);
#7532 = AXIS2_PLACEMENT_3D('',#7533,#7534,#7535);
#7533 = CARTESIAN_POINT('',(5.398204781459E-17,-2.54,0.));
#7534 = DIRECTION('',(0.,0.,1.));
#7535 = DIRECTION('',(1.,0.,-0.));
#7536 = ADVANCED_FACE('',(#7537,#7676,#7710,#7744),#7778,.T.);
#7537 = FACE_BOUND('',#7538,.T.);
#7538 = EDGE_LOOP('',(#7539,#7540,#7541,#7549,#7557,#7565,#7573,#7581,
    #7589,#7597,#7605,#7613,#7621,#7629,#7637,#7645,#7653,#7661,#7669,
    #7675));
#7539 = ORIENTED_EDGE('',*,*,#7201,.T.);
#7540 = ORIENTED_EDGE('',*,*,#7263,.T.);
#7541 = ORIENTED_EDGE('',*,*,#7542,.T.);
#7542 = EDGE_CURVE('',#7264,#7543,#7545,.T.);
#7543 = VERTEX_POINT('',#7544);
#7544 = CARTESIAN_POINT('',(-1.016,-1.27,2.54));
#7545 = LINE('',#7546,#7547);
#7546 = CARTESIAN_POINT('',(-1.27,-1.016,2.54));
#7547 = VECTOR('',#7548,1.);
#7548 = DIRECTION('',(0.707106781187,-0.707106781187,0.));
#7549 = ORIENTED_EDGE('',*,*,#7550,.T.);
#7550 = EDGE_CURVE('',#7543,#7551,#7553,.T.);
#7551 = VERTEX_POINT('',#7552);
#7552 = CARTESIAN_POINT('',(-1.27,-1.524,2.54));
#7553 = LINE('',#7554,#7555);
#7554 = CARTESIAN_POINT('',(-1.016,-1.27,2.54));
#7555 = VECTOR('',#7556,1.);
#7556 = DIRECTION('',(-0.707106781187,-0.707106781187,0.));
#7557 = ORIENTED_EDGE('',*,*,#7558,.T.);
#7558 = EDGE_CURVE('',#7551,#7559,#7561,.T.);
#7559 = VERTEX_POINT('',#7560);
#7560 = CARTESIAN_POINT('',(-1.27,-3.556,2.54));
#7561 = LINE('',#7562,#7563);
#7562 = CARTESIAN_POINT('',(-1.27,-1.524,2.54));
#7563 = VECTOR('',#7564,1.);
#7564 = DIRECTION('',(0.,-1.,0.));
#7565 = ORIENTED_EDGE('',*,*,#7566,.T.);
#7566 = EDGE_CURVE('',#7559,#7567,#7569,.T.);
#7567 = VERTEX_POINT('',#7568);
#7568 = CARTESIAN_POINT('',(-1.016,-3.81,2.54));
#7569 = LINE('',#7570,#7571);
#7570 = CARTESIAN_POINT('',(-1.27,-3.556,2.54));
#7571 = VECTOR('',#7572,1.);
#7572 = DIRECTION('',(0.707106781187,-0.707106781187,0.));
#7573 = ORIENTED_EDGE('',*,*,#7574,.T.);
#7574 = EDGE_CURVE('',#7567,#7575,#7577,.T.);
#7575 = VERTEX_POINT('',#7576);
#7576 = CARTESIAN_POINT('',(-1.27,-4.064,2.54));
#7577 = LINE('',#7578,#7579);
#7578 = CARTESIAN_POINT('',(-1.016,-3.81,2.54));
#7579 = VECTOR('',#7580,1.);
#7580 = DIRECTION('',(-0.707106781187,-0.707106781187,0.));
#7581 = ORIENTED_EDGE('',*,*,#7582,.T.);
#7582 = EDGE_CURVE('',#7575,#7583,#7585,.T.);
#7583 = VERTEX_POINT('',#7584);
#7584 = CARTESIAN_POINT('',(-1.27,-6.096,2.54));
#7585 = LINE('',#7586,#7587);
#7586 = CARTESIAN_POINT('',(-1.27,-4.064,2.54));
#7587 = VECTOR('',#7588,1.);
#7588 = DIRECTION('',(0.,-1.,0.));
#7589 = ORIENTED_EDGE('',*,*,#7590,.T.);
#7590 = EDGE_CURVE('',#7583,#7591,#7593,.T.);
#7591 = VERTEX_POINT('',#7592);
#7592 = CARTESIAN_POINT('',(-1.016,-6.35,2.54));
#7593 = LINE('',#7594,#7595);
#7594 = CARTESIAN_POINT('',(-1.27,-6.096,2.54));
#7595 = VECTOR('',#7596,1.);
#7596 = DIRECTION('',(0.707106781187,-0.707106781187,0.));
#7597 = ORIENTED_EDGE('',*,*,#7598,.T.);
#7598 = EDGE_CURVE('',#7591,#7599,#7601,.T.);
#7599 = VERTEX_POINT('',#7600);
#7600 = CARTESIAN_POINT('',(1.016,-6.35,2.54));
#7601 = LINE('',#7602,#7603);
#7602 = CARTESIAN_POINT('',(-1.016,-6.35,2.54));
#7603 = VECTOR('',#7604,1.);
#7604 = DIRECTION('',(1.,0.,0.));
#7605 = ORIENTED_EDGE('',*,*,#7606,.T.);
#7606 = EDGE_CURVE('',#7599,#7607,#7609,.T.);
#7607 = VERTEX_POINT('',#7608);
#7608 = CARTESIAN_POINT('',(1.27,-6.096,2.54));
#7609 = LINE('',#7610,#7611);
#7610 = CARTESIAN_POINT('',(1.016,-6.35,2.54));
#7611 = VECTOR('',#7612,1.);
#7612 = DIRECTION('',(0.707106781187,0.707106781187,0.));
#7613 = ORIENTED_EDGE('',*,*,#7614,.T.);
#7614 = EDGE_CURVE('',#7607,#7615,#7617,.T.);
#7615 = VERTEX_POINT('',#7616);
#7616 = CARTESIAN_POINT('',(1.27,-4.064,2.54));
#7617 = LINE('',#7618,#7619);
#7618 = CARTESIAN_POINT('',(1.27,-6.096,2.54));
#7619 = VECTOR('',#7620,1.);
#7620 = DIRECTION('',(0.,1.,0.));
#7621 = ORIENTED_EDGE('',*,*,#7622,.T.);
#7622 = EDGE_CURVE('',#7615,#7623,#7625,.T.);
#7623 = VERTEX_POINT('',#7624);
#7624 = CARTESIAN_POINT('',(1.016,-3.81,2.54));
#7625 = LINE('',#7626,#7627);
#7626 = CARTESIAN_POINT('',(1.27,-4.064,2.54));
#7627 = VECTOR('',#7628,1.);
#7628 = DIRECTION('',(-0.707106781187,0.707106781187,0.));
#7629 = ORIENTED_EDGE('',*,*,#7630,.T.);
#7630 = EDGE_CURVE('',#7623,#7631,#7633,.T.);
#7631 = VERTEX_POINT('',#7632);
#7632 = CARTESIAN_POINT('',(1.27,-3.556,2.54));
#7633 = LINE('',#7634,#7635);
#7634 = CARTESIAN_POINT('',(1.016,-3.81,2.54));
#7635 = VECTOR('',#7636,1.);
#7636 = DIRECTION('',(0.707106781187,0.707106781187,0.));
#7637 = ORIENTED_EDGE('',*,*,#7638,.T.);
#7638 = EDGE_CURVE('',#7631,#7639,#7641,.T.);
#7639 = VERTEX_POINT('',#7640);
#7640 = CARTESIAN_POINT('',(1.27,-1.524,2.54));
#7641 = LINE('',#7642,#7643);
#7642 = CARTESIAN_POINT('',(1.27,-3.556,2.54));
#7643 = VECTOR('',#7644,1.);
#7644 = DIRECTION('',(0.,1.,0.));
#7645 = ORIENTED_EDGE('',*,*,#7646,.T.);
#7646 = EDGE_CURVE('',#7639,#7647,#7649,.T.);
#7647 = VERTEX_POINT('',#7648);
#7648 = CARTESIAN_POINT('',(1.016,-1.27,2.54));
#7649 = LINE('',#7650,#7651);
#7650 = CARTESIAN_POINT('',(1.27,-1.524,2.54));
#7651 = VECTOR('',#7652,1.);
#7652 = DIRECTION('',(-0.707106781187,0.707106781187,0.));
#7653 = ORIENTED_EDGE('',*,*,#7654,.T.);
#7654 = EDGE_CURVE('',#7647,#7655,#7657,.T.);
#7655 = VERTEX_POINT('',#7656);
#7656 = CARTESIAN_POINT('',(1.27,-1.016,2.54));
#7657 = LINE('',#7658,#7659);
#7658 = CARTESIAN_POINT('',(1.016,-1.27,2.54));
#7659 = VECTOR('',#7660,1.);
#7660 = DIRECTION('',(0.707106781187,0.707106781187,0.));
#7661 = ORIENTED_EDGE('',*,*,#7662,.T.);
#7662 = EDGE_CURVE('',#7655,#7663,#7665,.T.);
#7663 = VERTEX_POINT('',#7664);
#7664 = CARTESIAN_POINT('',(1.27,1.016,2.54));
#7665 = LINE('',#7666,#7667);
#7666 = CARTESIAN_POINT('',(1.27,-1.016,2.54));
#7667 = VECTOR('',#7668,1.);
#7668 = DIRECTION('',(0.,1.,0.));
#7669 = ORIENTED_EDGE('',*,*,#7670,.T.);
#7670 = EDGE_CURVE('',#7663,#7234,#7671,.T.);
#7671 = LINE('',#7672,#7673);
#7672 = CARTESIAN_POINT('',(1.27,1.016,2.54));
#7673 = VECTOR('',#7674,1.);
#7674 = DIRECTION('',(-0.707106781187,0.707106781187,0.));
#7675 = ORIENTED_EDGE('',*,*,#7241,.T.);
#7676 = FACE_BOUND('',#7677,.T.);
#7677 = EDGE_LOOP('',(#7678,#7688,#7696,#7704));
#7678 = ORIENTED_EDGE('',*,*,#7679,.F.);
#7679 = EDGE_CURVE('',#7680,#7682,#7684,.T.);
#7680 = VERTEX_POINT('',#7681);
#7681 = CARTESIAN_POINT('',(0.32,-0.32,2.54));
#7682 = VERTEX_POINT('',#7683);
#7683 = CARTESIAN_POINT('',(0.32,0.32,2.54));
#7684 = LINE('',#7685,#7686);
#7685 = CARTESIAN_POINT('',(0.32,-1.43,2.54));
#7686 = VECTOR('',#7687,1.);
#7687 = DIRECTION('',(0.,1.,0.));
#7688 = ORIENTED_EDGE('',*,*,#7689,.T.);
#7689 = EDGE_CURVE('',#7680,#7690,#7692,.T.);
#7690 = VERTEX_POINT('',#7691);
#7691 = CARTESIAN_POINT('',(-0.32,-0.32,2.54));
#7692 = LINE('',#7693,#7694);
#7693 = CARTESIAN_POINT('',(-0.16,-0.32,2.54));
#7694 = VECTOR('',#7695,1.);
#7695 = DIRECTION('',(-1.,0.,0.));
#7696 = ORIENTED_EDGE('',*,*,#7697,.T.);
#7697 = EDGE_CURVE('',#7690,#7698,#7700,.T.);
#7698 = VERTEX_POINT('',#7699);
#7699 = CARTESIAN_POINT('',(-0.32,0.32,2.54));
#7700 = LINE('',#7701,#7702);
#7701 = CARTESIAN_POINT('',(-0.32,-1.43,2.54));
#7702 = VECTOR('',#7703,1.);
#7703 = DIRECTION('',(0.,1.,0.));
#7704 = ORIENTED_EDGE('',*,*,#7705,.F.);
#7705 = EDGE_CURVE('',#7682,#7698,#7706,.T.);
#7706 = LINE('',#7707,#7708);
#7707 = CARTESIAN_POINT('',(-0.16,0.32,2.54));
#7708 = VECTOR('',#7709,1.);
#7709 = DIRECTION('',(-1.,0.,0.));
#7710 = FACE_BOUND('',#7711,.T.);
#7711 = EDGE_LOOP('',(#7712,#7722,#7730,#7738));
#7712 = ORIENTED_EDGE('',*,*,#7713,.T.);
#7713 = EDGE_CURVE('',#7714,#7716,#7718,.T.);
#7714 = VERTEX_POINT('',#7715);
#7715 = CARTESIAN_POINT('',(0.32,-2.86,2.54));
#7716 = VERTEX_POINT('',#7717);
#7717 = CARTESIAN_POINT('',(-0.32,-2.86,2.54));
#7718 = LINE('',#7719,#7720);
#7719 = CARTESIAN_POINT('',(-0.16,-2.86,2.54));
#7720 = VECTOR('',#7721,1.);
#7721 = DIRECTION('',(-1.,0.,0.));
#7722 = ORIENTED_EDGE('',*,*,#7723,.T.);
#7723 = EDGE_CURVE('',#7716,#7724,#7726,.T.);
#7724 = VERTEX_POINT('',#7725);
#7725 = CARTESIAN_POINT('',(-0.32,-2.22,2.54));
#7726 = LINE('',#7727,#7728);
#7727 = CARTESIAN_POINT('',(-0.32,-2.7,2.54));
#7728 = VECTOR('',#7729,1.);
#7729 = DIRECTION('',(0.,1.,0.));
#7730 = ORIENTED_EDGE('',*,*,#7731,.F.);
#7731 = EDGE_CURVE('',#7732,#7724,#7734,.T.);
#7732 = VERTEX_POINT('',#7733);
#7733 = CARTESIAN_POINT('',(0.32,-2.22,2.54));
#7734 = LINE('',#7735,#7736);
#7735 = CARTESIAN_POINT('',(-0.16,-2.22,2.54));
#7736 = VECTOR('',#7737,1.);
#7737 = DIRECTION('',(-1.,0.,0.));
#7738 = ORIENTED_EDGE('',*,*,#7739,.F.);
#7739 = EDGE_CURVE('',#7714,#7732,#7740,.T.);
#7740 = LINE('',#7741,#7742);
#7741 = CARTESIAN_POINT('',(0.32,-2.7,2.54));
#7742 = VECTOR('',#7743,1.);
#7743 = DIRECTION('',(0.,1.,0.));
#7744 = FACE_BOUND('',#7745,.T.);
#7745 = EDGE_LOOP('',(#7746,#7756,#7764,#7772));
#7746 = ORIENTED_EDGE('',*,*,#7747,.F.);
#7747 = EDGE_CURVE('',#7748,#7750,#7752,.T.);
#7748 = VERTEX_POINT('',#7749);
#7749 = CARTESIAN_POINT('',(0.32,-4.76,2.54));
#7750 = VERTEX_POINT('',#7751);
#7751 = CARTESIAN_POINT('',(-0.32,-4.76,2.54));
#7752 = LINE('',#7753,#7754);
#7753 = CARTESIAN_POINT('',(-0.16,-4.76,2.54));
#7754 = VECTOR('',#7755,1.);
#7755 = DIRECTION('',(-1.,0.,0.));
#7756 = ORIENTED_EDGE('',*,*,#7757,.F.);
#7757 = EDGE_CURVE('',#7758,#7748,#7760,.T.);
#7758 = VERTEX_POINT('',#7759);
#7759 = CARTESIAN_POINT('',(0.32,-5.4,2.54));
#7760 = LINE('',#7761,#7762);
#7761 = CARTESIAN_POINT('',(0.32,-3.97,2.54));
#7762 = VECTOR('',#7763,1.);
#7763 = DIRECTION('',(0.,1.,0.));
#7764 = ORIENTED_EDGE('',*,*,#7765,.T.);
#7765 = EDGE_CURVE('',#7758,#7766,#7768,.T.);
#7766 = VERTEX_POINT('',#7767);
#7767 = CARTESIAN_POINT('',(-0.32,-5.4,2.54));
#7768 = LINE('',#7769,#7770);
#7769 = CARTESIAN_POINT('',(-0.16,-5.4,2.54));
#7770 = VECTOR('',#7771,1.);
#7771 = DIRECTION('',(-1.,0.,0.));
#7772 = ORIENTED_EDGE('',*,*,#7773,.T.);
#7773 = EDGE_CURVE('',#7766,#7750,#7774,.T.);
#7774 = LINE('',#7775,#7776);
#7775 = CARTESIAN_POINT('',(-0.32,-3.97,2.54));
#7776 = VECTOR('',#7777,1.);
#7777 = DIRECTION('',(0.,1.,0.));
#7778 = PLANE('',#7779);
#7779 = AXIS2_PLACEMENT_3D('',#7780,#7781,#7782);
#7780 = CARTESIAN_POINT('',(5.398204781459E-17,-2.54,2.54));
#7781 = DIRECTION('',(0.,0.,1.));
#7782 = DIRECTION('',(1.,0.,-0.));
#7783 = ADVANCED_FACE('',(#7784),#7795,.F.);
#7784 = FACE_BOUND('',#7785,.F.);
#7785 = EDGE_LOOP('',(#7786,#7792,#7793,#7794));
#7786 = ORIENTED_EDGE('',*,*,#7787,.T.);
#7787 = EDGE_CURVE('',#7416,#7663,#7788,.T.);
#7788 = LINE('',#7789,#7790);
#7789 = CARTESIAN_POINT('',(1.27,1.016,0.));
#7790 = VECTOR('',#7791,1.);
#7791 = DIRECTION('',(0.,0.,1.));
#7792 = ORIENTED_EDGE('',*,*,#7670,.T.);
#7793 = ORIENTED_EDGE('',*,*,#7231,.F.);
#7794 = ORIENTED_EDGE('',*,*,#7423,.F.);
#7795 = PLANE('',#7796);
#7796 = AXIS2_PLACEMENT_3D('',#7797,#7798,#7799);
#7797 = CARTESIAN_POINT('',(1.27,1.016,0.));
#7798 = DIRECTION('',(-0.707106781187,-0.707106781187,0.));
#7799 = DIRECTION('',(-0.707106781187,0.707106781187,0.));
#7800 = ADVANCED_FACE('',(#7801),#7812,.F.);
#7801 = FACE_BOUND('',#7802,.F.);
#7802 = EDGE_LOOP('',(#7803,#7804,#7805,#7811));
#7803 = ORIENTED_EDGE('',*,*,#7271,.T.);
#7804 = ORIENTED_EDGE('',*,*,#7542,.T.);
#7805 = ORIENTED_EDGE('',*,*,#7806,.F.);
#7806 = EDGE_CURVE('',#7296,#7543,#7807,.T.);
#7807 = LINE('',#7808,#7809);
#7808 = CARTESIAN_POINT('',(-1.016,-1.27,0.));
#7809 = VECTOR('',#7810,1.);
#7810 = DIRECTION('',(0.,0.,1.));
#7811 = ORIENTED_EDGE('',*,*,#7295,.F.);
#7812 = PLANE('',#7813);
#7813 = AXIS2_PLACEMENT_3D('',#7814,#7815,#7816);
#7814 = CARTESIAN_POINT('',(-1.27,-1.016,0.));
#7815 = DIRECTION('',(0.707106781187,0.707106781187,0.));
#7816 = DIRECTION('',(0.707106781187,-0.707106781187,0.));
#7817 = ADVANCED_FACE('',(#7818),#7829,.F.);
#7818 = FACE_BOUND('',#7819,.F.);
#7819 = EDGE_LOOP('',(#7820,#7826,#7827,#7828));
#7820 = ORIENTED_EDGE('',*,*,#7821,.T.);
#7821 = EDGE_CURVE('',#7408,#7655,#7822,.T.);
#7822 = LINE('',#7823,#7824);
#7823 = CARTESIAN_POINT('',(1.27,-1.016,0.));
#7824 = VECTOR('',#7825,1.);
#7825 = DIRECTION('',(0.,0.,1.));
#7826 = ORIENTED_EDGE('',*,*,#7662,.T.);
#7827 = ORIENTED_EDGE('',*,*,#7787,.F.);
#7828 = ORIENTED_EDGE('',*,*,#7415,.F.);
#7829 = PLANE('',#7830);
#7830 = AXIS2_PLACEMENT_3D('',#7831,#7832,#7833);
#7831 = CARTESIAN_POINT('',(1.27,-1.016,0.));
#7832 = DIRECTION('',(-1.,0.,0.));
#7833 = DIRECTION('',(0.,1.,0.));
#7834 = ADVANCED_FACE('',(#7835),#7846,.F.);
#7835 = FACE_BOUND('',#7836,.F.);
#7836 = EDGE_LOOP('',(#7837,#7838,#7839,#7845));
#7837 = ORIENTED_EDGE('',*,*,#7806,.T.);
#7838 = ORIENTED_EDGE('',*,*,#7550,.T.);
#7839 = ORIENTED_EDGE('',*,*,#7840,.F.);
#7840 = EDGE_CURVE('',#7304,#7551,#7841,.T.);
#7841 = LINE('',#7842,#7843);
#7842 = CARTESIAN_POINT('',(-1.27,-1.524,0.));
#7843 = VECTOR('',#7844,1.);
#7844 = DIRECTION('',(0.,0.,1.));
#7845 = ORIENTED_EDGE('',*,*,#7303,.F.);
#7846 = PLANE('',#7847);
#7847 = AXIS2_PLACEMENT_3D('',#7848,#7849,#7850);
#7848 = CARTESIAN_POINT('',(-1.016,-1.27,0.));
#7849 = DIRECTION('',(0.707106781187,-0.707106781187,0.));
#7850 = DIRECTION('',(-0.707106781187,-0.707106781187,0.));
#7851 = ADVANCED_FACE('',(#7852),#7863,.F.);
#7852 = FACE_BOUND('',#7853,.F.);
#7853 = EDGE_LOOP('',(#7854,#7860,#7861,#7862));
#7854 = ORIENTED_EDGE('',*,*,#7855,.T.);
#7855 = EDGE_CURVE('',#7400,#7647,#7856,.T.);
#7856 = LINE('',#7857,#7858);
#7857 = CARTESIAN_POINT('',(1.016,-1.27,0.));
#7858 = VECTOR('',#7859,1.);
#7859 = DIRECTION('',(0.,0.,1.));
#7860 = ORIENTED_EDGE('',*,*,#7654,.T.);
#7861 = ORIENTED_EDGE('',*,*,#7821,.F.);
#7862 = ORIENTED_EDGE('',*,*,#7407,.F.);
#7863 = PLANE('',#7864);
#7864 = AXIS2_PLACEMENT_3D('',#7865,#7866,#7867);
#7865 = CARTESIAN_POINT('',(1.016,-1.27,0.));
#7866 = DIRECTION('',(-0.707106781187,0.707106781187,0.));
#7867 = DIRECTION('',(0.707106781187,0.707106781187,0.));
#7868 = ADVANCED_FACE('',(#7869),#7880,.F.);
#7869 = FACE_BOUND('',#7870,.F.);
#7870 = EDGE_LOOP('',(#7871,#7872,#7873,#7879));
#7871 = ORIENTED_EDGE('',*,*,#7840,.T.);
#7872 = ORIENTED_EDGE('',*,*,#7558,.T.);
#7873 = ORIENTED_EDGE('',*,*,#7874,.F.);
#7874 = EDGE_CURVE('',#7312,#7559,#7875,.T.);
#7875 = LINE('',#7876,#7877);
#7876 = CARTESIAN_POINT('',(-1.27,-3.556,0.));
#7877 = VECTOR('',#7878,1.);
#7878 = DIRECTION('',(0.,0.,1.));
#7879 = ORIENTED_EDGE('',*,*,#7311,.F.);
#7880 = PLANE('',#7881);
#7881 = AXIS2_PLACEMENT_3D('',#7882,#7883,#7884);
#7882 = CARTESIAN_POINT('',(-1.27,-1.524,0.));
#7883 = DIRECTION('',(1.,0.,0.));
#7884 = DIRECTION('',(0.,-1.,0.));
#7885 = ADVANCED_FACE('',(#7886),#7897,.F.);
#7886 = FACE_BOUND('',#7887,.F.);
#7887 = EDGE_LOOP('',(#7888,#7894,#7895,#7896));
#7888 = ORIENTED_EDGE('',*,*,#7889,.T.);
#7889 = EDGE_CURVE('',#7392,#7639,#7890,.T.);
#7890 = LINE('',#7891,#7892);
#7891 = CARTESIAN_POINT('',(1.27,-1.524,0.));
#7892 = VECTOR('',#7893,1.);
#7893 = DIRECTION('',(0.,0.,1.));
#7894 = ORIENTED_EDGE('',*,*,#7646,.T.);
#7895 = ORIENTED_EDGE('',*,*,#7855,.F.);
#7896 = ORIENTED_EDGE('',*,*,#7399,.F.);
#7897 = PLANE('',#7898);
#7898 = AXIS2_PLACEMENT_3D('',#7899,#7900,#7901);
#7899 = CARTESIAN_POINT('',(1.27,-1.524,0.));
#7900 = DIRECTION('',(-0.707106781187,-0.707106781187,0.));
#7901 = DIRECTION('',(-0.707106781187,0.707106781187,0.));
#7902 = ADVANCED_FACE('',(#7903),#7914,.F.);
#7903 = FACE_BOUND('',#7904,.F.);
#7904 = EDGE_LOOP('',(#7905,#7906,#7907,#7913));
#7905 = ORIENTED_EDGE('',*,*,#7874,.T.);
#7906 = ORIENTED_EDGE('',*,*,#7566,.T.);
#7907 = ORIENTED_EDGE('',*,*,#7908,.F.);
#7908 = EDGE_CURVE('',#7320,#7567,#7909,.T.);
#7909 = LINE('',#7910,#7911);
#7910 = CARTESIAN_POINT('',(-1.016,-3.81,0.));
#7911 = VECTOR('',#7912,1.);
#7912 = DIRECTION('',(0.,0.,1.));
#7913 = ORIENTED_EDGE('',*,*,#7319,.F.);
#7914 = PLANE('',#7915);
#7915 = AXIS2_PLACEMENT_3D('',#7916,#7917,#7918);
#7916 = CARTESIAN_POINT('',(-1.27,-3.556,0.));
#7917 = DIRECTION('',(0.707106781187,0.707106781187,0.));
#7918 = DIRECTION('',(0.707106781187,-0.707106781187,0.));
#7919 = ADVANCED_FACE('',(#7920),#7931,.F.);
#7920 = FACE_BOUND('',#7921,.F.);
#7921 = EDGE_LOOP('',(#7922,#7928,#7929,#7930));
#7922 = ORIENTED_EDGE('',*,*,#7923,.T.);
#7923 = EDGE_CURVE('',#7384,#7631,#7924,.T.);
#7924 = LINE('',#7925,#7926);
#7925 = CARTESIAN_POINT('',(1.27,-3.556,0.));
#7926 = VECTOR('',#7927,1.);
#7927 = DIRECTION('',(0.,0.,1.));
#7928 = ORIENTED_EDGE('',*,*,#7638,.T.);
#7929 = ORIENTED_EDGE('',*,*,#7889,.F.);
#7930 = ORIENTED_EDGE('',*,*,#7391,.F.);
#7931 = PLANE('',#7932);
#7932 = AXIS2_PLACEMENT_3D('',#7933,#7934,#7935);
#7933 = CARTESIAN_POINT('',(1.27,-3.556,0.));
#7934 = DIRECTION('',(-1.,0.,0.));
#7935 = DIRECTION('',(0.,1.,0.));
#7936 = ADVANCED_FACE('',(#7937),#7948,.F.);
#7937 = FACE_BOUND('',#7938,.F.);
#7938 = EDGE_LOOP('',(#7939,#7940,#7941,#7947));
#7939 = ORIENTED_EDGE('',*,*,#7908,.T.);
#7940 = ORIENTED_EDGE('',*,*,#7574,.T.);
#7941 = ORIENTED_EDGE('',*,*,#7942,.F.);
#7942 = EDGE_CURVE('',#7328,#7575,#7943,.T.);
#7943 = LINE('',#7944,#7945);
#7944 = CARTESIAN_POINT('',(-1.27,-4.064,0.));
#7945 = VECTOR('',#7946,1.);
#7946 = DIRECTION('',(0.,0.,1.));
#7947 = ORIENTED_EDGE('',*,*,#7327,.F.);
#7948 = PLANE('',#7949);
#7949 = AXIS2_PLACEMENT_3D('',#7950,#7951,#7952);
#7950 = CARTESIAN_POINT('',(-1.016,-3.81,0.));
#7951 = DIRECTION('',(0.707106781187,-0.707106781187,0.));
#7952 = DIRECTION('',(-0.707106781187,-0.707106781187,0.));
#7953 = ADVANCED_FACE('',(#7954),#7965,.F.);
#7954 = FACE_BOUND('',#7955,.F.);
#7955 = EDGE_LOOP('',(#7956,#7962,#7963,#7964));
#7956 = ORIENTED_EDGE('',*,*,#7957,.T.);
#7957 = EDGE_CURVE('',#7376,#7623,#7958,.T.);
#7958 = LINE('',#7959,#7960);
#7959 = CARTESIAN_POINT('',(1.016,-3.81,0.));
#7960 = VECTOR('',#7961,1.);
#7961 = DIRECTION('',(0.,0.,1.));
#7962 = ORIENTED_EDGE('',*,*,#7630,.T.);
#7963 = ORIENTED_EDGE('',*,*,#7923,.F.);
#7964 = ORIENTED_EDGE('',*,*,#7383,.F.);
#7965 = PLANE('',#7966);
#7966 = AXIS2_PLACEMENT_3D('',#7967,#7968,#7969);
#7967 = CARTESIAN_POINT('',(1.016,-3.81,0.));
#7968 = DIRECTION('',(-0.707106781187,0.707106781187,0.));
#7969 = DIRECTION('',(0.707106781187,0.707106781187,0.));
#7970 = ADVANCED_FACE('',(#7971),#7982,.F.);
#7971 = FACE_BOUND('',#7972,.F.);
#7972 = EDGE_LOOP('',(#7973,#7974,#7975,#7981));
#7973 = ORIENTED_EDGE('',*,*,#7942,.T.);
#7974 = ORIENTED_EDGE('',*,*,#7582,.T.);
#7975 = ORIENTED_EDGE('',*,*,#7976,.F.);
#7976 = EDGE_CURVE('',#7336,#7583,#7977,.T.);
#7977 = LINE('',#7978,#7979);
#7978 = CARTESIAN_POINT('',(-1.27,-6.096,0.));
#7979 = VECTOR('',#7980,1.);
#7980 = DIRECTION('',(0.,0.,1.));
#7981 = ORIENTED_EDGE('',*,*,#7335,.F.);
#7982 = PLANE('',#7983);
#7983 = AXIS2_PLACEMENT_3D('',#7984,#7985,#7986);
#7984 = CARTESIAN_POINT('',(-1.27,-4.064,0.));
#7985 = DIRECTION('',(1.,0.,0.));
#7986 = DIRECTION('',(0.,-1.,0.));
#7987 = ADVANCED_FACE('',(#7988),#7999,.F.);
#7988 = FACE_BOUND('',#7989,.F.);
#7989 = EDGE_LOOP('',(#7990,#7996,#7997,#7998));
#7990 = ORIENTED_EDGE('',*,*,#7991,.T.);
#7991 = EDGE_CURVE('',#7368,#7615,#7992,.T.);
#7992 = LINE('',#7993,#7994);
#7993 = CARTESIAN_POINT('',(1.27,-4.064,0.));
#7994 = VECTOR('',#7995,1.);
#7995 = DIRECTION('',(0.,0.,1.));
#7996 = ORIENTED_EDGE('',*,*,#7622,.T.);
#7997 = ORIENTED_EDGE('',*,*,#7957,.F.);
#7998 = ORIENTED_EDGE('',*,*,#7375,.F.);
#7999 = PLANE('',#8000);
#8000 = AXIS2_PLACEMENT_3D('',#8001,#8002,#8003);
#8001 = CARTESIAN_POINT('',(1.27,-4.064,0.));
#8002 = DIRECTION('',(-0.707106781187,-0.707106781187,0.));
#8003 = DIRECTION('',(-0.707106781187,0.707106781187,0.));
#8004 = ADVANCED_FACE('',(#8005),#8016,.F.);
#8005 = FACE_BOUND('',#8006,.F.);
#8006 = EDGE_LOOP('',(#8007,#8008,#8009,#8015));
#8007 = ORIENTED_EDGE('',*,*,#7976,.T.);
#8008 = ORIENTED_EDGE('',*,*,#7590,.T.);
#8009 = ORIENTED_EDGE('',*,*,#8010,.F.);
#8010 = EDGE_CURVE('',#7344,#7591,#8011,.T.);
#8011 = LINE('',#8012,#8013);
#8012 = CARTESIAN_POINT('',(-1.016,-6.35,0.));
#8013 = VECTOR('',#8014,1.);
#8014 = DIRECTION('',(0.,0.,1.));
#8015 = ORIENTED_EDGE('',*,*,#7343,.F.);
#8016 = PLANE('',#8017);
#8017 = AXIS2_PLACEMENT_3D('',#8018,#8019,#8020);
#8018 = CARTESIAN_POINT('',(-1.27,-6.096,0.));
#8019 = DIRECTION('',(0.707106781187,0.707106781187,0.));
#8020 = DIRECTION('',(0.707106781187,-0.707106781187,0.));
#8021 = ADVANCED_FACE('',(#8022),#8033,.F.);
#8022 = FACE_BOUND('',#8023,.F.);
#8023 = EDGE_LOOP('',(#8024,#8030,#8031,#8032));
#8024 = ORIENTED_EDGE('',*,*,#8025,.T.);
#8025 = EDGE_CURVE('',#7360,#7607,#8026,.T.);
#8026 = LINE('',#8027,#8028);
#8027 = CARTESIAN_POINT('',(1.27,-6.096,0.));
#8028 = VECTOR('',#8029,1.);
#8029 = DIRECTION('',(0.,0.,1.));
#8030 = ORIENTED_EDGE('',*,*,#7614,.T.);
#8031 = ORIENTED_EDGE('',*,*,#7991,.F.);
#8032 = ORIENTED_EDGE('',*,*,#7367,.F.);
#8033 = PLANE('',#8034);
#8034 = AXIS2_PLACEMENT_3D('',#8035,#8036,#8037);
#8035 = CARTESIAN_POINT('',(1.27,-6.096,0.));
#8036 = DIRECTION('',(-1.,0.,0.));
#8037 = DIRECTION('',(0.,1.,0.));
#8038 = ADVANCED_FACE('',(#8039),#8050,.F.);
#8039 = FACE_BOUND('',#8040,.F.);
#8040 = EDGE_LOOP('',(#8041,#8042,#8043,#8049));
#8041 = ORIENTED_EDGE('',*,*,#8010,.T.);
#8042 = ORIENTED_EDGE('',*,*,#7598,.T.);
#8043 = ORIENTED_EDGE('',*,*,#8044,.F.);
#8044 = EDGE_CURVE('',#7352,#7599,#8045,.T.);
#8045 = LINE('',#8046,#8047);
#8046 = CARTESIAN_POINT('',(1.016,-6.35,0.));
#8047 = VECTOR('',#8048,1.);
#8048 = DIRECTION('',(0.,0.,1.));
#8049 = ORIENTED_EDGE('',*,*,#7351,.F.);
#8050 = PLANE('',#8051);
#8051 = AXIS2_PLACEMENT_3D('',#8052,#8053,#8054);
#8052 = CARTESIAN_POINT('',(-1.016,-6.35,0.));
#8053 = DIRECTION('',(0.,1.,0.));
#8054 = DIRECTION('',(1.,0.,0.));
#8055 = ADVANCED_FACE('',(#8056),#8062,.F.);
#8056 = FACE_BOUND('',#8057,.F.);
#8057 = EDGE_LOOP('',(#8058,#8059,#8060,#8061));
#8058 = ORIENTED_EDGE('',*,*,#8044,.T.);
#8059 = ORIENTED_EDGE('',*,*,#7606,.T.);
#8060 = ORIENTED_EDGE('',*,*,#8025,.F.);
#8061 = ORIENTED_EDGE('',*,*,#7359,.F.);
#8062 = PLANE('',#8063);
#8063 = AXIS2_PLACEMENT_3D('',#8064,#8065,#8066);
#8064 = CARTESIAN_POINT('',(1.016,-6.35,0.));
#8065 = DIRECTION('',(-0.707106781187,0.707106781187,0.));
#8066 = DIRECTION('',(0.707106781187,0.707106781187,0.));
#8067 = ADVANCED_FACE('',(#8068),#8093,.T.);
#8068 = FACE_BOUND('',#8069,.T.);
#8069 = EDGE_LOOP('',(#8070,#8078,#8086,#8092));
#8070 = ORIENTED_EDGE('',*,*,#8071,.F.);
#8071 = EDGE_CURVE('',#8072,#7433,#8074,.T.);
#8072 = VERTEX_POINT('',#8073);
#8073 = CARTESIAN_POINT('',(0.32,-0.32,-2.84));
#8074 = LINE('',#8075,#8076);
#8075 = CARTESIAN_POINT('',(0.32,-0.32,-3.));
#8076 = VECTOR('',#8077,1.);
#8077 = DIRECTION('',(0.,0.,1.));
#8078 = ORIENTED_EDGE('',*,*,#8079,.T.);
#8079 = EDGE_CURVE('',#8072,#8080,#8082,.T.);
#8080 = VERTEX_POINT('',#8081);
#8081 = CARTESIAN_POINT('',(0.32,0.32,-2.84));
#8082 = LINE('',#8083,#8084);
#8083 = CARTESIAN_POINT('',(0.32,-0.32,-2.84));
#8084 = VECTOR('',#8085,1.);
#8085 = DIRECTION('',(0.,1.,0.));
#8086 = ORIENTED_EDGE('',*,*,#8087,.T.);
#8087 = EDGE_CURVE('',#8080,#7435,#8088,.T.);
#8088 = LINE('',#8089,#8090);
#8089 = CARTESIAN_POINT('',(0.32,0.32,-3.));
#8090 = VECTOR('',#8091,1.);
#8091 = DIRECTION('',(0.,0.,1.));
#8092 = ORIENTED_EDGE('',*,*,#7432,.F.);
#8093 = PLANE('',#8094);
#8094 = AXIS2_PLACEMENT_3D('',#8095,#8096,#8097);
#8095 = CARTESIAN_POINT('',(0.32,-0.32,-3.));
#8096 = DIRECTION('',(1.,0.,0.));
#8097 = DIRECTION('',(0.,0.,1.));
#8098 = ADVANCED_FACE('',(#8099),#8117,.T.);
#8099 = FACE_BOUND('',#8100,.T.);
#8100 = EDGE_LOOP('',(#8101,#8102,#8110,#8116));
#8101 = ORIENTED_EDGE('',*,*,#8087,.F.);
#8102 = ORIENTED_EDGE('',*,*,#8103,.F.);
#8103 = EDGE_CURVE('',#8104,#8080,#8106,.T.);
#8104 = VERTEX_POINT('',#8105);
#8105 = CARTESIAN_POINT('',(-0.32,0.32,-2.84));
#8106 = LINE('',#8107,#8108);
#8107 = CARTESIAN_POINT('',(-0.32,0.32,-2.84));
#8108 = VECTOR('',#8109,1.);
#8109 = DIRECTION('',(1.,0.,0.));
#8110 = ORIENTED_EDGE('',*,*,#8111,.T.);
#8111 = EDGE_CURVE('',#8104,#7451,#8112,.T.);
#8112 = LINE('',#8113,#8114);
#8113 = CARTESIAN_POINT('',(-0.32,0.32,-3.));
#8114 = VECTOR('',#8115,1.);
#8115 = DIRECTION('',(0.,0.,1.));
#8116 = ORIENTED_EDGE('',*,*,#7458,.F.);
#8117 = PLANE('',#8118);
#8118 = AXIS2_PLACEMENT_3D('',#8119,#8120,#8121);
#8119 = CARTESIAN_POINT('',(-0.32,0.32,-3.));
#8120 = DIRECTION('',(0.,1.,0.));
#8121 = DIRECTION('',(0.,-0.,1.));
#8122 = ADVANCED_FACE('',(#8123),#8141,.F.);
#8123 = FACE_BOUND('',#8124,.F.);
#8124 = EDGE_LOOP('',(#8125,#8133,#8139,#8140));
#8125 = ORIENTED_EDGE('',*,*,#8126,.F.);
#8126 = EDGE_CURVE('',#8127,#7443,#8129,.T.);
#8127 = VERTEX_POINT('',#8128);
#8128 = CARTESIAN_POINT('',(-0.32,-0.32,-2.84));
#8129 = LINE('',#8130,#8131);
#8130 = CARTESIAN_POINT('',(-0.32,-0.32,-3.));
#8131 = VECTOR('',#8132,1.);
#8132 = DIRECTION('',(0.,0.,1.));
#8133 = ORIENTED_EDGE('',*,*,#8134,.T.);
#8134 = EDGE_CURVE('',#8127,#8104,#8135,.T.);
#8135 = LINE('',#8136,#8137);
#8136 = CARTESIAN_POINT('',(-0.32,-0.32,-2.84));
#8137 = VECTOR('',#8138,1.);
#8138 = DIRECTION('',(0.,1.,0.));
#8139 = ORIENTED_EDGE('',*,*,#8111,.T.);
#8140 = ORIENTED_EDGE('',*,*,#7450,.F.);
#8141 = PLANE('',#8142);
#8142 = AXIS2_PLACEMENT_3D('',#8143,#8144,#8145);
#8143 = CARTESIAN_POINT('',(-0.32,-0.32,-3.));
#8144 = DIRECTION('',(1.,0.,0.));
#8145 = DIRECTION('',(0.,0.,1.));
#8146 = ADVANCED_FACE('',(#8147),#8158,.F.);
#8147 = FACE_BOUND('',#8148,.F.);
#8148 = EDGE_LOOP('',(#8149,#8150,#8156,#8157));
#8149 = ORIENTED_EDGE('',*,*,#8071,.F.);
#8150 = ORIENTED_EDGE('',*,*,#8151,.F.);
#8151 = EDGE_CURVE('',#8127,#8072,#8152,.T.);
#8152 = LINE('',#8153,#8154);
#8153 = CARTESIAN_POINT('',(-0.32,-0.32,-2.84));
#8154 = VECTOR('',#8155,1.);
#8155 = DIRECTION('',(1.,0.,0.));
#8156 = ORIENTED_EDGE('',*,*,#8126,.T.);
#8157 = ORIENTED_EDGE('',*,*,#7442,.F.);
#8158 = PLANE('',#8159);
#8159 = AXIS2_PLACEMENT_3D('',#8160,#8161,#8162);
#8160 = CARTESIAN_POINT('',(-0.32,-0.32,-3.));
#8161 = DIRECTION('',(0.,1.,0.));
#8162 = DIRECTION('',(0.,-0.,1.));
#8163 = ADVANCED_FACE('',(#8164),#8189,.F.);
#8164 = FACE_BOUND('',#8165,.F.);
#8165 = EDGE_LOOP('',(#8166,#8174,#8182,#8188));
#8166 = ORIENTED_EDGE('',*,*,#8167,.F.);
#8167 = EDGE_CURVE('',#8168,#7467,#8170,.T.);
#8168 = VERTEX_POINT('',#8169);
#8169 = CARTESIAN_POINT('',(0.32,-2.86,-2.84));
#8170 = LINE('',#8171,#8172);
#8171 = CARTESIAN_POINT('',(0.32,-2.86,-3.));
#8172 = VECTOR('',#8173,1.);
#8173 = DIRECTION('',(0.,0.,1.));
#8174 = ORIENTED_EDGE('',*,*,#8175,.F.);
#8175 = EDGE_CURVE('',#8176,#8168,#8178,.T.);
#8176 = VERTEX_POINT('',#8177);
#8177 = CARTESIAN_POINT('',(-0.32,-2.86,-2.84));
#8178 = LINE('',#8179,#8180);
#8179 = CARTESIAN_POINT('',(-0.32,-2.86,-2.84));
#8180 = VECTOR('',#8181,1.);
#8181 = DIRECTION('',(1.,0.,0.));
#8182 = ORIENTED_EDGE('',*,*,#8183,.T.);
#8183 = EDGE_CURVE('',#8176,#7469,#8184,.T.);
#8184 = LINE('',#8185,#8186);
#8185 = CARTESIAN_POINT('',(-0.32,-2.86,-3.));
#8186 = VECTOR('',#8187,1.);
#8187 = DIRECTION('',(0.,0.,1.));
#8188 = ORIENTED_EDGE('',*,*,#7466,.F.);
#8189 = PLANE('',#8190);
#8190 = AXIS2_PLACEMENT_3D('',#8191,#8192,#8193);
#8191 = CARTESIAN_POINT('',(-0.32,-2.86,-3.));
#8192 = DIRECTION('',(0.,1.,0.));
#8193 = DIRECTION('',(0.,-0.,1.));
#8194 = ADVANCED_FACE('',(#8195),#8213,.T.);
#8195 = FACE_BOUND('',#8196,.T.);
#8196 = EDGE_LOOP('',(#8197,#8198,#8206,#8212));
#8197 = ORIENTED_EDGE('',*,*,#8167,.F.);
#8198 = ORIENTED_EDGE('',*,*,#8199,.T.);
#8199 = EDGE_CURVE('',#8168,#8200,#8202,.T.);
#8200 = VERTEX_POINT('',#8201);
#8201 = CARTESIAN_POINT('',(0.32,-2.22,-2.84));
#8202 = LINE('',#8203,#8204);
#8203 = CARTESIAN_POINT('',(0.32,-2.86,-2.84));
#8204 = VECTOR('',#8205,1.);
#8205 = DIRECTION('',(0.,1.,0.));
#8206 = ORIENTED_EDGE('',*,*,#8207,.T.);
#8207 = EDGE_CURVE('',#8200,#7485,#8208,.T.);
#8208 = LINE('',#8209,#8210);
#8209 = CARTESIAN_POINT('',(0.32,-2.22,-3.));
#8210 = VECTOR('',#8211,1.);
#8211 = DIRECTION('',(0.,0.,1.));
#8212 = ORIENTED_EDGE('',*,*,#7492,.F.);
#8213 = PLANE('',#8214);
#8214 = AXIS2_PLACEMENT_3D('',#8215,#8216,#8217);
#8215 = CARTESIAN_POINT('',(0.32,-2.86,-3.));
#8216 = DIRECTION('',(1.,0.,0.));
#8217 = DIRECTION('',(0.,0.,1.));
#8218 = ADVANCED_FACE('',(#8219),#8237,.T.);
#8219 = FACE_BOUND('',#8220,.T.);
#8220 = EDGE_LOOP('',(#8221,#8222,#8230,#8236));
#8221 = ORIENTED_EDGE('',*,*,#8207,.F.);
#8222 = ORIENTED_EDGE('',*,*,#8223,.F.);
#8223 = EDGE_CURVE('',#8224,#8200,#8226,.T.);
#8224 = VERTEX_POINT('',#8225);
#8225 = CARTESIAN_POINT('',(-0.32,-2.22,-2.84));
#8226 = LINE('',#8227,#8228);
#8227 = CARTESIAN_POINT('',(-0.32,-2.22,-2.84));
#8228 = VECTOR('',#8229,1.);
#8229 = DIRECTION('',(1.,0.,0.));
#8230 = ORIENTED_EDGE('',*,*,#8231,.T.);
#8231 = EDGE_CURVE('',#8224,#7477,#8232,.T.);
#8232 = LINE('',#8233,#8234);
#8233 = CARTESIAN_POINT('',(-0.32,-2.22,-3.));
#8234 = VECTOR('',#8235,1.);
#8235 = DIRECTION('',(0.,0.,1.));
#8236 = ORIENTED_EDGE('',*,*,#7484,.F.);
#8237 = PLANE('',#8238);
#8238 = AXIS2_PLACEMENT_3D('',#8239,#8240,#8241);
#8239 = CARTESIAN_POINT('',(-0.32,-2.22,-3.));
#8240 = DIRECTION('',(0.,1.,0.));
#8241 = DIRECTION('',(0.,-0.,1.));
#8242 = ADVANCED_FACE('',(#8243),#8254,.F.);
#8243 = FACE_BOUND('',#8244,.F.);
#8244 = EDGE_LOOP('',(#8245,#8246,#8252,#8253));
#8245 = ORIENTED_EDGE('',*,*,#8183,.F.);
#8246 = ORIENTED_EDGE('',*,*,#8247,.T.);
#8247 = EDGE_CURVE('',#8176,#8224,#8248,.T.);
#8248 = LINE('',#8249,#8250);
#8249 = CARTESIAN_POINT('',(-0.32,-2.86,-2.84));
#8250 = VECTOR('',#8251,1.);
#8251 = DIRECTION('',(0.,1.,0.));
#8252 = ORIENTED_EDGE('',*,*,#8231,.T.);
#8253 = ORIENTED_EDGE('',*,*,#7476,.F.);
#8254 = PLANE('',#8255);
#8255 = AXIS2_PLACEMENT_3D('',#8256,#8257,#8258);
#8256 = CARTESIAN_POINT('',(-0.32,-2.86,-3.));
#8257 = DIRECTION('',(1.,0.,0.));
#8258 = DIRECTION('',(0.,0.,1.));
#8259 = ADVANCED_FACE('',(#8260),#8285,.T.);
#8260 = FACE_BOUND('',#8261,.T.);
#8261 = EDGE_LOOP('',(#8262,#8270,#8278,#8284));
#8262 = ORIENTED_EDGE('',*,*,#8263,.F.);
#8263 = EDGE_CURVE('',#8264,#7501,#8266,.T.);
#8264 = VERTEX_POINT('',#8265);
#8265 = CARTESIAN_POINT('',(0.32,-4.76,-2.84));
#8266 = LINE('',#8267,#8268);
#8267 = CARTESIAN_POINT('',(0.32,-4.76,-3.));
#8268 = VECTOR('',#8269,1.);
#8269 = DIRECTION('',(0.,0.,1.));
#8270 = ORIENTED_EDGE('',*,*,#8271,.F.);
#8271 = EDGE_CURVE('',#8272,#8264,#8274,.T.);
#8272 = VERTEX_POINT('',#8273);
#8273 = CARTESIAN_POINT('',(-0.32,-4.76,-2.84));
#8274 = LINE('',#8275,#8276);
#8275 = CARTESIAN_POINT('',(-0.32,-4.76,-2.84));
#8276 = VECTOR('',#8277,1.);
#8277 = DIRECTION('',(1.,0.,0.));
#8278 = ORIENTED_EDGE('',*,*,#8279,.T.);
#8279 = EDGE_CURVE('',#8272,#7503,#8280,.T.);
#8280 = LINE('',#8281,#8282);
#8281 = CARTESIAN_POINT('',(-0.32,-4.76,-3.));
#8282 = VECTOR('',#8283,1.);
#8283 = DIRECTION('',(0.,0.,1.));
#8284 = ORIENTED_EDGE('',*,*,#7500,.F.);
#8285 = PLANE('',#8286);
#8286 = AXIS2_PLACEMENT_3D('',#8287,#8288,#8289);
#8287 = CARTESIAN_POINT('',(-0.32,-4.76,-3.));
#8288 = DIRECTION('',(0.,1.,0.));
#8289 = DIRECTION('',(0.,-0.,1.));
#8290 = ADVANCED_FACE('',(#8291),#8309,.F.);
#8291 = FACE_BOUND('',#8292,.F.);
#8292 = EDGE_LOOP('',(#8293,#8301,#8307,#8308));
#8293 = ORIENTED_EDGE('',*,*,#8294,.F.);
#8294 = EDGE_CURVE('',#8295,#7519,#8297,.T.);
#8295 = VERTEX_POINT('',#8296);
#8296 = CARTESIAN_POINT('',(-0.32,-5.4,-2.84));
#8297 = LINE('',#8298,#8299);
#8298 = CARTESIAN_POINT('',(-0.32,-5.4,-3.));
#8299 = VECTOR('',#8300,1.);
#8300 = DIRECTION('',(0.,0.,1.));
#8301 = ORIENTED_EDGE('',*,*,#8302,.T.);
#8302 = EDGE_CURVE('',#8295,#8272,#8303,.T.);
#8303 = LINE('',#8304,#8305);
#8304 = CARTESIAN_POINT('',(-0.32,-5.4,-2.84));
#8305 = VECTOR('',#8306,1.);
#8306 = DIRECTION('',(0.,1.,0.));
#8307 = ORIENTED_EDGE('',*,*,#8279,.T.);
#8308 = ORIENTED_EDGE('',*,*,#7526,.F.);
#8309 = PLANE('',#8310);
#8310 = AXIS2_PLACEMENT_3D('',#8311,#8312,#8313);
#8311 = CARTESIAN_POINT('',(-0.32,-5.4,-3.));
#8312 = DIRECTION('',(1.,0.,0.));
#8313 = DIRECTION('',(0.,0.,1.));
#8314 = ADVANCED_FACE('',(#8315),#8333,.F.);
#8315 = FACE_BOUND('',#8316,.F.);
#8316 = EDGE_LOOP('',(#8317,#8325,#8331,#8332));
#8317 = ORIENTED_EDGE('',*,*,#8318,.F.);
#8318 = EDGE_CURVE('',#8319,#7511,#8321,.T.);
#8319 = VERTEX_POINT('',#8320);
#8320 = CARTESIAN_POINT('',(0.32,-5.4,-2.84));
#8321 = LINE('',#8322,#8323);
#8322 = CARTESIAN_POINT('',(0.32,-5.4,-3.));
#8323 = VECTOR('',#8324,1.);
#8324 = DIRECTION('',(0.,0.,1.));
#8325 = ORIENTED_EDGE('',*,*,#8326,.F.);
#8326 = EDGE_CURVE('',#8295,#8319,#8327,.T.);
#8327 = LINE('',#8328,#8329);
#8328 = CARTESIAN_POINT('',(-0.32,-5.4,-2.84));
#8329 = VECTOR('',#8330,1.);
#8330 = DIRECTION('',(1.,0.,0.));
#8331 = ORIENTED_EDGE('',*,*,#8294,.T.);
#8332 = ORIENTED_EDGE('',*,*,#7518,.F.);
#8333 = PLANE('',#8334);
#8334 = AXIS2_PLACEMENT_3D('',#8335,#8336,#8337);
#8335 = CARTESIAN_POINT('',(-0.32,-5.4,-3.));
#8336 = DIRECTION('',(0.,1.,0.));
#8337 = DIRECTION('',(0.,-0.,1.));
#8338 = ADVANCED_FACE('',(#8339),#8350,.T.);
#8339 = FACE_BOUND('',#8340,.T.);
#8340 = EDGE_LOOP('',(#8341,#8342,#8348,#8349));
#8341 = ORIENTED_EDGE('',*,*,#8318,.F.);
#8342 = ORIENTED_EDGE('',*,*,#8343,.T.);
#8343 = EDGE_CURVE('',#8319,#8264,#8344,.T.);
#8344 = LINE('',#8345,#8346);
#8345 = CARTESIAN_POINT('',(0.32,-5.4,-2.84));
#8346 = VECTOR('',#8347,1.);
#8347 = DIRECTION('',(0.,1.,0.));
#8348 = ORIENTED_EDGE('',*,*,#8263,.T.);
#8349 = ORIENTED_EDGE('',*,*,#7510,.F.);
#8350 = PLANE('',#8351);
#8351 = AXIS2_PLACEMENT_3D('',#8352,#8353,#8354);
#8352 = CARTESIAN_POINT('',(0.32,-5.4,-3.));
#8353 = DIRECTION('',(1.,0.,0.));
#8354 = DIRECTION('',(0.,0.,1.));
#8355 = ADVANCED_FACE('',(#8356),#8381,.T.);
#8356 = FACE_BOUND('',#8357,.T.);
#8357 = EDGE_LOOP('',(#8358,#8366,#8367,#8375));
#8358 = ORIENTED_EDGE('',*,*,#8359,.F.);
#8359 = EDGE_CURVE('',#7680,#8360,#8362,.T.);
#8360 = VERTEX_POINT('',#8361);
#8361 = CARTESIAN_POINT('',(0.32,-0.32,8.38));
#8362 = LINE('',#8363,#8364);
#8363 = CARTESIAN_POINT('',(0.32,-0.32,-3.));
#8364 = VECTOR('',#8365,1.);
#8365 = DIRECTION('',(0.,0.,1.));
#8366 = ORIENTED_EDGE('',*,*,#7679,.T.);
#8367 = ORIENTED_EDGE('',*,*,#8368,.T.);
#8368 = EDGE_CURVE('',#7682,#8369,#8371,.T.);
#8369 = VERTEX_POINT('',#8370);
#8370 = CARTESIAN_POINT('',(0.32,0.32,8.38));
#8371 = LINE('',#8372,#8373);
#8372 = CARTESIAN_POINT('',(0.32,0.32,-3.));
#8373 = VECTOR('',#8374,1.);
#8374 = DIRECTION('',(0.,0.,1.));
#8375 = ORIENTED_EDGE('',*,*,#8376,.F.);
#8376 = EDGE_CURVE('',#8360,#8369,#8377,.T.);
#8377 = LINE('',#8378,#8379);
#8378 = CARTESIAN_POINT('',(0.32,-0.32,8.38));
#8379 = VECTOR('',#8380,1.);
#8380 = DIRECTION('',(0.,1.,0.));
#8381 = PLANE('',#8382);
#8382 = AXIS2_PLACEMENT_3D('',#8383,#8384,#8385);
#8383 = CARTESIAN_POINT('',(0.32,-0.32,-3.));
#8384 = DIRECTION('',(1.,0.,0.));
#8385 = DIRECTION('',(0.,0.,1.));
#8386 = ADVANCED_FACE('',(#8387),#8405,.T.);
#8387 = FACE_BOUND('',#8388,.T.);
#8388 = EDGE_LOOP('',(#8389,#8390,#8391,#8399));
#8389 = ORIENTED_EDGE('',*,*,#8368,.F.);
#8390 = ORIENTED_EDGE('',*,*,#7705,.T.);
#8391 = ORIENTED_EDGE('',*,*,#8392,.T.);
#8392 = EDGE_CURVE('',#7698,#8393,#8395,.T.);
#8393 = VERTEX_POINT('',#8394);
#8394 = CARTESIAN_POINT('',(-0.32,0.32,8.38));
#8395 = LINE('',#8396,#8397);
#8396 = CARTESIAN_POINT('',(-0.32,0.32,-3.));
#8397 = VECTOR('',#8398,1.);
#8398 = DIRECTION('',(0.,0.,1.));
#8399 = ORIENTED_EDGE('',*,*,#8400,.T.);
#8400 = EDGE_CURVE('',#8393,#8369,#8401,.T.);
#8401 = LINE('',#8402,#8403);
#8402 = CARTESIAN_POINT('',(-0.32,0.32,8.38));
#8403 = VECTOR('',#8404,1.);
#8404 = DIRECTION('',(1.,0.,0.));
#8405 = PLANE('',#8406);
#8406 = AXIS2_PLACEMENT_3D('',#8407,#8408,#8409);
#8407 = CARTESIAN_POINT('',(-0.32,0.32,-3.));
#8408 = DIRECTION('',(0.,1.,0.));
#8409 = DIRECTION('',(0.,-0.,1.));
#8410 = ADVANCED_FACE('',(#8411),#8429,.F.);
#8411 = FACE_BOUND('',#8412,.F.);
#8412 = EDGE_LOOP('',(#8413,#8421,#8422,#8423));
#8413 = ORIENTED_EDGE('',*,*,#8414,.F.);
#8414 = EDGE_CURVE('',#7690,#8415,#8417,.T.);
#8415 = VERTEX_POINT('',#8416);
#8416 = CARTESIAN_POINT('',(-0.32,-0.32,8.38));
#8417 = LINE('',#8418,#8419);
#8418 = CARTESIAN_POINT('',(-0.32,-0.32,-3.));
#8419 = VECTOR('',#8420,1.);
#8420 = DIRECTION('',(0.,0.,1.));
#8421 = ORIENTED_EDGE('',*,*,#7697,.T.);
#8422 = ORIENTED_EDGE('',*,*,#8392,.T.);
#8423 = ORIENTED_EDGE('',*,*,#8424,.F.);
#8424 = EDGE_CURVE('',#8415,#8393,#8425,.T.);
#8425 = LINE('',#8426,#8427);
#8426 = CARTESIAN_POINT('',(-0.32,-0.32,8.38));
#8427 = VECTOR('',#8428,1.);
#8428 = DIRECTION('',(0.,1.,0.));
#8429 = PLANE('',#8430);
#8430 = AXIS2_PLACEMENT_3D('',#8431,#8432,#8433);
#8431 = CARTESIAN_POINT('',(-0.32,-0.32,-3.));
#8432 = DIRECTION('',(1.,0.,0.));
#8433 = DIRECTION('',(0.,0.,1.));
#8434 = ADVANCED_FACE('',(#8435),#8446,.F.);
#8435 = FACE_BOUND('',#8436,.F.);
#8436 = EDGE_LOOP('',(#8437,#8438,#8439,#8440));
#8437 = ORIENTED_EDGE('',*,*,#8359,.F.);
#8438 = ORIENTED_EDGE('',*,*,#7689,.T.);
#8439 = ORIENTED_EDGE('',*,*,#8414,.T.);
#8440 = ORIENTED_EDGE('',*,*,#8441,.T.);
#8441 = EDGE_CURVE('',#8415,#8360,#8442,.T.);
#8442 = LINE('',#8443,#8444);
#8443 = CARTESIAN_POINT('',(-0.32,-0.32,8.38));
#8444 = VECTOR('',#8445,1.);
#8445 = DIRECTION('',(1.,0.,0.));
#8446 = PLANE('',#8447);
#8447 = AXIS2_PLACEMENT_3D('',#8448,#8449,#8450);
#8448 = CARTESIAN_POINT('',(-0.32,-0.32,-3.));
#8449 = DIRECTION('',(0.,1.,0.));
#8450 = DIRECTION('',(0.,-0.,1.));
#8451 = ADVANCED_FACE('',(#8452),#8477,.F.);
#8452 = FACE_BOUND('',#8453,.F.);
#8453 = EDGE_LOOP('',(#8454,#8462,#8463,#8471));
#8454 = ORIENTED_EDGE('',*,*,#8455,.F.);
#8455 = EDGE_CURVE('',#7714,#8456,#8458,.T.);
#8456 = VERTEX_POINT('',#8457);
#8457 = CARTESIAN_POINT('',(0.32,-2.86,8.38));
#8458 = LINE('',#8459,#8460);
#8459 = CARTESIAN_POINT('',(0.32,-2.86,-3.));
#8460 = VECTOR('',#8461,1.);
#8461 = DIRECTION('',(0.,0.,1.));
#8462 = ORIENTED_EDGE('',*,*,#7713,.T.);
#8463 = ORIENTED_EDGE('',*,*,#8464,.T.);
#8464 = EDGE_CURVE('',#7716,#8465,#8467,.T.);
#8465 = VERTEX_POINT('',#8466);
#8466 = CARTESIAN_POINT('',(-0.32,-2.86,8.38));
#8467 = LINE('',#8468,#8469);
#8468 = CARTESIAN_POINT('',(-0.32,-2.86,-3.));
#8469 = VECTOR('',#8470,1.);
#8470 = DIRECTION('',(0.,0.,1.));
#8471 = ORIENTED_EDGE('',*,*,#8472,.T.);
#8472 = EDGE_CURVE('',#8465,#8456,#8473,.T.);
#8473 = LINE('',#8474,#8475);
#8474 = CARTESIAN_POINT('',(-0.32,-2.86,8.38));
#8475 = VECTOR('',#8476,1.);
#8476 = DIRECTION('',(1.,0.,0.));
#8477 = PLANE('',#8478);
#8478 = AXIS2_PLACEMENT_3D('',#8479,#8480,#8481);
#8479 = CARTESIAN_POINT('',(-0.32,-2.86,-3.));
#8480 = DIRECTION('',(0.,1.,0.));
#8481 = DIRECTION('',(0.,-0.,1.));
#8482 = ADVANCED_FACE('',(#8483),#8501,.T.);
#8483 = FACE_BOUND('',#8484,.T.);
#8484 = EDGE_LOOP('',(#8485,#8486,#8487,#8495));
#8485 = ORIENTED_EDGE('',*,*,#8455,.F.);
#8486 = ORIENTED_EDGE('',*,*,#7739,.T.);
#8487 = ORIENTED_EDGE('',*,*,#8488,.T.);
#8488 = EDGE_CURVE('',#7732,#8489,#8491,.T.);
#8489 = VERTEX_POINT('',#8490);
#8490 = CARTESIAN_POINT('',(0.32,-2.22,8.38));
#8491 = LINE('',#8492,#8493);
#8492 = CARTESIAN_POINT('',(0.32,-2.22,-3.));
#8493 = VECTOR('',#8494,1.);
#8494 = DIRECTION('',(0.,0.,1.));
#8495 = ORIENTED_EDGE('',*,*,#8496,.F.);
#8496 = EDGE_CURVE('',#8456,#8489,#8497,.T.);
#8497 = LINE('',#8498,#8499);
#8498 = CARTESIAN_POINT('',(0.32,-2.86,8.38));
#8499 = VECTOR('',#8500,1.);
#8500 = DIRECTION('',(0.,1.,0.));
#8501 = PLANE('',#8502);
#8502 = AXIS2_PLACEMENT_3D('',#8503,#8504,#8505);
#8503 = CARTESIAN_POINT('',(0.32,-2.86,-3.));
#8504 = DIRECTION('',(1.,0.,0.));
#8505 = DIRECTION('',(0.,0.,1.));
#8506 = ADVANCED_FACE('',(#8507),#8525,.T.);
#8507 = FACE_BOUND('',#8508,.T.);
#8508 = EDGE_LOOP('',(#8509,#8510,#8511,#8519));
#8509 = ORIENTED_EDGE('',*,*,#8488,.F.);
#8510 = ORIENTED_EDGE('',*,*,#7731,.T.);
#8511 = ORIENTED_EDGE('',*,*,#8512,.T.);
#8512 = EDGE_CURVE('',#7724,#8513,#8515,.T.);
#8513 = VERTEX_POINT('',#8514);
#8514 = CARTESIAN_POINT('',(-0.32,-2.22,8.38));
#8515 = LINE('',#8516,#8517);
#8516 = CARTESIAN_POINT('',(-0.32,-2.22,-3.));
#8517 = VECTOR('',#8518,1.);
#8518 = DIRECTION('',(0.,0.,1.));
#8519 = ORIENTED_EDGE('',*,*,#8520,.T.);
#8520 = EDGE_CURVE('',#8513,#8489,#8521,.T.);
#8521 = LINE('',#8522,#8523);
#8522 = CARTESIAN_POINT('',(-0.32,-2.22,8.38));
#8523 = VECTOR('',#8524,1.);
#8524 = DIRECTION('',(1.,0.,0.));
#8525 = PLANE('',#8526);
#8526 = AXIS2_PLACEMENT_3D('',#8527,#8528,#8529);
#8527 = CARTESIAN_POINT('',(-0.32,-2.22,-3.));
#8528 = DIRECTION('',(0.,1.,0.));
#8529 = DIRECTION('',(0.,-0.,1.));
#8530 = ADVANCED_FACE('',(#8531),#8542,.F.);
#8531 = FACE_BOUND('',#8532,.F.);
#8532 = EDGE_LOOP('',(#8533,#8534,#8535,#8536));
#8533 = ORIENTED_EDGE('',*,*,#8464,.F.);
#8534 = ORIENTED_EDGE('',*,*,#7723,.T.);
#8535 = ORIENTED_EDGE('',*,*,#8512,.T.);
#8536 = ORIENTED_EDGE('',*,*,#8537,.F.);
#8537 = EDGE_CURVE('',#8465,#8513,#8538,.T.);
#8538 = LINE('',#8539,#8540);
#8539 = CARTESIAN_POINT('',(-0.32,-2.86,8.38));
#8540 = VECTOR('',#8541,1.);
#8541 = DIRECTION('',(0.,1.,0.));
#8542 = PLANE('',#8543);
#8543 = AXIS2_PLACEMENT_3D('',#8544,#8545,#8546);
#8544 = CARTESIAN_POINT('',(-0.32,-2.86,-3.));
#8545 = DIRECTION('',(1.,0.,0.));
#8546 = DIRECTION('',(0.,0.,1.));
#8547 = ADVANCED_FACE('',(#8548),#8573,.T.);
#8548 = FACE_BOUND('',#8549,.T.);
#8549 = EDGE_LOOP('',(#8550,#8558,#8559,#8567));
#8550 = ORIENTED_EDGE('',*,*,#8551,.F.);
#8551 = EDGE_CURVE('',#7748,#8552,#8554,.T.);
#8552 = VERTEX_POINT('',#8553);
#8553 = CARTESIAN_POINT('',(0.32,-4.76,8.38));
#8554 = LINE('',#8555,#8556);
#8555 = CARTESIAN_POINT('',(0.32,-4.76,-3.));
#8556 = VECTOR('',#8557,1.);
#8557 = DIRECTION('',(0.,0.,1.));
#8558 = ORIENTED_EDGE('',*,*,#7747,.T.);
#8559 = ORIENTED_EDGE('',*,*,#8560,.T.);
#8560 = EDGE_CURVE('',#7750,#8561,#8563,.T.);
#8561 = VERTEX_POINT('',#8562);
#8562 = CARTESIAN_POINT('',(-0.32,-4.76,8.38));
#8563 = LINE('',#8564,#8565);
#8564 = CARTESIAN_POINT('',(-0.32,-4.76,-3.));
#8565 = VECTOR('',#8566,1.);
#8566 = DIRECTION('',(0.,0.,1.));
#8567 = ORIENTED_EDGE('',*,*,#8568,.T.);
#8568 = EDGE_CURVE('',#8561,#8552,#8569,.T.);
#8569 = LINE('',#8570,#8571);
#8570 = CARTESIAN_POINT('',(-0.32,-4.76,8.38));
#8571 = VECTOR('',#8572,1.);
#8572 = DIRECTION('',(1.,0.,0.));
#8573 = PLANE('',#8574);
#8574 = AXIS2_PLACEMENT_3D('',#8575,#8576,#8577);
#8575 = CARTESIAN_POINT('',(-0.32,-4.76,-3.));
#8576 = DIRECTION('',(0.,1.,0.));
#8577 = DIRECTION('',(0.,-0.,1.));
#8578 = ADVANCED_FACE('',(#8579),#8597,.F.);
#8579 = FACE_BOUND('',#8580,.F.);
#8580 = EDGE_LOOP('',(#8581,#8589,#8590,#8591));
#8581 = ORIENTED_EDGE('',*,*,#8582,.F.);
#8582 = EDGE_CURVE('',#7766,#8583,#8585,.T.);
#8583 = VERTEX_POINT('',#8584);
#8584 = CARTESIAN_POINT('',(-0.32,-5.4,8.38));
#8585 = LINE('',#8586,#8587);
#8586 = CARTESIAN_POINT('',(-0.32,-5.4,-3.));
#8587 = VECTOR('',#8588,1.);
#8588 = DIRECTION('',(0.,0.,1.));
#8589 = ORIENTED_EDGE('',*,*,#7773,.T.);
#8590 = ORIENTED_EDGE('',*,*,#8560,.T.);
#8591 = ORIENTED_EDGE('',*,*,#8592,.F.);
#8592 = EDGE_CURVE('',#8583,#8561,#8593,.T.);
#8593 = LINE('',#8594,#8595);
#8594 = CARTESIAN_POINT('',(-0.32,-5.4,8.38));
#8595 = VECTOR('',#8596,1.);
#8596 = DIRECTION('',(0.,1.,0.));
#8597 = PLANE('',#8598);
#8598 = AXIS2_PLACEMENT_3D('',#8599,#8600,#8601);
#8599 = CARTESIAN_POINT('',(-0.32,-5.4,-3.));
#8600 = DIRECTION('',(1.,0.,0.));
#8601 = DIRECTION('',(0.,0.,1.));
#8602 = ADVANCED_FACE('',(#8603),#8621,.F.);
#8603 = FACE_BOUND('',#8604,.F.);
#8604 = EDGE_LOOP('',(#8605,#8613,#8614,#8615));
#8605 = ORIENTED_EDGE('',*,*,#8606,.F.);
#8606 = EDGE_CURVE('',#7758,#8607,#8609,.T.);
#8607 = VERTEX_POINT('',#8608);
#8608 = CARTESIAN_POINT('',(0.32,-5.4,8.38));
#8609 = LINE('',#8610,#8611);
#8610 = CARTESIAN_POINT('',(0.32,-5.4,-3.));
#8611 = VECTOR('',#8612,1.);
#8612 = DIRECTION('',(0.,0.,1.));
#8613 = ORIENTED_EDGE('',*,*,#7765,.T.);
#8614 = ORIENTED_EDGE('',*,*,#8582,.T.);
#8615 = ORIENTED_EDGE('',*,*,#8616,.T.);
#8616 = EDGE_CURVE('',#8583,#8607,#8617,.T.);
#8617 = LINE('',#8618,#8619);
#8618 = CARTESIAN_POINT('',(-0.32,-5.4,8.38));
#8619 = VECTOR('',#8620,1.);
#8620 = DIRECTION('',(1.,0.,0.));
#8621 = PLANE('',#8622);
#8622 = AXIS2_PLACEMENT_3D('',#8623,#8624,#8625);
#8623 = CARTESIAN_POINT('',(-0.32,-5.4,-3.));
#8624 = DIRECTION('',(0.,1.,0.));
#8625 = DIRECTION('',(0.,-0.,1.));
#8626 = ADVANCED_FACE('',(#8627),#8638,.T.);
#8627 = FACE_BOUND('',#8628,.T.);
#8628 = EDGE_LOOP('',(#8629,#8630,#8631,#8632));
#8629 = ORIENTED_EDGE('',*,*,#8606,.F.);
#8630 = ORIENTED_EDGE('',*,*,#7757,.T.);
#8631 = ORIENTED_EDGE('',*,*,#8551,.T.);
#8632 = ORIENTED_EDGE('',*,*,#8633,.F.);
#8633 = EDGE_CURVE('',#8607,#8552,#8634,.T.);
#8634 = LINE('',#8635,#8636);
#8635 = CARTESIAN_POINT('',(0.32,-5.4,8.38));
#8636 = VECTOR('',#8637,1.);
#8637 = DIRECTION('',(0.,1.,0.));
#8638 = PLANE('',#8639);
#8639 = AXIS2_PLACEMENT_3D('',#8640,#8641,#8642);
#8640 = CARTESIAN_POINT('',(0.32,-5.4,-3.));
#8641 = DIRECTION('',(1.,0.,0.));
#8642 = DIRECTION('',(0.,0.,1.));
#8643 = ADVANCED_FACE('',(#8644),#8669,.F.);
#8644 = FACE_BOUND('',#8645,.F.);
#8645 = EDGE_LOOP('',(#8646,#8654,#8655,#8663));
#8646 = ORIENTED_EDGE('',*,*,#8647,.F.);
#8647 = EDGE_CURVE('',#8072,#8648,#8650,.T.);
#8648 = VERTEX_POINT('',#8649);
#8649 = CARTESIAN_POINT('',(0.16,-0.16,-3.));
#8650 = LINE('',#8651,#8652);
#8651 = CARTESIAN_POINT('',(0.16,-0.16,-3.));
#8652 = VECTOR('',#8653,1.);
#8653 = DIRECTION('',(-0.57735026919,0.57735026919,-0.57735026919));
#8654 = ORIENTED_EDGE('',*,*,#8079,.T.);
#8655 = ORIENTED_EDGE('',*,*,#8656,.T.);
#8656 = EDGE_CURVE('',#8080,#8657,#8659,.T.);
#8657 = VERTEX_POINT('',#8658);
#8658 = CARTESIAN_POINT('',(0.16,0.16,-3.));
#8659 = LINE('',#8660,#8661);
#8660 = CARTESIAN_POINT('',(5.333333333333E-02,5.333333333333E-02,
    -3.106666666667));
#8661 = VECTOR('',#8662,1.);
#8662 = DIRECTION('',(-0.57735026919,-0.57735026919,-0.57735026919));
#8663 = ORIENTED_EDGE('',*,*,#8664,.F.);
#8664 = EDGE_CURVE('',#8648,#8657,#8665,.T.);
#8665 = LINE('',#8666,#8667);
#8666 = CARTESIAN_POINT('',(0.16,-0.32,-3.));
#8667 = VECTOR('',#8668,1.);
#8668 = DIRECTION('',(0.,1.,0.));
#8669 = PLANE('',#8670);
#8670 = AXIS2_PLACEMENT_3D('',#8671,#8672,#8673);
#8671 = CARTESIAN_POINT('',(0.24,-0.32,-2.92));
#8672 = DIRECTION('',(-0.707106781187,1.735167508357E-18,0.707106781187)
  );
#8673 = DIRECTION('',(1.226948711654E-18,1.,-1.226948711654E-18));
#8674 = ADVANCED_FACE('',(#8675),#8693,.F.);
#8675 = FACE_BOUND('',#8676,.T.);
#8676 = EDGE_LOOP('',(#8677,#8685,#8686,#8687));
#8677 = ORIENTED_EDGE('',*,*,#8678,.F.);
#8678 = EDGE_CURVE('',#8104,#8679,#8681,.T.);
#8679 = VERTEX_POINT('',#8680);
#8680 = CARTESIAN_POINT('',(-0.16,0.16,-3.));
#8681 = LINE('',#8682,#8683);
#8682 = CARTESIAN_POINT('',(-0.16,0.16,-3.));
#8683 = VECTOR('',#8684,1.);
#8684 = DIRECTION('',(0.57735026919,-0.57735026919,-0.57735026919));
#8685 = ORIENTED_EDGE('',*,*,#8103,.T.);
#8686 = ORIENTED_EDGE('',*,*,#8656,.T.);
#8687 = ORIENTED_EDGE('',*,*,#8688,.F.);
#8688 = EDGE_CURVE('',#8679,#8657,#8689,.T.);
#8689 = LINE('',#8690,#8691);
#8690 = CARTESIAN_POINT('',(-0.32,0.16,-3.));
#8691 = VECTOR('',#8692,1.);
#8692 = DIRECTION('',(1.,0.,0.));
#8693 = PLANE('',#8694);
#8694 = AXIS2_PLACEMENT_3D('',#8695,#8696,#8697);
#8695 = CARTESIAN_POINT('',(-0.32,0.24,-2.92));
#8696 = DIRECTION('',(-1.735167508357E-18,-0.707106781187,0.707106781187
    ));
#8697 = DIRECTION('',(-1.,1.226948711654E-18,-1.226948711654E-18));
#8698 = ADVANCED_FACE('',(#8699),#8717,.T.);
#8699 = FACE_BOUND('',#8700,.T.);
#8700 = EDGE_LOOP('',(#8701,#8709,#8710,#8711));
#8701 = ORIENTED_EDGE('',*,*,#8702,.F.);
#8702 = EDGE_CURVE('',#8127,#8703,#8705,.T.);
#8703 = VERTEX_POINT('',#8704);
#8704 = CARTESIAN_POINT('',(-0.16,-0.16,-3.));
#8705 = LINE('',#8706,#8707);
#8706 = CARTESIAN_POINT('',(-0.266666666667,-0.266666666667,
    -2.893333333333));
#8707 = VECTOR('',#8708,1.);
#8708 = DIRECTION('',(0.57735026919,0.57735026919,-0.57735026919));
#8709 = ORIENTED_EDGE('',*,*,#8134,.T.);
#8710 = ORIENTED_EDGE('',*,*,#8678,.T.);
#8711 = ORIENTED_EDGE('',*,*,#8712,.F.);
#8712 = EDGE_CURVE('',#8703,#8679,#8713,.T.);
#8713 = LINE('',#8714,#8715);
#8714 = CARTESIAN_POINT('',(-0.16,-0.32,-3.));
#8715 = VECTOR('',#8716,1.);
#8716 = DIRECTION('',(0.,1.,0.));
#8717 = PLANE('',#8718);
#8718 = AXIS2_PLACEMENT_3D('',#8719,#8720,#8721);
#8719 = CARTESIAN_POINT('',(-0.24,-0.32,-2.92));
#8720 = DIRECTION('',(-0.707106781187,-1.735167508357E-18,
    -0.707106781187));
#8721 = DIRECTION('',(-1.226948711654E-18,1.,-1.226948711654E-18));
#8722 = ADVANCED_FACE('',(#8723),#8734,.T.);
#8723 = FACE_BOUND('',#8724,.F.);
#8724 = EDGE_LOOP('',(#8725,#8726,#8727,#8728));
#8725 = ORIENTED_EDGE('',*,*,#8702,.F.);
#8726 = ORIENTED_EDGE('',*,*,#8151,.T.);
#8727 = ORIENTED_EDGE('',*,*,#8647,.T.);
#8728 = ORIENTED_EDGE('',*,*,#8729,.F.);
#8729 = EDGE_CURVE('',#8703,#8648,#8730,.T.);
#8730 = LINE('',#8731,#8732);
#8731 = CARTESIAN_POINT('',(-0.32,-0.16,-3.));
#8732 = VECTOR('',#8733,1.);
#8733 = DIRECTION('',(1.,0.,0.));
#8734 = PLANE('',#8735);
#8735 = AXIS2_PLACEMENT_3D('',#8736,#8737,#8738);
#8736 = CARTESIAN_POINT('',(-0.32,-0.24,-2.92));
#8737 = DIRECTION('',(1.735167508357E-18,-0.707106781187,-0.707106781187
    ));
#8738 = DIRECTION('',(-1.,-1.226948711654E-18,-1.226948711654E-18));
#8739 = ADVANCED_FACE('',(#8740),#8765,.T.);
#8740 = FACE_BOUND('',#8741,.F.);
#8741 = EDGE_LOOP('',(#8742,#8750,#8751,#8759));
#8742 = ORIENTED_EDGE('',*,*,#8743,.F.);
#8743 = EDGE_CURVE('',#8176,#8744,#8746,.T.);
#8744 = VERTEX_POINT('',#8745);
#8745 = CARTESIAN_POINT('',(-0.16,-2.7,-3.));
#8746 = LINE('',#8747,#8748);
#8747 = CARTESIAN_POINT('',(-0.266666666667,-2.806666666667,
    -2.893333333333));
#8748 = VECTOR('',#8749,1.);
#8749 = DIRECTION('',(0.57735026919,0.57735026919,-0.57735026919));
#8750 = ORIENTED_EDGE('',*,*,#8175,.T.);
#8751 = ORIENTED_EDGE('',*,*,#8752,.T.);
#8752 = EDGE_CURVE('',#8168,#8753,#8755,.T.);
#8753 = VERTEX_POINT('',#8754);
#8754 = CARTESIAN_POINT('',(0.16,-2.7,-3.));
#8755 = LINE('',#8756,#8757);
#8756 = CARTESIAN_POINT('',(0.16,-2.7,-3.));
#8757 = VECTOR('',#8758,1.);
#8758 = DIRECTION('',(-0.57735026919,0.57735026919,-0.57735026919));
#8759 = ORIENTED_EDGE('',*,*,#8760,.F.);
#8760 = EDGE_CURVE('',#8744,#8753,#8761,.T.);
#8761 = LINE('',#8762,#8763);
#8762 = CARTESIAN_POINT('',(-0.32,-2.7,-3.));
#8763 = VECTOR('',#8764,1.);
#8764 = DIRECTION('',(1.,0.,0.));
#8765 = PLANE('',#8766);
#8766 = AXIS2_PLACEMENT_3D('',#8767,#8768,#8769);
#8767 = CARTESIAN_POINT('',(-0.32,-2.78,-2.92));
#8768 = DIRECTION('',(1.735167508357E-18,-0.707106781187,-0.707106781187
    ));
#8769 = DIRECTION('',(-1.,-1.226948711654E-18,-1.226948711654E-18));
#8770 = ADVANCED_FACE('',(#8771),#8789,.F.);
#8771 = FACE_BOUND('',#8772,.F.);
#8772 = EDGE_LOOP('',(#8773,#8774,#8775,#8783));
#8773 = ORIENTED_EDGE('',*,*,#8752,.F.);
#8774 = ORIENTED_EDGE('',*,*,#8199,.T.);
#8775 = ORIENTED_EDGE('',*,*,#8776,.T.);
#8776 = EDGE_CURVE('',#8200,#8777,#8779,.T.);
#8777 = VERTEX_POINT('',#8778);
#8778 = CARTESIAN_POINT('',(0.16,-2.38,-3.));
#8779 = LINE('',#8780,#8781);
#8780 = CARTESIAN_POINT('',(5.333333333333E-02,-2.486666666667,
    -3.106666666667));
#8781 = VECTOR('',#8782,1.);
#8782 = DIRECTION('',(-0.57735026919,-0.57735026919,-0.57735026919));
#8783 = ORIENTED_EDGE('',*,*,#8784,.F.);
#8784 = EDGE_CURVE('',#8753,#8777,#8785,.T.);
#8785 = LINE('',#8786,#8787);
#8786 = CARTESIAN_POINT('',(0.16,-2.86,-3.));
#8787 = VECTOR('',#8788,1.);
#8788 = DIRECTION('',(0.,1.,0.));
#8789 = PLANE('',#8790);
#8790 = AXIS2_PLACEMENT_3D('',#8791,#8792,#8793);
#8791 = CARTESIAN_POINT('',(0.24,-2.86,-2.92));
#8792 = DIRECTION('',(-0.707106781187,1.735167508357E-18,0.707106781187)
  );
#8793 = DIRECTION('',(1.226948711654E-18,1.,-1.226948711654E-18));
#8794 = ADVANCED_FACE('',(#8795),#8813,.F.);
#8795 = FACE_BOUND('',#8796,.T.);
#8796 = EDGE_LOOP('',(#8797,#8805,#8806,#8807));
#8797 = ORIENTED_EDGE('',*,*,#8798,.F.);
#8798 = EDGE_CURVE('',#8224,#8799,#8801,.T.);
#8799 = VERTEX_POINT('',#8800);
#8800 = CARTESIAN_POINT('',(-0.16,-2.38,-3.));
#8801 = LINE('',#8802,#8803);
#8802 = CARTESIAN_POINT('',(-0.16,-2.38,-3.));
#8803 = VECTOR('',#8804,1.);
#8804 = DIRECTION('',(0.57735026919,-0.57735026919,-0.57735026919));
#8805 = ORIENTED_EDGE('',*,*,#8223,.T.);
#8806 = ORIENTED_EDGE('',*,*,#8776,.T.);
#8807 = ORIENTED_EDGE('',*,*,#8808,.F.);
#8808 = EDGE_CURVE('',#8799,#8777,#8809,.T.);
#8809 = LINE('',#8810,#8811);
#8810 = CARTESIAN_POINT('',(-0.32,-2.38,-3.));
#8811 = VECTOR('',#8812,1.);
#8812 = DIRECTION('',(1.,0.,0.));
#8813 = PLANE('',#8814);
#8814 = AXIS2_PLACEMENT_3D('',#8815,#8816,#8817);
#8815 = CARTESIAN_POINT('',(-0.32,-2.3,-2.92));
#8816 = DIRECTION('',(-1.735167508357E-18,-0.707106781187,0.707106781187
    ));
#8817 = DIRECTION('',(-1.,1.226948711654E-18,-1.226948711654E-18));
#8818 = ADVANCED_FACE('',(#8819),#8830,.T.);
#8819 = FACE_BOUND('',#8820,.T.);
#8820 = EDGE_LOOP('',(#8821,#8822,#8823,#8824));
#8821 = ORIENTED_EDGE('',*,*,#8743,.F.);
#8822 = ORIENTED_EDGE('',*,*,#8247,.T.);
#8823 = ORIENTED_EDGE('',*,*,#8798,.T.);
#8824 = ORIENTED_EDGE('',*,*,#8825,.F.);
#8825 = EDGE_CURVE('',#8744,#8799,#8826,.T.);
#8826 = LINE('',#8827,#8828);
#8827 = CARTESIAN_POINT('',(-0.16,-2.86,-3.));
#8828 = VECTOR('',#8829,1.);
#8829 = DIRECTION('',(0.,1.,0.));
#8830 = PLANE('',#8831);
#8831 = AXIS2_PLACEMENT_3D('',#8832,#8833,#8834);
#8832 = CARTESIAN_POINT('',(-0.24,-2.86,-2.92));
#8833 = DIRECTION('',(-0.707106781187,-1.735167508357E-18,
    -0.707106781187));
#8834 = DIRECTION('',(-1.226948711654E-18,1.,-1.226948711654E-18));
#8835 = ADVANCED_FACE('',(#8836),#8861,.F.);
#8836 = FACE_BOUND('',#8837,.T.);
#8837 = EDGE_LOOP('',(#8838,#8846,#8847,#8855));
#8838 = ORIENTED_EDGE('',*,*,#8839,.F.);
#8839 = EDGE_CURVE('',#8272,#8840,#8842,.T.);
#8840 = VERTEX_POINT('',#8841);
#8841 = CARTESIAN_POINT('',(-0.16,-4.92,-3.));
#8842 = LINE('',#8843,#8844);
#8843 = CARTESIAN_POINT('',(-0.16,-4.92,-3.));
#8844 = VECTOR('',#8845,1.);
#8845 = DIRECTION('',(0.57735026919,-0.57735026919,-0.57735026919));
#8846 = ORIENTED_EDGE('',*,*,#8271,.T.);
#8847 = ORIENTED_EDGE('',*,*,#8848,.T.);
#8848 = EDGE_CURVE('',#8264,#8849,#8851,.T.);
#8849 = VERTEX_POINT('',#8850);
#8850 = CARTESIAN_POINT('',(0.16,-4.92,-3.));
#8851 = LINE('',#8852,#8853);
#8852 = CARTESIAN_POINT('',(5.333333333333E-02,-5.026666666667,
    -3.106666666667));
#8853 = VECTOR('',#8854,1.);
#8854 = DIRECTION('',(-0.57735026919,-0.57735026919,-0.57735026919));
#8855 = ORIENTED_EDGE('',*,*,#8856,.F.);
#8856 = EDGE_CURVE('',#8840,#8849,#8857,.T.);
#8857 = LINE('',#8858,#8859);
#8858 = CARTESIAN_POINT('',(-0.32,-4.92,-3.));
#8859 = VECTOR('',#8860,1.);
#8860 = DIRECTION('',(1.,0.,0.));
#8861 = PLANE('',#8862);
#8862 = AXIS2_PLACEMENT_3D('',#8863,#8864,#8865);
#8863 = CARTESIAN_POINT('',(-0.32,-4.84,-2.92));
#8864 = DIRECTION('',(-1.735167508357E-18,-0.707106781187,0.707106781187
    ));
#8865 = DIRECTION('',(-1.,1.226948711654E-18,-1.226948711654E-18));
#8866 = ADVANCED_FACE('',(#8867),#8885,.T.);
#8867 = FACE_BOUND('',#8868,.T.);
#8868 = EDGE_LOOP('',(#8869,#8877,#8878,#8879));
#8869 = ORIENTED_EDGE('',*,*,#8870,.F.);
#8870 = EDGE_CURVE('',#8295,#8871,#8873,.T.);
#8871 = VERTEX_POINT('',#8872);
#8872 = CARTESIAN_POINT('',(-0.16,-5.24,-3.));
#8873 = LINE('',#8874,#8875);
#8874 = CARTESIAN_POINT('',(-0.266666666667,-5.346666666667,
    -2.893333333333));
#8875 = VECTOR('',#8876,1.);
#8876 = DIRECTION('',(0.57735026919,0.57735026919,-0.57735026919));
#8877 = ORIENTED_EDGE('',*,*,#8302,.T.);
#8878 = ORIENTED_EDGE('',*,*,#8839,.T.);
#8879 = ORIENTED_EDGE('',*,*,#8880,.F.);
#8880 = EDGE_CURVE('',#8871,#8840,#8881,.T.);
#8881 = LINE('',#8882,#8883);
#8882 = CARTESIAN_POINT('',(-0.16,-5.4,-3.));
#8883 = VECTOR('',#8884,1.);
#8884 = DIRECTION('',(0.,1.,0.));
#8885 = PLANE('',#8886);
#8886 = AXIS2_PLACEMENT_3D('',#8887,#8888,#8889);
#8887 = CARTESIAN_POINT('',(-0.24,-5.4,-2.92));
#8888 = DIRECTION('',(-0.707106781187,-1.735167508357E-18,
    -0.707106781187));
#8889 = DIRECTION('',(-1.226948711654E-18,1.,-1.226948711654E-18));
#8890 = ADVANCED_FACE('',(#8891),#8909,.T.);
#8891 = FACE_BOUND('',#8892,.F.);
#8892 = EDGE_LOOP('',(#8893,#8894,#8895,#8903));
#8893 = ORIENTED_EDGE('',*,*,#8870,.F.);
#8894 = ORIENTED_EDGE('',*,*,#8326,.T.);
#8895 = ORIENTED_EDGE('',*,*,#8896,.T.);
#8896 = EDGE_CURVE('',#8319,#8897,#8899,.T.);
#8897 = VERTEX_POINT('',#8898);
#8898 = CARTESIAN_POINT('',(0.16,-5.24,-3.));
#8899 = LINE('',#8900,#8901);
#8900 = CARTESIAN_POINT('',(0.16,-5.24,-3.));
#8901 = VECTOR('',#8902,1.);
#8902 = DIRECTION('',(-0.57735026919,0.57735026919,-0.57735026919));
#8903 = ORIENTED_EDGE('',*,*,#8904,.F.);
#8904 = EDGE_CURVE('',#8871,#8897,#8905,.T.);
#8905 = LINE('',#8906,#8907);
#8906 = CARTESIAN_POINT('',(-0.32,-5.24,-3.));
#8907 = VECTOR('',#8908,1.);
#8908 = DIRECTION('',(1.,0.,0.));
#8909 = PLANE('',#8910);
#8910 = AXIS2_PLACEMENT_3D('',#8911,#8912,#8913);
#8911 = CARTESIAN_POINT('',(-0.32,-5.32,-2.92));
#8912 = DIRECTION('',(1.735167508357E-18,-0.707106781187,-0.707106781187
    ));
#8913 = DIRECTION('',(-1.,-1.226948711654E-18,-1.226948711654E-18));
#8914 = ADVANCED_FACE('',(#8915),#8926,.F.);
#8915 = FACE_BOUND('',#8916,.F.);
#8916 = EDGE_LOOP('',(#8917,#8918,#8919,#8920));
#8917 = ORIENTED_EDGE('',*,*,#8896,.F.);
#8918 = ORIENTED_EDGE('',*,*,#8343,.T.);
#8919 = ORIENTED_EDGE('',*,*,#8848,.T.);
#8920 = ORIENTED_EDGE('',*,*,#8921,.F.);
#8921 = EDGE_CURVE('',#8897,#8849,#8922,.T.);
#8922 = LINE('',#8923,#8924);
#8923 = CARTESIAN_POINT('',(0.16,-5.4,-3.));
#8924 = VECTOR('',#8925,1.);
#8925 = DIRECTION('',(0.,1.,0.));
#8926 = PLANE('',#8927);
#8927 = AXIS2_PLACEMENT_3D('',#8928,#8929,#8930);
#8928 = CARTESIAN_POINT('',(0.24,-5.4,-2.92));
#8929 = DIRECTION('',(-0.707106781187,1.735167508357E-18,0.707106781187)
  );
#8930 = DIRECTION('',(1.226948711654E-18,1.,-1.226948711654E-18));
#8931 = ADVANCED_FACE('',(#8932),#8957,.T.);
#8932 = FACE_BOUND('',#8933,.T.);
#8933 = EDGE_LOOP('',(#8934,#8942,#8943,#8951));
#8934 = ORIENTED_EDGE('',*,*,#8935,.F.);
#8935 = EDGE_CURVE('',#8360,#8936,#8938,.T.);
#8936 = VERTEX_POINT('',#8937);
#8937 = CARTESIAN_POINT('',(0.16,-0.16,8.54));
#8938 = LINE('',#8939,#8940);
#8939 = CARTESIAN_POINT('',(0.16,-0.16,8.54));
#8940 = VECTOR('',#8941,1.);
#8941 = DIRECTION('',(-0.57735026919,0.57735026919,0.57735026919));
#8942 = ORIENTED_EDGE('',*,*,#8376,.T.);
#8943 = ORIENTED_EDGE('',*,*,#8944,.T.);
#8944 = EDGE_CURVE('',#8369,#8945,#8947,.T.);
#8945 = VERTEX_POINT('',#8946);
#8946 = CARTESIAN_POINT('',(0.16,0.16,8.54));
#8947 = LINE('',#8948,#8949);
#8948 = CARTESIAN_POINT('',(5.333333333333E-02,5.333333333333E-02,
    8.646666666667));
#8949 = VECTOR('',#8950,1.);
#8950 = DIRECTION('',(-0.57735026919,-0.57735026919,0.57735026919));
#8951 = ORIENTED_EDGE('',*,*,#8952,.F.);
#8952 = EDGE_CURVE('',#8936,#8945,#8953,.T.);
#8953 = LINE('',#8954,#8955);
#8954 = CARTESIAN_POINT('',(0.16,-0.32,8.54));
#8955 = VECTOR('',#8956,1.);
#8956 = DIRECTION('',(0.,1.,0.));
#8957 = PLANE('',#8958);
#8958 = AXIS2_PLACEMENT_3D('',#8959,#8960,#8961);
#8959 = CARTESIAN_POINT('',(0.24,-0.32,8.46));
#8960 = DIRECTION('',(0.707106781187,-1.735167508357E-18,0.707106781187)
  );
#8961 = DIRECTION('',(1.226948711654E-18,1.,1.226948711654E-18));
#8962 = ADVANCED_FACE('',(#8963),#8981,.T.);
#8963 = FACE_BOUND('',#8964,.F.);
#8964 = EDGE_LOOP('',(#8965,#8973,#8974,#8975));
#8965 = ORIENTED_EDGE('',*,*,#8966,.F.);
#8966 = EDGE_CURVE('',#8393,#8967,#8969,.T.);
#8967 = VERTEX_POINT('',#8968);
#8968 = CARTESIAN_POINT('',(-0.16,0.16,8.54));
#8969 = LINE('',#8970,#8971);
#8970 = CARTESIAN_POINT('',(-0.16,0.16,8.54));
#8971 = VECTOR('',#8972,1.);
#8972 = DIRECTION('',(0.57735026919,-0.57735026919,0.57735026919));
#8973 = ORIENTED_EDGE('',*,*,#8400,.T.);
#8974 = ORIENTED_EDGE('',*,*,#8944,.T.);
#8975 = ORIENTED_EDGE('',*,*,#8976,.F.);
#8976 = EDGE_CURVE('',#8967,#8945,#8977,.T.);
#8977 = LINE('',#8978,#8979);
#8978 = CARTESIAN_POINT('',(-0.32,0.16,8.54));
#8979 = VECTOR('',#8980,1.);
#8980 = DIRECTION('',(1.,0.,0.));
#8981 = PLANE('',#8982);
#8982 = AXIS2_PLACEMENT_3D('',#8983,#8984,#8985);
#8983 = CARTESIAN_POINT('',(-0.32,0.24,8.46));
#8984 = DIRECTION('',(1.735167508357E-18,0.707106781187,0.707106781187)
  );
#8985 = DIRECTION('',(-1.,1.226948711654E-18,1.226948711654E-18));
#8986 = ADVANCED_FACE('',(#8987),#9005,.F.);
#8987 = FACE_BOUND('',#8988,.F.);
#8988 = EDGE_LOOP('',(#8989,#8997,#8998,#8999));
#8989 = ORIENTED_EDGE('',*,*,#8990,.F.);
#8990 = EDGE_CURVE('',#8415,#8991,#8993,.T.);
#8991 = VERTEX_POINT('',#8992);
#8992 = CARTESIAN_POINT('',(-0.16,-0.16,8.54));
#8993 = LINE('',#8994,#8995);
#8994 = CARTESIAN_POINT('',(-0.266666666667,-0.266666666667,
    8.433333333333));
#8995 = VECTOR('',#8996,1.);
#8996 = DIRECTION('',(0.57735026919,0.57735026919,0.57735026919));
#8997 = ORIENTED_EDGE('',*,*,#8424,.T.);
#8998 = ORIENTED_EDGE('',*,*,#8966,.T.);
#8999 = ORIENTED_EDGE('',*,*,#9000,.F.);
#9000 = EDGE_CURVE('',#8991,#8967,#9001,.T.);
#9001 = LINE('',#9002,#9003);
#9002 = CARTESIAN_POINT('',(-0.16,-0.32,8.54));
#9003 = VECTOR('',#9004,1.);
#9004 = DIRECTION('',(0.,1.,0.));
#9005 = PLANE('',#9006);
#9006 = AXIS2_PLACEMENT_3D('',#9007,#9008,#9009);
#9007 = CARTESIAN_POINT('',(-0.24,-0.32,8.46));
#9008 = DIRECTION('',(0.707106781187,1.735167508357E-18,-0.707106781187)
  );
#9009 = DIRECTION('',(-1.226948711654E-18,1.,1.226948711654E-18));
#9010 = ADVANCED_FACE('',(#9011),#9022,.F.);
#9011 = FACE_BOUND('',#9012,.T.);
#9012 = EDGE_LOOP('',(#9013,#9014,#9015,#9016));
#9013 = ORIENTED_EDGE('',*,*,#8990,.F.);
#9014 = ORIENTED_EDGE('',*,*,#8441,.T.);
#9015 = ORIENTED_EDGE('',*,*,#8935,.T.);
#9016 = ORIENTED_EDGE('',*,*,#9017,.F.);
#9017 = EDGE_CURVE('',#8991,#8936,#9018,.T.);
#9018 = LINE('',#9019,#9020);
#9019 = CARTESIAN_POINT('',(-0.32,-0.16,8.54));
#9020 = VECTOR('',#9021,1.);
#9021 = DIRECTION('',(1.,0.,0.));
#9022 = PLANE('',#9023);
#9023 = AXIS2_PLACEMENT_3D('',#9024,#9025,#9026);
#9024 = CARTESIAN_POINT('',(-0.32,-0.24,8.46));
#9025 = DIRECTION('',(-1.735167508357E-18,0.707106781187,-0.707106781187
    ));
#9026 = DIRECTION('',(-1.,-1.226948711654E-18,1.226948711654E-18));
#9027 = ADVANCED_FACE('',(#9028),#9053,.F.);
#9028 = FACE_BOUND('',#9029,.T.);
#9029 = EDGE_LOOP('',(#9030,#9038,#9039,#9047));
#9030 = ORIENTED_EDGE('',*,*,#9031,.F.);
#9031 = EDGE_CURVE('',#8465,#9032,#9034,.T.);
#9032 = VERTEX_POINT('',#9033);
#9033 = CARTESIAN_POINT('',(-0.16,-2.7,8.54));
#9034 = LINE('',#9035,#9036);
#9035 = CARTESIAN_POINT('',(-0.266666666667,-2.806666666667,
    8.433333333333));
#9036 = VECTOR('',#9037,1.);
#9037 = DIRECTION('',(0.57735026919,0.57735026919,0.57735026919));
#9038 = ORIENTED_EDGE('',*,*,#8472,.T.);
#9039 = ORIENTED_EDGE('',*,*,#9040,.T.);
#9040 = EDGE_CURVE('',#8456,#9041,#9043,.T.);
#9041 = VERTEX_POINT('',#9042);
#9042 = CARTESIAN_POINT('',(0.16,-2.7,8.54));
#9043 = LINE('',#9044,#9045);
#9044 = CARTESIAN_POINT('',(0.16,-2.7,8.54));
#9045 = VECTOR('',#9046,1.);
#9046 = DIRECTION('',(-0.57735026919,0.57735026919,0.57735026919));
#9047 = ORIENTED_EDGE('',*,*,#9048,.F.);
#9048 = EDGE_CURVE('',#9032,#9041,#9049,.T.);
#9049 = LINE('',#9050,#9051);
#9050 = CARTESIAN_POINT('',(-0.32,-2.7,8.54));
#9051 = VECTOR('',#9052,1.);
#9052 = DIRECTION('',(1.,0.,0.));
#9053 = PLANE('',#9054);
#9054 = AXIS2_PLACEMENT_3D('',#9055,#9056,#9057);
#9055 = CARTESIAN_POINT('',(-0.32,-2.78,8.46));
#9056 = DIRECTION('',(-1.735167508357E-18,0.707106781187,-0.707106781187
    ));
#9057 = DIRECTION('',(-1.,-1.226948711654E-18,1.226948711654E-18));
#9058 = ADVANCED_FACE('',(#9059),#9077,.T.);
#9059 = FACE_BOUND('',#9060,.T.);
#9060 = EDGE_LOOP('',(#9061,#9062,#9063,#9071));
#9061 = ORIENTED_EDGE('',*,*,#9040,.F.);
#9062 = ORIENTED_EDGE('',*,*,#8496,.T.);
#9063 = ORIENTED_EDGE('',*,*,#9064,.T.);
#9064 = EDGE_CURVE('',#8489,#9065,#9067,.T.);
#9065 = VERTEX_POINT('',#9066);
#9066 = CARTESIAN_POINT('',(0.16,-2.38,8.54));
#9067 = LINE('',#9068,#9069);
#9068 = CARTESIAN_POINT('',(5.333333333333E-02,-2.486666666667,
    8.646666666667));
#9069 = VECTOR('',#9070,1.);
#9070 = DIRECTION('',(-0.57735026919,-0.57735026919,0.57735026919));
#9071 = ORIENTED_EDGE('',*,*,#9072,.F.);
#9072 = EDGE_CURVE('',#9041,#9065,#9073,.T.);
#9073 = LINE('',#9074,#9075);
#9074 = CARTESIAN_POINT('',(0.16,-2.86,8.54));
#9075 = VECTOR('',#9076,1.);
#9076 = DIRECTION('',(0.,1.,0.));
#9077 = PLANE('',#9078);
#9078 = AXIS2_PLACEMENT_3D('',#9079,#9080,#9081);
#9079 = CARTESIAN_POINT('',(0.24,-2.86,8.46));
#9080 = DIRECTION('',(0.707106781187,-1.735167508357E-18,0.707106781187)
  );
#9081 = DIRECTION('',(1.226948711654E-18,1.,1.226948711654E-18));
#9082 = ADVANCED_FACE('',(#9083),#9101,.T.);
#9083 = FACE_BOUND('',#9084,.F.);
#9084 = EDGE_LOOP('',(#9085,#9093,#9094,#9095));
#9085 = ORIENTED_EDGE('',*,*,#9086,.F.);
#9086 = EDGE_CURVE('',#8513,#9087,#9089,.T.);
#9087 = VERTEX_POINT('',#9088);
#9088 = CARTESIAN_POINT('',(-0.16,-2.38,8.54));
#9089 = LINE('',#9090,#9091);
#9090 = CARTESIAN_POINT('',(-0.16,-2.38,8.54));
#9091 = VECTOR('',#9092,1.);
#9092 = DIRECTION('',(0.57735026919,-0.57735026919,0.57735026919));
#9093 = ORIENTED_EDGE('',*,*,#8520,.T.);
#9094 = ORIENTED_EDGE('',*,*,#9064,.T.);
#9095 = ORIENTED_EDGE('',*,*,#9096,.F.);
#9096 = EDGE_CURVE('',#9087,#9065,#9097,.T.);
#9097 = LINE('',#9098,#9099);
#9098 = CARTESIAN_POINT('',(-0.32,-2.38,8.54));
#9099 = VECTOR('',#9100,1.);
#9100 = DIRECTION('',(1.,0.,0.));
#9101 = PLANE('',#9102);
#9102 = AXIS2_PLACEMENT_3D('',#9103,#9104,#9105);
#9103 = CARTESIAN_POINT('',(-0.32,-2.3,8.46));
#9104 = DIRECTION('',(1.735167508357E-18,0.707106781187,0.707106781187)
  );
#9105 = DIRECTION('',(-1.,1.226948711654E-18,1.226948711654E-18));
#9106 = ADVANCED_FACE('',(#9107),#9118,.F.);
#9107 = FACE_BOUND('',#9108,.F.);
#9108 = EDGE_LOOP('',(#9109,#9110,#9111,#9112));
#9109 = ORIENTED_EDGE('',*,*,#9031,.F.);
#9110 = ORIENTED_EDGE('',*,*,#8537,.T.);
#9111 = ORIENTED_EDGE('',*,*,#9086,.T.);
#9112 = ORIENTED_EDGE('',*,*,#9113,.F.);
#9113 = EDGE_CURVE('',#9032,#9087,#9114,.T.);
#9114 = LINE('',#9115,#9116);
#9115 = CARTESIAN_POINT('',(-0.16,-2.86,8.54));
#9116 = VECTOR('',#9117,1.);
#9117 = DIRECTION('',(0.,1.,0.));
#9118 = PLANE('',#9119);
#9119 = AXIS2_PLACEMENT_3D('',#9120,#9121,#9122);
#9120 = CARTESIAN_POINT('',(-0.24,-2.86,8.46));
#9121 = DIRECTION('',(0.707106781187,1.735167508357E-18,-0.707106781187)
  );
#9122 = DIRECTION('',(-1.226948711654E-18,1.,1.226948711654E-18));
#9123 = ADVANCED_FACE('',(#9124),#9149,.T.);
#9124 = FACE_BOUND('',#9125,.F.);
#9125 = EDGE_LOOP('',(#9126,#9134,#9135,#9143));
#9126 = ORIENTED_EDGE('',*,*,#9127,.F.);
#9127 = EDGE_CURVE('',#8561,#9128,#9130,.T.);
#9128 = VERTEX_POINT('',#9129);
#9129 = CARTESIAN_POINT('',(-0.16,-4.92,8.54));
#9130 = LINE('',#9131,#9132);
#9131 = CARTESIAN_POINT('',(-0.16,-4.92,8.54));
#9132 = VECTOR('',#9133,1.);
#9133 = DIRECTION('',(0.57735026919,-0.57735026919,0.57735026919));
#9134 = ORIENTED_EDGE('',*,*,#8568,.T.);
#9135 = ORIENTED_EDGE('',*,*,#9136,.T.);
#9136 = EDGE_CURVE('',#8552,#9137,#9139,.T.);
#9137 = VERTEX_POINT('',#9138);
#9138 = CARTESIAN_POINT('',(0.16,-4.92,8.54));
#9139 = LINE('',#9140,#9141);
#9140 = CARTESIAN_POINT('',(5.333333333333E-02,-5.026666666667,
    8.646666666667));
#9141 = VECTOR('',#9142,1.);
#9142 = DIRECTION('',(-0.57735026919,-0.57735026919,0.57735026919));
#9143 = ORIENTED_EDGE('',*,*,#9144,.F.);
#9144 = EDGE_CURVE('',#9128,#9137,#9145,.T.);
#9145 = LINE('',#9146,#9147);
#9146 = CARTESIAN_POINT('',(-0.32,-4.92,8.54));
#9147 = VECTOR('',#9148,1.);
#9148 = DIRECTION('',(1.,0.,0.));
#9149 = PLANE('',#9150);
#9150 = AXIS2_PLACEMENT_3D('',#9151,#9152,#9153);
#9151 = CARTESIAN_POINT('',(-0.32,-4.84,8.46));
#9152 = DIRECTION('',(1.735167508357E-18,0.707106781187,0.707106781187)
  );
#9153 = DIRECTION('',(-1.,1.226948711654E-18,1.226948711654E-18));
#9154 = ADVANCED_FACE('',(#9155),#9173,.F.);
#9155 = FACE_BOUND('',#9156,.F.);
#9156 = EDGE_LOOP('',(#9157,#9165,#9166,#9167));
#9157 = ORIENTED_EDGE('',*,*,#9158,.F.);
#9158 = EDGE_CURVE('',#8583,#9159,#9161,.T.);
#9159 = VERTEX_POINT('',#9160);
#9160 = CARTESIAN_POINT('',(-0.16,-5.24,8.54));
#9161 = LINE('',#9162,#9163);
#9162 = CARTESIAN_POINT('',(-0.266666666667,-5.346666666667,
    8.433333333333));
#9163 = VECTOR('',#9164,1.);
#9164 = DIRECTION('',(0.57735026919,0.57735026919,0.57735026919));
#9165 = ORIENTED_EDGE('',*,*,#8592,.T.);
#9166 = ORIENTED_EDGE('',*,*,#9127,.T.);
#9167 = ORIENTED_EDGE('',*,*,#9168,.F.);
#9168 = EDGE_CURVE('',#9159,#9128,#9169,.T.);
#9169 = LINE('',#9170,#9171);
#9170 = CARTESIAN_POINT('',(-0.16,-5.4,8.54));
#9171 = VECTOR('',#9172,1.);
#9172 = DIRECTION('',(0.,1.,0.));
#9173 = PLANE('',#9174);
#9174 = AXIS2_PLACEMENT_3D('',#9175,#9176,#9177);
#9175 = CARTESIAN_POINT('',(-0.24,-5.4,8.46));
#9176 = DIRECTION('',(0.707106781187,1.735167508357E-18,-0.707106781187)
  );
#9177 = DIRECTION('',(-1.226948711654E-18,1.,1.226948711654E-18));
#9178 = ADVANCED_FACE('',(#9179),#9197,.F.);
#9179 = FACE_BOUND('',#9180,.T.);
#9180 = EDGE_LOOP('',(#9181,#9182,#9183,#9191));
#9181 = ORIENTED_EDGE('',*,*,#9158,.F.);
#9182 = ORIENTED_EDGE('',*,*,#8616,.T.);
#9183 = ORIENTED_EDGE('',*,*,#9184,.T.);
#9184 = EDGE_CURVE('',#8607,#9185,#9187,.T.);
#9185 = VERTEX_POINT('',#9186);
#9186 = CARTESIAN_POINT('',(0.16,-5.24,8.54));
#9187 = LINE('',#9188,#9189);
#9188 = CARTESIAN_POINT('',(0.16,-5.24,8.54));
#9189 = VECTOR('',#9190,1.);
#9190 = DIRECTION('',(-0.57735026919,0.57735026919,0.57735026919));
#9191 = ORIENTED_EDGE('',*,*,#9192,.F.);
#9192 = EDGE_CURVE('',#9159,#9185,#9193,.T.);
#9193 = LINE('',#9194,#9195);
#9194 = CARTESIAN_POINT('',(-0.32,-5.24,8.54));
#9195 = VECTOR('',#9196,1.);
#9196 = DIRECTION('',(1.,0.,0.));
#9197 = PLANE('',#9198);
#9198 = AXIS2_PLACEMENT_3D('',#9199,#9200,#9201);
#9199 = CARTESIAN_POINT('',(-0.32,-5.32,8.46));
#9200 = DIRECTION('',(-1.735167508357E-18,0.707106781187,-0.707106781187
    ));
#9201 = DIRECTION('',(-1.,-1.226948711654E-18,1.226948711654E-18));
#9202 = ADVANCED_FACE('',(#9203),#9214,.T.);
#9203 = FACE_BOUND('',#9204,.T.);
#9204 = EDGE_LOOP('',(#9205,#9206,#9207,#9208));
#9205 = ORIENTED_EDGE('',*,*,#9184,.F.);
#9206 = ORIENTED_EDGE('',*,*,#8633,.T.);
#9207 = ORIENTED_EDGE('',*,*,#9136,.T.);
#9208 = ORIENTED_EDGE('',*,*,#9209,.F.);
#9209 = EDGE_CURVE('',#9185,#9137,#9210,.T.);
#9210 = LINE('',#9211,#9212);
#9211 = CARTESIAN_POINT('',(0.16,-5.4,8.54));
#9212 = VECTOR('',#9213,1.);
#9213 = DIRECTION('',(0.,1.,0.));
#9214 = PLANE('',#9215);
#9215 = AXIS2_PLACEMENT_3D('',#9216,#9217,#9218);
#9216 = CARTESIAN_POINT('',(0.24,-5.4,8.46));
#9217 = DIRECTION('',(0.707106781187,-1.735167508357E-18,0.707106781187)
  );
#9218 = DIRECTION('',(1.226948711654E-18,1.,1.226948711654E-18));
#9219 = ADVANCED_FACE('',(#9220),#9226,.F.);
#9220 = FACE_BOUND('',#9221,.F.);
#9221 = EDGE_LOOP('',(#9222,#9223,#9224,#9225));
#9222 = ORIENTED_EDGE('',*,*,#8688,.F.);
#9223 = ORIENTED_EDGE('',*,*,#8712,.F.);
#9224 = ORIENTED_EDGE('',*,*,#8729,.T.);
#9225 = ORIENTED_EDGE('',*,*,#8664,.T.);
#9226 = PLANE('',#9227);
#9227 = AXIS2_PLACEMENT_3D('',#9228,#9229,#9230);
#9228 = CARTESIAN_POINT('',(-0.32,-0.32,-3.));
#9229 = DIRECTION('',(0.,0.,1.));
#9230 = DIRECTION('',(1.,0.,-0.));
#9231 = ADVANCED_FACE('',(#9232),#9238,.F.);
#9232 = FACE_BOUND('',#9233,.F.);
#9233 = EDGE_LOOP('',(#9234,#9235,#9236,#9237));
#9234 = ORIENTED_EDGE('',*,*,#8808,.F.);
#9235 = ORIENTED_EDGE('',*,*,#8825,.F.);
#9236 = ORIENTED_EDGE('',*,*,#8760,.T.);
#9237 = ORIENTED_EDGE('',*,*,#8784,.T.);
#9238 = PLANE('',#9239);
#9239 = AXIS2_PLACEMENT_3D('',#9240,#9241,#9242);
#9240 = CARTESIAN_POINT('',(-0.32,-2.86,-3.));
#9241 = DIRECTION('',(0.,0.,1.));
#9242 = DIRECTION('',(1.,0.,-0.));
#9243 = ADVANCED_FACE('',(#9244),#9250,.F.);
#9244 = FACE_BOUND('',#9245,.F.);
#9245 = EDGE_LOOP('',(#9246,#9247,#9248,#9249));
#9246 = ORIENTED_EDGE('',*,*,#8856,.F.);
#9247 = ORIENTED_EDGE('',*,*,#8880,.F.);
#9248 = ORIENTED_EDGE('',*,*,#8904,.T.);
#9249 = ORIENTED_EDGE('',*,*,#8921,.T.);
#9250 = PLANE('',#9251);
#9251 = AXIS2_PLACEMENT_3D('',#9252,#9253,#9254);
#9252 = CARTESIAN_POINT('',(-0.32,-5.4,-3.));
#9253 = DIRECTION('',(0.,0.,1.));
#9254 = DIRECTION('',(1.,0.,-0.));
#9255 = ADVANCED_FACE('',(#9256),#9262,.T.);
#9256 = FACE_BOUND('',#9257,.T.);
#9257 = EDGE_LOOP('',(#9258,#9259,#9260,#9261));
#9258 = ORIENTED_EDGE('',*,*,#9017,.T.);
#9259 = ORIENTED_EDGE('',*,*,#8952,.T.);
#9260 = ORIENTED_EDGE('',*,*,#8976,.F.);
#9261 = ORIENTED_EDGE('',*,*,#9000,.F.);
#9262 = PLANE('',#9263);
#9263 = AXIS2_PLACEMENT_3D('',#9264,#9265,#9266);
#9264 = CARTESIAN_POINT('',(-0.32,-0.32,8.54));
#9265 = DIRECTION('',(0.,0.,1.));
#9266 = DIRECTION('',(1.,0.,-0.));
#9267 = ADVANCED_FACE('',(#9268),#9274,.T.);
#9268 = FACE_BOUND('',#9269,.T.);
#9269 = EDGE_LOOP('',(#9270,#9271,#9272,#9273));
#9270 = ORIENTED_EDGE('',*,*,#9048,.T.);
#9271 = ORIENTED_EDGE('',*,*,#9072,.T.);
#9272 = ORIENTED_EDGE('',*,*,#9096,.F.);
#9273 = ORIENTED_EDGE('',*,*,#9113,.F.);
#9274 = PLANE('',#9275);
#9275 = AXIS2_PLACEMENT_3D('',#9276,#9277,#9278);
#9276 = CARTESIAN_POINT('',(-0.32,-2.86,8.54));
#9277 = DIRECTION('',(0.,0.,1.));
#9278 = DIRECTION('',(1.,0.,-0.));
#9279 = ADVANCED_FACE('',(#9280),#9286,.T.);
#9280 = FACE_BOUND('',#9281,.T.);
#9281 = EDGE_LOOP('',(#9282,#9283,#9284,#9285));
#9282 = ORIENTED_EDGE('',*,*,#9192,.T.);
#9283 = ORIENTED_EDGE('',*,*,#9209,.T.);
#9284 = ORIENTED_EDGE('',*,*,#9144,.F.);
#9285 = ORIENTED_EDGE('',*,*,#9168,.F.);
#9286 = PLANE('',#9287);
#9287 = AXIS2_PLACEMENT_3D('',#9288,#9289,#9290);
#9288 = CARTESIAN_POINT('',(-0.32,-5.4,8.54));
#9289 = DIRECTION('',(0.,0.,1.));
#9290 = DIRECTION('',(1.,0.,-0.));
#9291 = ( GEOMETRIC_REPRESENTATION_CONTEXT(3) 
GLOBAL_UNCERTAINTY_ASSIGNED_CONTEXT((#9295)) 
GLOBAL_UNIT_ASSIGNED_CONTEXT((#9292,#9293,#9294)) REPRESENTATION_CONTEXT
('Context #1','3D Context with UNIT and UNCERTAINTY') );
#9292 = ( LENGTH_UNIT() NAMED_UNIT(*) SI_UNIT(.MILLI.,.METRE.) );
#9293 = ( NAMED_UNIT(*) PLANE_ANGLE_UNIT() SI_UNIT($,.RADIAN.) );
#9294 = ( NAMED_UNIT(*) SI_UNIT($,.STERADIAN.) SOLID_ANGLE_UNIT() );
#9295 = UNCERTAINTY_MEASURE_WITH_UNIT(LENGTH_MEASURE(1.E-07),#9292,
  'distance_accuracy_value','confusion accuracy');
#9296 = CONTEXT_DEPENDENT_SHAPE_REPRESENTATION(#9297,#9299);
#9297 = ( REPRESENTATION_RELATIONSHIP('','',#7184,#10) 
REPRESENTATION_RELATIONSHIP_WITH_TRANSFORMATION(#9298) 
SHAPE_REPRESENTATION_RELATIONSHIP() );
#9298 = ITEM_DEFINED_TRANSFORMATION('','',#11,#55);
#9299 = PRODUCT_DEFINITION_SHAPE('Placement','Placement of an item',
  #9300);
#9300 = NEXT_ASSEMBLY_USAGE_OCCURRENCE('11','SW2','',#5,#7179,$);
#9301 = PRODUCT_RELATED_PRODUCT_CATEGORY('part',$,(#7181));
#9302 = SHAPE_DEFINITION_REPRESENTATION(#9303,#9309);
#9303 = PRODUCT_DEFINITION_SHAPE('','',#9304);
#9304 = PRODUCT_DEFINITION('design','',#9305,#9308);
#9305 = PRODUCT_DEFINITION_FORMATION('','',#9306);
#9306 = PRODUCT('TO-220-3_Vertical','TO-220-3_Vertical','',(#9307));
#9307 = PRODUCT_CONTEXT('',#2,'mechanical');
#9308 = PRODUCT_DEFINITION_CONTEXT('part definition',#2,'design');
#9309 = ADVANCED_BREP_SHAPE_REPRESENTATION('',(#11,#9310),#10852);
#9310 = MANIFOLD_SOLID_BREP('',#9311);
#9311 = CLOSED_SHELL('',(#9312,#9368,#9495,#9519,#9543,#9599,#9646,#9732
    ,#9746,#9786,#9810,#9843,#9883,#9907,#9940,#9980,#10004,#10037,
    #10077,#10112,#10145,#10162,#10219,#10276,#10333,#10390,#10407,
    #10424,#10481,#10498,#10515,#10572,#10589,#10606,#10634,#10646,
    #10663,#10680,#10697,#10714,#10726,#10743,#10760,#10777,#10789,
    #10806,#10823,#10840));
#9312 = ADVANCED_FACE('',(#9313),#9363,.F.);
#9313 = FACE_BOUND('',#9314,.T.);
#9314 = EDGE_LOOP('',(#9315,#9325,#9333,#9341,#9349,#9357));
#9315 = ORIENTED_EDGE('',*,*,#9316,.T.);
#9316 = EDGE_CURVE('',#9317,#9319,#9321,.T.);
#9317 = VERTEX_POINT('',#9318);
#9318 = CARTESIAN_POINT('',(-2.585,2.045585922872E-16,3.685));
#9319 = VERTEX_POINT('',#9320);
#9320 = CARTESIAN_POINT('',(-2.585,-1.295,4.185));
#9321 = LINE('',#9322,#9323);
#9322 = CARTESIAN_POINT('',(-2.585,2.045585922872E-16,3.685));
#9323 = VECTOR('',#9324,1.);
#9324 = DIRECTION('',(-5.178527991556E-17,-0.932880669324,0.360185586611
    ));
#9325 = ORIENTED_EDGE('',*,*,#9326,.T.);
#9326 = EDGE_CURVE('',#9319,#9327,#9329,.T.);
#9327 = VERTEX_POINT('',#9328);
#9328 = CARTESIAN_POINT('',(-2.585,-1.295,11.875000000001));
#9329 = LINE('',#9330,#9331);
#9330 = CARTESIAN_POINT('',(-2.585,-1.295,4.185));
#9331 = VECTOR('',#9332,1.);
#9332 = DIRECTION('',(0.,5.551115123126E-17,1.));
#9333 = ORIENTED_EDGE('',*,*,#9334,.T.);
#9334 = EDGE_CURVE('',#9327,#9335,#9337,.T.);
#9335 = VERTEX_POINT('',#9336);
#9336 = CARTESIAN_POINT('',(-2.585,-0.295,12.875));
#9337 = LINE('',#9338,#9339);
#9338 = CARTESIAN_POINT('',(-2.585,-1.295,11.875000000001));
#9339 = VECTOR('',#9340,1.);
#9340 = DIRECTION('',(3.925231146711E-17,0.707106781187,0.707106781186)
  );
#9341 = ORIENTED_EDGE('',*,*,#9342,.T.);
#9342 = EDGE_CURVE('',#9335,#9343,#9345,.T.);
#9343 = VERTEX_POINT('',#9344);
#9344 = CARTESIAN_POINT('',(-2.585,3.15,12.875));
#9345 = LINE('',#9346,#9347);
#9346 = CARTESIAN_POINT('',(-2.585,-0.295,12.875));
#9347 = VECTOR('',#9348,1.);
#9348 = DIRECTION('',(5.551115123126E-17,1.,0.));
#9349 = ORIENTED_EDGE('',*,*,#9350,.T.);
#9350 = EDGE_CURVE('',#9343,#9351,#9353,.T.);
#9351 = VERTEX_POINT('',#9352);
#9352 = CARTESIAN_POINT('',(-2.585,3.15,4.185));
#9353 = LINE('',#9354,#9355);
#9354 = CARTESIAN_POINT('',(-2.585,3.15,12.875));
#9355 = VECTOR('',#9356,1.);
#9356 = DIRECTION('',(0.,-5.551115123126E-17,-1.));
#9357 = ORIENTED_EDGE('',*,*,#9358,.T.);
#9358 = EDGE_CURVE('',#9351,#9317,#9359,.T.);
#9359 = LINE('',#9360,#9361);
#9360 = CARTESIAN_POINT('',(-2.585,3.15,4.185));
#9361 = VECTOR('',#9362,1.);
#9362 = DIRECTION('',(-5.482478518197E-17,-0.987635528464,
    -0.156767544201));
#9363 = PLANE('',#9364);
#9364 = AXIS2_PLACEMENT_3D('',#9365,#9366,#9367);
#9365 = CARTESIAN_POINT('',(-2.585,2.045585922872E-16,3.685));
#9366 = DIRECTION('',(1.,0.,5.551115123126E-17));
#9367 = DIRECTION('',(-5.551115123126E-17,5.551115123126E-17,1.));
#9368 = ADVANCED_FACE('',(#9369),#9490,.T.);
#9369 = FACE_BOUND('',#9370,.T.);
#9370 = EDGE_LOOP('',(#9371,#9372,#9380,#9388,#9396,#9404,#9412,#9420,
    #9428,#9436,#9444,#9452,#9460,#9468,#9476,#9484));
#9371 = ORIENTED_EDGE('',*,*,#9316,.F.);
#9372 = ORIENTED_EDGE('',*,*,#9373,.T.);
#9373 = EDGE_CURVE('',#9317,#9374,#9376,.T.);
#9374 = VERTEX_POINT('',#9375);
#9375 = CARTESIAN_POINT('',(-0.73,2.045585922872E-16,3.685));
#9376 = LINE('',#9377,#9378);
#9377 = CARTESIAN_POINT('',(-2.585,2.045585922872E-16,3.685));
#9378 = VECTOR('',#9379,1.);
#9379 = DIRECTION('',(1.,0.,5.551115123126E-17));
#9380 = ORIENTED_EDGE('',*,*,#9381,.T.);
#9381 = EDGE_CURVE('',#9374,#9382,#9384,.T.);
#9382 = VERTEX_POINT('',#9383);
#9383 = CARTESIAN_POINT('',(-0.73,-0.11655,3.73));
#9384 = LINE('',#9385,#9386);
#9385 = CARTESIAN_POINT('',(-0.73,0.106662228694,3.643817672319));
#9386 = VECTOR('',#9387,1.);
#9387 = DIRECTION('',(0.,-0.932880669324,0.360185586611));
#9388 = ORIENTED_EDGE('',*,*,#9389,.T.);
#9389 = EDGE_CURVE('',#9382,#9390,#9392,.T.);
#9390 = VERTEX_POINT('',#9391);
#9391 = CARTESIAN_POINT('',(0.73,-0.11655,3.73));
#9392 = LINE('',#9393,#9394);
#9393 = CARTESIAN_POINT('',(-0.9275,-0.11655,3.73));
#9394 = VECTOR('',#9395,1.);
#9395 = DIRECTION('',(1.,1.43773881689E-16,-4.788632213724E-32));
#9396 = ORIENTED_EDGE('',*,*,#9397,.T.);
#9397 = EDGE_CURVE('',#9390,#9398,#9400,.T.);
#9398 = VERTEX_POINT('',#9399);
#9399 = CARTESIAN_POINT('',(0.73,2.045585922872E-16,3.685));
#9400 = LINE('',#9401,#9402);
#9401 = CARTESIAN_POINT('',(0.73,0.682499659449,3.421486617973));
#9402 = VECTOR('',#9403,1.);
#9403 = DIRECTION('',(0.,0.932880669324,-0.360185586611));
#9404 = ORIENTED_EDGE('',*,*,#9405,.T.);
#9405 = EDGE_CURVE('',#9398,#9406,#9408,.T.);
#9406 = VERTEX_POINT('',#9407);
#9407 = CARTESIAN_POINT('',(1.81,2.045585922872E-16,3.685));
#9408 = LINE('',#9409,#9410);
#9409 = CARTESIAN_POINT('',(-2.585,2.045585922872E-16,3.685));
#9410 = VECTOR('',#9411,1.);
#9411 = DIRECTION('',(1.,0.,5.551115123126E-17));
#9412 = ORIENTED_EDGE('',*,*,#9413,.T.);
#9413 = EDGE_CURVE('',#9406,#9414,#9416,.T.);
#9414 = VERTEX_POINT('',#9415);
#9415 = CARTESIAN_POINT('',(1.81,-0.11655,3.73));
#9416 = LINE('',#9417,#9418);
#9417 = CARTESIAN_POINT('',(1.81,0.106662228694,3.643817672319));
#9418 = VECTOR('',#9419,1.);
#9419 = DIRECTION('',(0.,-0.932880669324,0.360185586611));
#9420 = ORIENTED_EDGE('',*,*,#9421,.T.);
#9421 = EDGE_CURVE('',#9414,#9422,#9424,.T.);
#9422 = VERTEX_POINT('',#9423);
#9423 = CARTESIAN_POINT('',(3.27,-0.11655,3.73));
#9424 = LINE('',#9425,#9426);
#9425 = CARTESIAN_POINT('',(0.3425,-0.11655,3.73));
#9426 = VECTOR('',#9427,1.);
#9427 = DIRECTION('',(1.,1.43773881689E-16,-4.788632213724E-32));
#9428 = ORIENTED_EDGE('',*,*,#9429,.T.);
#9429 = EDGE_CURVE('',#9422,#9430,#9432,.T.);
#9430 = VERTEX_POINT('',#9431);
#9431 = CARTESIAN_POINT('',(3.27,2.045585922872E-16,3.685));
#9432 = LINE('',#9433,#9434);
#9433 = CARTESIAN_POINT('',(3.27,0.682499659449,3.421486617973));
#9434 = VECTOR('',#9435,1.);
#9435 = DIRECTION('',(0.,0.932880669324,-0.360185586611));
#9436 = ORIENTED_EDGE('',*,*,#9437,.T.);
#9437 = EDGE_CURVE('',#9430,#9438,#9440,.T.);
#9438 = VERTEX_POINT('',#9439);
#9439 = CARTESIAN_POINT('',(4.35,2.045585922872E-16,3.685));
#9440 = LINE('',#9441,#9442);
#9441 = CARTESIAN_POINT('',(-2.585,2.045585922872E-16,3.685));
#9442 = VECTOR('',#9443,1.);
#9443 = DIRECTION('',(1.,0.,5.551115123126E-17));
#9444 = ORIENTED_EDGE('',*,*,#9445,.T.);
#9445 = EDGE_CURVE('',#9438,#9446,#9448,.T.);
#9446 = VERTEX_POINT('',#9447);
#9447 = CARTESIAN_POINT('',(4.35,-0.11655,3.73));
#9448 = LINE('',#9449,#9450);
#9449 = CARTESIAN_POINT('',(4.35,0.106662228694,3.643817672319));
#9450 = VECTOR('',#9451,1.);
#9451 = DIRECTION('',(0.,-0.932880669324,0.360185586611));
#9452 = ORIENTED_EDGE('',*,*,#9453,.T.);
#9453 = EDGE_CURVE('',#9446,#9454,#9456,.T.);
#9454 = VERTEX_POINT('',#9455);
#9455 = CARTESIAN_POINT('',(5.81,-0.11655,3.73));
#9456 = LINE('',#9457,#9458);
#9457 = CARTESIAN_POINT('',(1.6125,-0.11655,3.73));
#9458 = VECTOR('',#9459,1.);
#9459 = DIRECTION('',(1.,1.43773881689E-16,-4.788632213724E-32));
#9460 = ORIENTED_EDGE('',*,*,#9461,.T.);
#9461 = EDGE_CURVE('',#9454,#9462,#9464,.T.);
#9462 = VERTEX_POINT('',#9463);
#9463 = CARTESIAN_POINT('',(5.81,2.045585922872E-16,3.685));
#9464 = LINE('',#9465,#9466);
#9465 = CARTESIAN_POINT('',(5.81,0.682499659449,3.421486617973));
#9466 = VECTOR('',#9467,1.);
#9467 = DIRECTION('',(0.,0.932880669324,-0.360185586611));
#9468 = ORIENTED_EDGE('',*,*,#9469,.T.);
#9469 = EDGE_CURVE('',#9462,#9470,#9472,.T.);
#9470 = VERTEX_POINT('',#9471);
#9471 = CARTESIAN_POINT('',(7.665,2.045585922872E-16,3.685));
#9472 = LINE('',#9473,#9474);
#9473 = CARTESIAN_POINT('',(-2.585,2.045585922872E-16,3.685));
#9474 = VECTOR('',#9475,1.);
#9475 = DIRECTION('',(1.,0.,5.551115123126E-17));
#9476 = ORIENTED_EDGE('',*,*,#9477,.T.);
#9477 = EDGE_CURVE('',#9470,#9478,#9480,.T.);
#9478 = VERTEX_POINT('',#9479);
#9479 = CARTESIAN_POINT('',(7.665,-1.295,4.185));
#9480 = LINE('',#9481,#9482);
#9481 = CARTESIAN_POINT('',(7.665,2.045585922872E-16,3.685));
#9482 = VECTOR('',#9483,1.);
#9483 = DIRECTION('',(-5.178527991556E-17,-0.932880669324,0.360185586611
    ));
#9484 = ORIENTED_EDGE('',*,*,#9485,.F.);
#9485 = EDGE_CURVE('',#9319,#9478,#9486,.T.);
#9486 = LINE('',#9487,#9488);
#9487 = CARTESIAN_POINT('',(-2.585,-1.295,4.185));
#9488 = VECTOR('',#9489,1.);
#9489 = DIRECTION('',(1.,0.,5.551115123126E-17));
#9490 = PLANE('',#9491);
#9491 = AXIS2_PLACEMENT_3D('',#9492,#9493,#9494);
#9492 = CARTESIAN_POINT('',(-2.585,2.045585922872E-16,3.685));
#9493 = DIRECTION('',(5.178527991556E-17,-0.360185586611,-0.932880669324
    ));
#9494 = DIRECTION('',(-5.178527991556E-17,-0.932880669324,0.360185586611
    ));
#9495 = ADVANCED_FACE('',(#9496),#9514,.T.);
#9496 = FACE_BOUND('',#9497,.T.);
#9497 = EDGE_LOOP('',(#9498,#9499,#9507,#9513));
#9498 = ORIENTED_EDGE('',*,*,#9485,.T.);
#9499 = ORIENTED_EDGE('',*,*,#9500,.T.);
#9500 = EDGE_CURVE('',#9478,#9501,#9503,.T.);
#9501 = VERTEX_POINT('',#9502);
#9502 = CARTESIAN_POINT('',(7.665,-1.295,11.875000000001));
#9503 = LINE('',#9504,#9505);
#9504 = CARTESIAN_POINT('',(7.665,-1.295,4.185));
#9505 = VECTOR('',#9506,1.);
#9506 = DIRECTION('',(0.,5.551115123126E-17,1.));
#9507 = ORIENTED_EDGE('',*,*,#9508,.F.);
#9508 = EDGE_CURVE('',#9327,#9501,#9509,.T.);
#9509 = LINE('',#9510,#9511);
#9510 = CARTESIAN_POINT('',(-2.585,-1.295,11.875000000001));
#9511 = VECTOR('',#9512,1.);
#9512 = DIRECTION('',(1.,0.,5.551115123126E-17));
#9513 = ORIENTED_EDGE('',*,*,#9326,.F.);
#9514 = PLANE('',#9515);
#9515 = AXIS2_PLACEMENT_3D('',#9516,#9517,#9518);
#9516 = CARTESIAN_POINT('',(-2.585,-1.295,4.185));
#9517 = DIRECTION('',(-3.08148791102E-33,-1.,5.551115123126E-17));
#9518 = DIRECTION('',(0.,5.551115123126E-17,1.));
#9519 = ADVANCED_FACE('',(#9520),#9538,.T.);
#9520 = FACE_BOUND('',#9521,.T.);
#9521 = EDGE_LOOP('',(#9522,#9523,#9531,#9537));
#9522 = ORIENTED_EDGE('',*,*,#9508,.T.);
#9523 = ORIENTED_EDGE('',*,*,#9524,.T.);
#9524 = EDGE_CURVE('',#9501,#9525,#9527,.T.);
#9525 = VERTEX_POINT('',#9526);
#9526 = CARTESIAN_POINT('',(7.665,-0.295,12.875));
#9527 = LINE('',#9528,#9529);
#9528 = CARTESIAN_POINT('',(7.665,-1.295,11.875000000001));
#9529 = VECTOR('',#9530,1.);
#9530 = DIRECTION('',(3.925231146711E-17,0.707106781187,0.707106781186)
  );
#9531 = ORIENTED_EDGE('',*,*,#9532,.F.);
#9532 = EDGE_CURVE('',#9335,#9525,#9533,.T.);
#9533 = LINE('',#9534,#9535);
#9534 = CARTESIAN_POINT('',(-2.585,-0.295,12.875));
#9535 = VECTOR('',#9536,1.);
#9536 = DIRECTION('',(1.,0.,5.551115123126E-17));
#9537 = ORIENTED_EDGE('',*,*,#9334,.F.);
#9538 = PLANE('',#9539);
#9539 = AXIS2_PLACEMENT_3D('',#9540,#9541,#9542);
#9540 = CARTESIAN_POINT('',(-2.585,-1.295,11.875000000001));
#9541 = DIRECTION('',(-3.925231146711E-17,-0.707106781186,0.707106781187
    ));
#9542 = DIRECTION('',(3.925231146711E-17,0.707106781187,0.707106781186)
  );
#9543 = ADVANCED_FACE('',(#9544),#9594,.T.);
#9544 = FACE_BOUND('',#9545,.T.);
#9545 = EDGE_LOOP('',(#9546,#9547,#9548,#9556,#9564,#9572,#9580,#9588));
#9546 = ORIENTED_EDGE('',*,*,#9342,.F.);
#9547 = ORIENTED_EDGE('',*,*,#9532,.T.);
#9548 = ORIENTED_EDGE('',*,*,#9549,.T.);
#9549 = EDGE_CURVE('',#9525,#9550,#9552,.T.);
#9550 = VERTEX_POINT('',#9551);
#9551 = CARTESIAN_POINT('',(7.665,3.15,12.875));
#9552 = LINE('',#9553,#9554);
#9553 = CARTESIAN_POINT('',(7.665,-0.295,12.875));
#9554 = VECTOR('',#9555,1.);
#9555 = DIRECTION('',(5.551115123126E-17,1.,0.));
#9556 = ORIENTED_EDGE('',*,*,#9557,.F.);
#9557 = EDGE_CURVE('',#9558,#9550,#9560,.T.);
#9558 = VERTEX_POINT('',#9559);
#9559 = CARTESIAN_POINT('',(7.655,3.15,12.875));
#9560 = LINE('',#9561,#9562);
#9561 = CARTESIAN_POINT('',(-2.585,3.15,12.875));
#9562 = VECTOR('',#9563,1.);
#9563 = DIRECTION('',(1.,0.,5.551115123126E-17));
#9564 = ORIENTED_EDGE('',*,*,#9565,.F.);
#9565 = EDGE_CURVE('',#9566,#9558,#9568,.T.);
#9566 = VERTEX_POINT('',#9567);
#9567 = CARTESIAN_POINT('',(7.655,1.89,12.875));
#9568 = LINE('',#9569,#9570);
#9569 = CARTESIAN_POINT('',(7.655,1.4325,12.875));
#9570 = VECTOR('',#9571,1.);
#9571 = DIRECTION('',(0.,1.,-3.08148791102E-33));
#9572 = ORIENTED_EDGE('',*,*,#9573,.F.);
#9573 = EDGE_CURVE('',#9574,#9566,#9576,.T.);
#9574 = VERTEX_POINT('',#9575);
#9575 = CARTESIAN_POINT('',(-2.575,1.89,12.875));
#9576 = LINE('',#9577,#9578);
#9577 = CARTESIAN_POINT('',(2.535,1.89,12.875));
#9578 = VECTOR('',#9579,1.);
#9579 = DIRECTION('',(1.,0.,5.551115123126E-17));
#9580 = ORIENTED_EDGE('',*,*,#9581,.F.);
#9581 = EDGE_CURVE('',#9582,#9574,#9584,.T.);
#9582 = VERTEX_POINT('',#9583);
#9583 = CARTESIAN_POINT('',(-2.575,3.15,12.875));
#9584 = LINE('',#9585,#9586);
#9585 = CARTESIAN_POINT('',(-2.575,0.7975,12.875));
#9586 = VECTOR('',#9587,1.);
#9587 = DIRECTION('',(0.,-1.,3.08148791102E-33));
#9588 = ORIENTED_EDGE('',*,*,#9589,.F.);
#9589 = EDGE_CURVE('',#9343,#9582,#9590,.T.);
#9590 = LINE('',#9591,#9592);
#9591 = CARTESIAN_POINT('',(-2.585,3.15,12.875));
#9592 = VECTOR('',#9593,1.);
#9593 = DIRECTION('',(1.,0.,5.551115123126E-17));
#9594 = PLANE('',#9595);
#9595 = AXIS2_PLACEMENT_3D('',#9596,#9597,#9598);
#9596 = CARTESIAN_POINT('',(-2.585,-0.295,12.875));
#9597 = DIRECTION('',(-5.551115123126E-17,3.08148791102E-33,1.));
#9598 = DIRECTION('',(5.551115123126E-17,1.,-1.820045856984E-46));
#9599 = ADVANCED_FACE('',(#9600),#9641,.T.);
#9600 = FACE_BOUND('',#9601,.T.);
#9601 = EDGE_LOOP('',(#9602,#9603,#9604,#9612,#9620,#9626,#9627,#9635));
#9602 = ORIENTED_EDGE('',*,*,#9350,.F.);
#9603 = ORIENTED_EDGE('',*,*,#9589,.T.);
#9604 = ORIENTED_EDGE('',*,*,#9605,.F.);
#9605 = EDGE_CURVE('',#9606,#9582,#9608,.T.);
#9606 = VERTEX_POINT('',#9607);
#9607 = CARTESIAN_POINT('',(-2.575,3.15,5.));
#9608 = LINE('',#9609,#9610);
#9609 = CARTESIAN_POINT('',(-2.575,3.15,8.9375));
#9610 = VECTOR('',#9611,1.);
#9611 = DIRECTION('',(0.,5.551115123126E-17,1.));
#9612 = ORIENTED_EDGE('',*,*,#9613,.T.);
#9613 = EDGE_CURVE('',#9606,#9614,#9616,.T.);
#9614 = VERTEX_POINT('',#9615);
#9615 = CARTESIAN_POINT('',(7.655,3.15,5.));
#9616 = LINE('',#9617,#9618);
#9617 = CARTESIAN_POINT('',(-2.58,3.15,5.));
#9618 = VECTOR('',#9619,1.);
#9619 = DIRECTION('',(1.,-3.08148791102E-33,0.));
#9620 = ORIENTED_EDGE('',*,*,#9621,.F.);
#9621 = EDGE_CURVE('',#9558,#9614,#9622,.T.);
#9622 = LINE('',#9623,#9624);
#9623 = CARTESIAN_POINT('',(7.655,3.15,8.9375));
#9624 = VECTOR('',#9625,1.);
#9625 = DIRECTION('',(0.,-5.551115123126E-17,-1.));
#9626 = ORIENTED_EDGE('',*,*,#9557,.T.);
#9627 = ORIENTED_EDGE('',*,*,#9628,.T.);
#9628 = EDGE_CURVE('',#9550,#9629,#9631,.T.);
#9629 = VERTEX_POINT('',#9630);
#9630 = CARTESIAN_POINT('',(7.665,3.15,4.185));
#9631 = LINE('',#9632,#9633);
#9632 = CARTESIAN_POINT('',(7.665,3.15,12.875));
#9633 = VECTOR('',#9634,1.);
#9634 = DIRECTION('',(0.,-5.551115123126E-17,-1.));
#9635 = ORIENTED_EDGE('',*,*,#9636,.F.);
#9636 = EDGE_CURVE('',#9351,#9629,#9637,.T.);
#9637 = LINE('',#9638,#9639);
#9638 = CARTESIAN_POINT('',(-2.585,3.15,4.185));
#9639 = VECTOR('',#9640,1.);
#9640 = DIRECTION('',(1.,0.,5.551115123126E-17));
#9641 = PLANE('',#9642);
#9642 = AXIS2_PLACEMENT_3D('',#9643,#9644,#9645);
#9643 = CARTESIAN_POINT('',(-2.585,3.15,12.875));
#9644 = DIRECTION('',(3.08148791102E-33,1.,-5.551115123126E-17));
#9645 = DIRECTION('',(0.,-5.551115123126E-17,-1.));
#9646 = ADVANCED_FACE('',(#9647),#9727,.T.);
#9647 = FACE_BOUND('',#9648,.T.);
#9648 = EDGE_LOOP('',(#9649,#9650,#9651,#9657,#9658,#9666,#9674,#9680,
    #9681,#9689,#9697,#9703,#9704,#9712,#9720,#9726));
#9649 = ORIENTED_EDGE('',*,*,#9358,.F.);
#9650 = ORIENTED_EDGE('',*,*,#9636,.T.);
#9651 = ORIENTED_EDGE('',*,*,#9652,.T.);
#9652 = EDGE_CURVE('',#9629,#9470,#9653,.T.);
#9653 = LINE('',#9654,#9655);
#9654 = CARTESIAN_POINT('',(7.665,3.15,4.185));
#9655 = VECTOR('',#9656,1.);
#9656 = DIRECTION('',(-5.482478518197E-17,-0.987635528464,
    -0.156767544201));
#9657 = ORIENTED_EDGE('',*,*,#9469,.F.);
#9658 = ORIENTED_EDGE('',*,*,#9659,.T.);
#9659 = EDGE_CURVE('',#9462,#9660,#9662,.T.);
#9660 = VERTEX_POINT('',#9661);
#9661 = CARTESIAN_POINT('',(5.81,0.2625,3.726666666667));
#9662 = LINE('',#9663,#9664);
#9663 = CARTESIAN_POINT('',(5.81,1.441169513394,3.913757065618));
#9664 = VECTOR('',#9665,1.);
#9665 = DIRECTION('',(0.,0.987635528464,0.156767544201));
#9666 = ORIENTED_EDGE('',*,*,#9667,.T.);
#9667 = EDGE_CURVE('',#9660,#9668,#9670,.T.);
#9668 = VERTEX_POINT('',#9669);
#9669 = CARTESIAN_POINT('',(4.35,0.2625,3.726666666667));
#9670 = LINE('',#9671,#9672);
#9671 = CARTESIAN_POINT('',(0.8825,0.2625,3.726666666667));
#9672 = VECTOR('',#9673,1.);
#9673 = DIRECTION('',(-1.,-1.848892746612E-32,-5.551115123126E-17));
#9674 = ORIENTED_EDGE('',*,*,#9675,.T.);
#9675 = EDGE_CURVE('',#9668,#9438,#9676,.T.);
#9676 = LINE('',#9677,#9678);
#9677 = CARTESIAN_POINT('',(4.35,1.706508048661,3.955874293438));
#9678 = VECTOR('',#9679,1.);
#9679 = DIRECTION('',(0.,-0.987635528464,-0.156767544201));
#9680 = ORIENTED_EDGE('',*,*,#9437,.F.);
#9681 = ORIENTED_EDGE('',*,*,#9682,.T.);
#9682 = EDGE_CURVE('',#9430,#9683,#9685,.T.);
#9683 = VERTEX_POINT('',#9684);
#9684 = CARTESIAN_POINT('',(3.27,0.2625,3.726666666667));
#9685 = LINE('',#9686,#9687);
#9686 = CARTESIAN_POINT('',(3.27,1.441169513394,3.913757065618));
#9687 = VECTOR('',#9688,1.);
#9688 = DIRECTION('',(0.,0.987635528464,0.156767544201));
#9689 = ORIENTED_EDGE('',*,*,#9690,.T.);
#9690 = EDGE_CURVE('',#9683,#9691,#9693,.T.);
#9691 = VERTEX_POINT('',#9692);
#9692 = CARTESIAN_POINT('',(1.81,0.2625,3.726666666667));
#9693 = LINE('',#9694,#9695);
#9694 = CARTESIAN_POINT('',(-0.3875,0.2625,3.726666666667));
#9695 = VECTOR('',#9696,1.);
#9696 = DIRECTION('',(-1.,-1.848892746612E-32,-5.551115123126E-17));
#9697 = ORIENTED_EDGE('',*,*,#9698,.T.);
#9698 = EDGE_CURVE('',#9691,#9406,#9699,.T.);
#9699 = LINE('',#9700,#9701);
#9700 = CARTESIAN_POINT('',(1.81,1.706508048661,3.955874293438));
#9701 = VECTOR('',#9702,1.);
#9702 = DIRECTION('',(0.,-0.987635528464,-0.156767544201));
#9703 = ORIENTED_EDGE('',*,*,#9405,.F.);
#9704 = ORIENTED_EDGE('',*,*,#9705,.T.);
#9705 = EDGE_CURVE('',#9398,#9706,#9708,.T.);
#9706 = VERTEX_POINT('',#9707);
#9707 = CARTESIAN_POINT('',(0.73,0.2625,3.726666666667));
#9708 = LINE('',#9709,#9710);
#9709 = CARTESIAN_POINT('',(0.73,1.441169513394,3.913757065618));
#9710 = VECTOR('',#9711,1.);
#9711 = DIRECTION('',(0.,0.987635528464,0.156767544201));
#9712 = ORIENTED_EDGE('',*,*,#9713,.T.);
#9713 = EDGE_CURVE('',#9706,#9714,#9716,.T.);
#9714 = VERTEX_POINT('',#9715);
#9715 = CARTESIAN_POINT('',(-0.73,0.2625,3.726666666667));
#9716 = LINE('',#9717,#9718);
#9717 = CARTESIAN_POINT('',(-1.6575,0.2625,3.726666666667));
#9718 = VECTOR('',#9719,1.);
#9719 = DIRECTION('',(-1.,-1.848892746612E-32,-5.551115123126E-17));
#9720 = ORIENTED_EDGE('',*,*,#9721,.T.);
#9721 = EDGE_CURVE('',#9714,#9374,#9722,.T.);
#9722 = LINE('',#9723,#9724);
#9723 = CARTESIAN_POINT('',(-0.73,1.706508048661,3.955874293438));
#9724 = VECTOR('',#9725,1.);
#9725 = DIRECTION('',(0.,-0.987635528464,-0.156767544201));
#9726 = ORIENTED_EDGE('',*,*,#9373,.F.);
#9727 = PLANE('',#9728);
#9728 = AXIS2_PLACEMENT_3D('',#9729,#9730,#9731);
#9729 = CARTESIAN_POINT('',(-2.585,3.15,4.185));
#9730 = DIRECTION('',(5.482478518197E-17,0.156767544201,-0.987635528464)
  );
#9731 = DIRECTION('',(-5.482478518197E-17,-0.987635528464,
    -0.156767544201));
#9732 = ADVANCED_FACE('',(#9733),#9741,.T.);
#9733 = FACE_BOUND('',#9734,.F.);
#9734 = EDGE_LOOP('',(#9735,#9736,#9737,#9738,#9739,#9740));
#9735 = ORIENTED_EDGE('',*,*,#9477,.T.);
#9736 = ORIENTED_EDGE('',*,*,#9500,.T.);
#9737 = ORIENTED_EDGE('',*,*,#9524,.T.);
#9738 = ORIENTED_EDGE('',*,*,#9549,.T.);
#9739 = ORIENTED_EDGE('',*,*,#9628,.T.);
#9740 = ORIENTED_EDGE('',*,*,#9652,.T.);
#9741 = PLANE('',#9742);
#9742 = AXIS2_PLACEMENT_3D('',#9743,#9744,#9745);
#9743 = CARTESIAN_POINT('',(7.665,2.045585922872E-16,3.685));
#9744 = DIRECTION('',(1.,0.,5.551115123126E-17));
#9745 = DIRECTION('',(-5.551115123126E-17,5.551115123126E-17,1.));
#9746 = ADVANCED_FACE('',(#9747),#9781,.F.);
#9747 = FACE_BOUND('',#9748,.F.);
#9748 = EDGE_LOOP('',(#9749,#9757,#9765,#9773,#9779,#9780));
#9749 = ORIENTED_EDGE('',*,*,#9750,.F.);
#9750 = EDGE_CURVE('',#9751,#9660,#9753,.T.);
#9751 = VERTEX_POINT('',#9752);
#9752 = CARTESIAN_POINT('',(5.81,0.2625,0.3025));
#9753 = LINE('',#9754,#9755);
#9754 = CARTESIAN_POINT('',(5.81,0.2625,0.3025));
#9755 = VECTOR('',#9756,1.);
#9756 = DIRECTION('',(0.,3.330669073875E-16,1.));
#9757 = ORIENTED_EDGE('',*,*,#9758,.T.);
#9758 = EDGE_CURVE('',#9751,#9759,#9761,.T.);
#9759 = VERTEX_POINT('',#9760);
#9760 = CARTESIAN_POINT('',(5.81,-0.2625,0.3025));
#9761 = LINE('',#9762,#9763);
#9762 = CARTESIAN_POINT('',(5.81,0.2625,0.3025));
#9763 = VECTOR('',#9764,1.);
#9764 = DIRECTION('',(0.,-1.,3.330669073875E-16));
#9765 = ORIENTED_EDGE('',*,*,#9766,.T.);
#9766 = EDGE_CURVE('',#9759,#9767,#9769,.T.);
#9767 = VERTEX_POINT('',#9768);
#9768 = CARTESIAN_POINT('',(5.81,-0.2625,3.73));
#9769 = LINE('',#9770,#9771);
#9770 = CARTESIAN_POINT('',(5.81,-0.2625,0.3025));
#9771 = VECTOR('',#9772,1.);
#9772 = DIRECTION('',(0.,3.330669073875E-16,1.));
#9773 = ORIENTED_EDGE('',*,*,#9774,.F.);
#9774 = EDGE_CURVE('',#9454,#9767,#9775,.T.);
#9775 = LINE('',#9776,#9777);
#9776 = CARTESIAN_POINT('',(5.81,0.2625,3.73));
#9777 = VECTOR('',#9778,1.);
#9778 = DIRECTION('',(0.,-1.,3.330669073875E-16));
#9779 = ORIENTED_EDGE('',*,*,#9461,.T.);
#9780 = ORIENTED_EDGE('',*,*,#9659,.T.);
#9781 = PLANE('',#9782);
#9782 = AXIS2_PLACEMENT_3D('',#9783,#9784,#9785);
#9783 = CARTESIAN_POINT('',(5.81,0.2625,0.3025));
#9784 = DIRECTION('',(-1.,0.,0.));
#9785 = DIRECTION('',(0.,3.330669073875E-16,1.));
#9786 = ADVANCED_FACE('',(#9787),#9805,.F.);
#9787 = FACE_BOUND('',#9788,.F.);
#9788 = EDGE_LOOP('',(#9789,#9790,#9791,#9799));
#9789 = ORIENTED_EDGE('',*,*,#9453,.T.);
#9790 = ORIENTED_EDGE('',*,*,#9774,.T.);
#9791 = ORIENTED_EDGE('',*,*,#9792,.T.);
#9792 = EDGE_CURVE('',#9767,#9793,#9795,.T.);
#9793 = VERTEX_POINT('',#9794);
#9794 = CARTESIAN_POINT('',(4.35,-0.2625,3.73));
#9795 = LINE('',#9796,#9797);
#9796 = CARTESIAN_POINT('',(5.81,-0.2625,3.73));
#9797 = VECTOR('',#9798,1.);
#9798 = DIRECTION('',(-1.,0.,0.));
#9799 = ORIENTED_EDGE('',*,*,#9800,.F.);
#9800 = EDGE_CURVE('',#9446,#9793,#9801,.T.);
#9801 = LINE('',#9802,#9803);
#9802 = CARTESIAN_POINT('',(4.35,0.2625,3.73));
#9803 = VECTOR('',#9804,1.);
#9804 = DIRECTION('',(0.,-1.,3.330669073875E-16));
#9805 = PLANE('',#9806);
#9806 = AXIS2_PLACEMENT_3D('',#9807,#9808,#9809);
#9807 = CARTESIAN_POINT('',(5.81,0.2625,3.73));
#9808 = DIRECTION('',(0.,-3.330669073875E-16,-1.));
#9809 = DIRECTION('',(-1.,-0.,0.));
#9810 = ADVANCED_FACE('',(#9811),#9838,.F.);
#9811 = FACE_BOUND('',#9812,.F.);
#9812 = EDGE_LOOP('',(#9813,#9814,#9815,#9823,#9831,#9837));
#9813 = ORIENTED_EDGE('',*,*,#9445,.T.);
#9814 = ORIENTED_EDGE('',*,*,#9800,.T.);
#9815 = ORIENTED_EDGE('',*,*,#9816,.T.);
#9816 = EDGE_CURVE('',#9793,#9817,#9819,.T.);
#9817 = VERTEX_POINT('',#9818);
#9818 = CARTESIAN_POINT('',(4.35,-0.2625,0.3025));
#9819 = LINE('',#9820,#9821);
#9820 = CARTESIAN_POINT('',(4.35,-0.2625,3.73));
#9821 = VECTOR('',#9822,1.);
#9822 = DIRECTION('',(0.,-3.330669073875E-16,-1.));
#9823 = ORIENTED_EDGE('',*,*,#9824,.F.);
#9824 = EDGE_CURVE('',#9825,#9817,#9827,.T.);
#9825 = VERTEX_POINT('',#9826);
#9826 = CARTESIAN_POINT('',(4.35,0.2625,0.3025));
#9827 = LINE('',#9828,#9829);
#9828 = CARTESIAN_POINT('',(4.35,0.2625,0.3025));
#9829 = VECTOR('',#9830,1.);
#9830 = DIRECTION('',(0.,-1.,3.330669073875E-16));
#9831 = ORIENTED_EDGE('',*,*,#9832,.F.);
#9832 = EDGE_CURVE('',#9668,#9825,#9833,.T.);
#9833 = LINE('',#9834,#9835);
#9834 = CARTESIAN_POINT('',(4.35,0.2625,3.73));
#9835 = VECTOR('',#9836,1.);
#9836 = DIRECTION('',(0.,-3.330669073875E-16,-1.));
#9837 = ORIENTED_EDGE('',*,*,#9675,.T.);
#9838 = PLANE('',#9839);
#9839 = AXIS2_PLACEMENT_3D('',#9840,#9841,#9842);
#9840 = CARTESIAN_POINT('',(4.35,0.2625,3.73));
#9841 = DIRECTION('',(1.,0.,0.));
#9842 = DIRECTION('',(0.,-3.330669073875E-16,-1.));
#9843 = ADVANCED_FACE('',(#9844),#9878,.F.);
#9844 = FACE_BOUND('',#9845,.F.);
#9845 = EDGE_LOOP('',(#9846,#9854,#9862,#9870,#9876,#9877));
#9846 = ORIENTED_EDGE('',*,*,#9847,.F.);
#9847 = EDGE_CURVE('',#9848,#9683,#9850,.T.);
#9848 = VERTEX_POINT('',#9849);
#9849 = CARTESIAN_POINT('',(3.27,0.2625,0.3025));
#9850 = LINE('',#9851,#9852);
#9851 = CARTESIAN_POINT('',(3.27,0.2625,0.3025));
#9852 = VECTOR('',#9853,1.);
#9853 = DIRECTION('',(0.,3.330669073875E-16,1.));
#9854 = ORIENTED_EDGE('',*,*,#9855,.T.);
#9855 = EDGE_CURVE('',#9848,#9856,#9858,.T.);
#9856 = VERTEX_POINT('',#9857);
#9857 = CARTESIAN_POINT('',(3.27,-0.2625,0.3025));
#9858 = LINE('',#9859,#9860);
#9859 = CARTESIAN_POINT('',(3.27,0.2625,0.3025));
#9860 = VECTOR('',#9861,1.);
#9861 = DIRECTION('',(0.,-1.,3.330669073875E-16));
#9862 = ORIENTED_EDGE('',*,*,#9863,.T.);
#9863 = EDGE_CURVE('',#9856,#9864,#9866,.T.);
#9864 = VERTEX_POINT('',#9865);
#9865 = CARTESIAN_POINT('',(3.27,-0.2625,3.73));
#9866 = LINE('',#9867,#9868);
#9867 = CARTESIAN_POINT('',(3.27,-0.2625,0.3025));
#9868 = VECTOR('',#9869,1.);
#9869 = DIRECTION('',(0.,3.330669073875E-16,1.));
#9870 = ORIENTED_EDGE('',*,*,#9871,.F.);
#9871 = EDGE_CURVE('',#9422,#9864,#9872,.T.);
#9872 = LINE('',#9873,#9874);
#9873 = CARTESIAN_POINT('',(3.27,0.2625,3.73));
#9874 = VECTOR('',#9875,1.);
#9875 = DIRECTION('',(0.,-1.,3.330669073875E-16));
#9876 = ORIENTED_EDGE('',*,*,#9429,.T.);
#9877 = ORIENTED_EDGE('',*,*,#9682,.T.);
#9878 = PLANE('',#9879);
#9879 = AXIS2_PLACEMENT_3D('',#9880,#9881,#9882);
#9880 = CARTESIAN_POINT('',(3.27,0.2625,0.3025));
#9881 = DIRECTION('',(-1.,0.,0.));
#9882 = DIRECTION('',(0.,3.330669073875E-16,1.));
#9883 = ADVANCED_FACE('',(#9884),#9902,.F.);
#9884 = FACE_BOUND('',#9885,.F.);
#9885 = EDGE_LOOP('',(#9886,#9887,#9888,#9896));
#9886 = ORIENTED_EDGE('',*,*,#9421,.T.);
#9887 = ORIENTED_EDGE('',*,*,#9871,.T.);
#9888 = ORIENTED_EDGE('',*,*,#9889,.T.);
#9889 = EDGE_CURVE('',#9864,#9890,#9892,.T.);
#9890 = VERTEX_POINT('',#9891);
#9891 = CARTESIAN_POINT('',(1.81,-0.2625,3.73));
#9892 = LINE('',#9893,#9894);
#9893 = CARTESIAN_POINT('',(3.27,-0.2625,3.73));
#9894 = VECTOR('',#9895,1.);
#9895 = DIRECTION('',(-1.,0.,0.));
#9896 = ORIENTED_EDGE('',*,*,#9897,.F.);
#9897 = EDGE_CURVE('',#9414,#9890,#9898,.T.);
#9898 = LINE('',#9899,#9900);
#9899 = CARTESIAN_POINT('',(1.81,0.2625,3.73));
#9900 = VECTOR('',#9901,1.);
#9901 = DIRECTION('',(0.,-1.,3.330669073875E-16));
#9902 = PLANE('',#9903);
#9903 = AXIS2_PLACEMENT_3D('',#9904,#9905,#9906);
#9904 = CARTESIAN_POINT('',(3.27,0.2625,3.73));
#9905 = DIRECTION('',(0.,-3.330669073875E-16,-1.));
#9906 = DIRECTION('',(-1.,-0.,0.));
#9907 = ADVANCED_FACE('',(#9908),#9935,.F.);
#9908 = FACE_BOUND('',#9909,.F.);
#9909 = EDGE_LOOP('',(#9910,#9911,#9912,#9920,#9928,#9934));
#9910 = ORIENTED_EDGE('',*,*,#9413,.T.);
#9911 = ORIENTED_EDGE('',*,*,#9897,.T.);
#9912 = ORIENTED_EDGE('',*,*,#9913,.T.);
#9913 = EDGE_CURVE('',#9890,#9914,#9916,.T.);
#9914 = VERTEX_POINT('',#9915);
#9915 = CARTESIAN_POINT('',(1.81,-0.2625,0.3025));
#9916 = LINE('',#9917,#9918);
#9917 = CARTESIAN_POINT('',(1.81,-0.2625,3.73));
#9918 = VECTOR('',#9919,1.);
#9919 = DIRECTION('',(0.,-3.330669073875E-16,-1.));
#9920 = ORIENTED_EDGE('',*,*,#9921,.F.);
#9921 = EDGE_CURVE('',#9922,#9914,#9924,.T.);
#9922 = VERTEX_POINT('',#9923);
#9923 = CARTESIAN_POINT('',(1.81,0.2625,0.3025));
#9924 = LINE('',#9925,#9926);
#9925 = CARTESIAN_POINT('',(1.81,0.2625,0.3025));
#9926 = VECTOR('',#9927,1.);
#9927 = DIRECTION('',(0.,-1.,3.330669073875E-16));
#9928 = ORIENTED_EDGE('',*,*,#9929,.F.);
#9929 = EDGE_CURVE('',#9691,#9922,#9930,.T.);
#9930 = LINE('',#9931,#9932);
#9931 = CARTESIAN_POINT('',(1.81,0.2625,3.73));
#9932 = VECTOR('',#9933,1.);
#9933 = DIRECTION('',(0.,-3.330669073875E-16,-1.));
#9934 = ORIENTED_EDGE('',*,*,#9698,.T.);
#9935 = PLANE('',#9936);
#9936 = AXIS2_PLACEMENT_3D('',#9937,#9938,#9939);
#9937 = CARTESIAN_POINT('',(1.81,0.2625,3.73));
#9938 = DIRECTION('',(1.,0.,0.));
#9939 = DIRECTION('',(0.,-3.330669073875E-16,-1.));
#9940 = ADVANCED_FACE('',(#9941),#9975,.F.);
#9941 = FACE_BOUND('',#9942,.F.);
#9942 = EDGE_LOOP('',(#9943,#9951,#9959,#9967,#9973,#9974));
#9943 = ORIENTED_EDGE('',*,*,#9944,.F.);
#9944 = EDGE_CURVE('',#9945,#9706,#9947,.T.);
#9945 = VERTEX_POINT('',#9946);
#9946 = CARTESIAN_POINT('',(0.73,0.2625,0.302499999998));
#9947 = LINE('',#9948,#9949);
#9948 = CARTESIAN_POINT('',(0.73,0.2625,0.302499999998));
#9949 = VECTOR('',#9950,1.);
#9950 = DIRECTION('',(0.,3.330669073875E-16,1.));
#9951 = ORIENTED_EDGE('',*,*,#9952,.T.);
#9952 = EDGE_CURVE('',#9945,#9953,#9955,.T.);
#9953 = VERTEX_POINT('',#9954);
#9954 = CARTESIAN_POINT('',(0.73,-0.2625,0.302499999998));
#9955 = LINE('',#9956,#9957);
#9956 = CARTESIAN_POINT('',(0.73,0.2625,0.302499999998));
#9957 = VECTOR('',#9958,1.);
#9958 = DIRECTION('',(0.,-1.,3.330669073875E-16));
#9959 = ORIENTED_EDGE('',*,*,#9960,.T.);
#9960 = EDGE_CURVE('',#9953,#9961,#9963,.T.);
#9961 = VERTEX_POINT('',#9962);
#9962 = CARTESIAN_POINT('',(0.73,-0.2625,3.73));
#9963 = LINE('',#9964,#9965);
#9964 = CARTESIAN_POINT('',(0.73,-0.2625,0.302499999998));
#9965 = VECTOR('',#9966,1.);
#9966 = DIRECTION('',(0.,3.330669073875E-16,1.));
#9967 = ORIENTED_EDGE('',*,*,#9968,.F.);
#9968 = EDGE_CURVE('',#9390,#9961,#9969,.T.);
#9969 = LINE('',#9970,#9971);
#9970 = CARTESIAN_POINT('',(0.73,0.2625,3.73));
#9971 = VECTOR('',#9972,1.);
#9972 = DIRECTION('',(0.,-1.,3.330669073875E-16));
#9973 = ORIENTED_EDGE('',*,*,#9397,.T.);
#9974 = ORIENTED_EDGE('',*,*,#9705,.T.);
#9975 = PLANE('',#9976);
#9976 = AXIS2_PLACEMENT_3D('',#9977,#9978,#9979);
#9977 = CARTESIAN_POINT('',(0.73,0.2625,0.302499999998));
#9978 = DIRECTION('',(-1.,0.,0.));
#9979 = DIRECTION('',(0.,3.330669073875E-16,1.));
#9980 = ADVANCED_FACE('',(#9981),#9999,.F.);
#9981 = FACE_BOUND('',#9982,.F.);
#9982 = EDGE_LOOP('',(#9983,#9984,#9985,#9993));
#9983 = ORIENTED_EDGE('',*,*,#9389,.T.);
#9984 = ORIENTED_EDGE('',*,*,#9968,.T.);
#9985 = ORIENTED_EDGE('',*,*,#9986,.T.);
#9986 = EDGE_CURVE('',#9961,#9987,#9989,.T.);
#9987 = VERTEX_POINT('',#9988);
#9988 = CARTESIAN_POINT('',(-0.73,-0.2625,3.73));
#9989 = LINE('',#9990,#9991);
#9990 = CARTESIAN_POINT('',(0.73,-0.2625,3.73));
#9991 = VECTOR('',#9992,1.);
#9992 = DIRECTION('',(-1.,0.,0.));
#9993 = ORIENTED_EDGE('',*,*,#9994,.F.);
#9994 = EDGE_CURVE('',#9382,#9987,#9995,.T.);
#9995 = LINE('',#9996,#9997);
#9996 = CARTESIAN_POINT('',(-0.73,0.2625,3.73));
#9997 = VECTOR('',#9998,1.);
#9998 = DIRECTION('',(0.,-1.,3.330669073875E-16));
#9999 = PLANE('',#10000);
#10000 = AXIS2_PLACEMENT_3D('',#10001,#10002,#10003);
#10001 = CARTESIAN_POINT('',(0.73,0.2625,3.73));
#10002 = DIRECTION('',(0.,-3.330669073875E-16,-1.));
#10003 = DIRECTION('',(-1.,-0.,0.));
#10004 = ADVANCED_FACE('',(#10005),#10032,.F.);
#10005 = FACE_BOUND('',#10006,.F.);
#10006 = EDGE_LOOP('',(#10007,#10008,#10009,#10017,#10025,#10031));
#10007 = ORIENTED_EDGE('',*,*,#9381,.T.);
#10008 = ORIENTED_EDGE('',*,*,#9994,.T.);
#10009 = ORIENTED_EDGE('',*,*,#10010,.T.);
#10010 = EDGE_CURVE('',#9987,#10011,#10013,.T.);
#10011 = VERTEX_POINT('',#10012);
#10012 = CARTESIAN_POINT('',(-0.73,-0.2625,0.302499999998));
#10013 = LINE('',#10014,#10015);
#10014 = CARTESIAN_POINT('',(-0.73,-0.2625,3.73));
#10015 = VECTOR('',#10016,1.);
#10016 = DIRECTION('',(0.,-3.330669073875E-16,-1.));
#10017 = ORIENTED_EDGE('',*,*,#10018,.F.);
#10018 = EDGE_CURVE('',#10019,#10011,#10021,.T.);
#10019 = VERTEX_POINT('',#10020);
#10020 = CARTESIAN_POINT('',(-0.73,0.2625,0.302499999998));
#10021 = LINE('',#10022,#10023);
#10022 = CARTESIAN_POINT('',(-0.73,0.2625,0.302499999998));
#10023 = VECTOR('',#10024,1.);
#10024 = DIRECTION('',(0.,-1.,3.330669073875E-16));
#10025 = ORIENTED_EDGE('',*,*,#10026,.F.);
#10026 = EDGE_CURVE('',#9714,#10019,#10027,.T.);
#10027 = LINE('',#10028,#10029);
#10028 = CARTESIAN_POINT('',(-0.73,0.2625,3.73));
#10029 = VECTOR('',#10030,1.);
#10030 = DIRECTION('',(0.,-3.330669073875E-16,-1.));
#10031 = ORIENTED_EDGE('',*,*,#9721,.T.);
#10032 = PLANE('',#10033);
#10033 = AXIS2_PLACEMENT_3D('',#10034,#10035,#10036);
#10034 = CARTESIAN_POINT('',(-0.73,0.2625,3.73));
#10035 = DIRECTION('',(1.,0.,0.));
#10036 = DIRECTION('',(0.,-3.330669073875E-16,-1.));
#10037 = ADVANCED_FACE('',(#10038),#10072,.T.);
#10038 = FACE_BOUND('',#10039,.T.);
#10039 = EDGE_LOOP('',(#10040,#10041,#10049,#10057,#10065,#10071));
#10040 = ORIENTED_EDGE('',*,*,#9581,.T.);
#10041 = ORIENTED_EDGE('',*,*,#10042,.T.);
#10042 = EDGE_CURVE('',#9574,#10043,#10045,.T.);
#10043 = VERTEX_POINT('',#10044);
#10044 = CARTESIAN_POINT('',(-2.575,1.89,18.775));
#10045 = LINE('',#10046,#10047);
#10046 = CARTESIAN_POINT('',(-2.575,1.89,5.));
#10047 = VECTOR('',#10048,1.);
#10048 = DIRECTION('',(0.,0.,1.));
#10049 = ORIENTED_EDGE('',*,*,#10050,.T.);
#10050 = EDGE_CURVE('',#10043,#10051,#10053,.T.);
#10051 = VERTEX_POINT('',#10052);
#10052 = CARTESIAN_POINT('',(-2.575,3.16,18.775));
#10053 = LINE('',#10054,#10055);
#10054 = CARTESIAN_POINT('',(-2.575,1.89,18.775));
#10055 = VECTOR('',#10056,1.);
#10056 = DIRECTION('',(0.,1.,0.));
#10057 = ORIENTED_EDGE('',*,*,#10058,.F.);
#10058 = EDGE_CURVE('',#10059,#10051,#10061,.T.);
#10059 = VERTEX_POINT('',#10060);
#10060 = CARTESIAN_POINT('',(-2.575,3.16,5.));
#10061 = LINE('',#10062,#10063);
#10062 = CARTESIAN_POINT('',(-2.575,3.16,5.));
#10063 = VECTOR('',#10064,1.);
#10064 = DIRECTION('',(0.,0.,1.));
#10065 = ORIENTED_EDGE('',*,*,#10066,.F.);
#10066 = EDGE_CURVE('',#9606,#10059,#10067,.T.);
#10067 = LINE('',#10068,#10069);
#10068 = CARTESIAN_POINT('',(-2.575,1.89,5.));
#10069 = VECTOR('',#10070,1.);
#10070 = DIRECTION('',(0.,1.,0.));
#10071 = ORIENTED_EDGE('',*,*,#9605,.T.);
#10072 = PLANE('',#10073);
#10073 = AXIS2_PLACEMENT_3D('',#10074,#10075,#10076);
#10074 = CARTESIAN_POINT('',(-2.575,1.89,5.));
#10075 = DIRECTION('',(-1.,0.,0.));
#10076 = DIRECTION('',(0.,1.,0.));
#10077 = ADVANCED_FACE('',(#10078,#10096),#10107,.T.);
#10078 = FACE_BOUND('',#10079,.T.);
#10079 = EDGE_LOOP('',(#10080,#10081,#10089,#10095));
#10080 = ORIENTED_EDGE('',*,*,#9573,.T.);
#10081 = ORIENTED_EDGE('',*,*,#10082,.T.);
#10082 = EDGE_CURVE('',#9566,#10083,#10085,.T.);
#10083 = VERTEX_POINT('',#10084);
#10084 = CARTESIAN_POINT('',(7.655,1.89,18.775));
#10085 = LINE('',#10086,#10087);
#10086 = CARTESIAN_POINT('',(7.655,1.89,5.));
#10087 = VECTOR('',#10088,1.);
#10088 = DIRECTION('',(0.,0.,1.));
#10089 = ORIENTED_EDGE('',*,*,#10090,.T.);
#10090 = EDGE_CURVE('',#10083,#10043,#10091,.T.);
#10091 = LINE('',#10092,#10093);
#10092 = CARTESIAN_POINT('',(7.655,1.89,18.775));
#10093 = VECTOR('',#10094,1.);
#10094 = DIRECTION('',(-1.,0.,0.));
#10095 = ORIENTED_EDGE('',*,*,#10042,.F.);
#10096 = FACE_BOUND('',#10097,.T.);
#10097 = EDGE_LOOP('',(#10098));
#10098 = ORIENTED_EDGE('',*,*,#10099,.F.);
#10099 = EDGE_CURVE('',#10100,#10100,#10102,.T.);
#10100 = VERTEX_POINT('',#10101);
#10101 = CARTESIAN_POINT('',(4.4075,1.89,16.005));
#10102 = CIRCLE('',#10103,1.8675);
#10103 = AXIS2_PLACEMENT_3D('',#10104,#10105,#10106);
#10104 = CARTESIAN_POINT('',(2.54,1.89,16.005));
#10105 = DIRECTION('',(0.,-1.,2.22044604925E-16));
#10106 = DIRECTION('',(1.,0.,0.));
#10107 = PLANE('',#10108);
#10108 = AXIS2_PLACEMENT_3D('',#10109,#10110,#10111);
#10109 = CARTESIAN_POINT('',(7.655,1.89,5.));
#10110 = DIRECTION('',(0.,-1.,0.));
#10111 = DIRECTION('',(-1.,0.,0.));
#10112 = ADVANCED_FACE('',(#10113),#10140,.T.);
#10113 = FACE_BOUND('',#10114,.T.);
#10114 = EDGE_LOOP('',(#10115,#10123,#10131,#10137,#10138,#10139));
#10115 = ORIENTED_EDGE('',*,*,#10116,.F.);
#10116 = EDGE_CURVE('',#10117,#9614,#10119,.T.);
#10117 = VERTEX_POINT('',#10118);
#10118 = CARTESIAN_POINT('',(7.655,3.16,5.));
#10119 = LINE('',#10120,#10121);
#10120 = CARTESIAN_POINT('',(7.655,3.16,5.));
#10121 = VECTOR('',#10122,1.);
#10122 = DIRECTION('',(0.,-1.,0.));
#10123 = ORIENTED_EDGE('',*,*,#10124,.T.);
#10124 = EDGE_CURVE('',#10117,#10125,#10127,.T.);
#10125 = VERTEX_POINT('',#10126);
#10126 = CARTESIAN_POINT('',(7.655,3.16,18.775));
#10127 = LINE('',#10128,#10129);
#10128 = CARTESIAN_POINT('',(7.655,3.16,5.));
#10129 = VECTOR('',#10130,1.);
#10130 = DIRECTION('',(0.,0.,1.));
#10131 = ORIENTED_EDGE('',*,*,#10132,.T.);
#10132 = EDGE_CURVE('',#10125,#10083,#10133,.T.);
#10133 = LINE('',#10134,#10135);
#10134 = CARTESIAN_POINT('',(7.655,3.16,18.775));
#10135 = VECTOR('',#10136,1.);
#10136 = DIRECTION('',(0.,-1.,0.));
#10137 = ORIENTED_EDGE('',*,*,#10082,.F.);
#10138 = ORIENTED_EDGE('',*,*,#9565,.T.);
#10139 = ORIENTED_EDGE('',*,*,#9621,.T.);
#10140 = PLANE('',#10141);
#10141 = AXIS2_PLACEMENT_3D('',#10142,#10143,#10144);
#10142 = CARTESIAN_POINT('',(7.655,3.16,5.));
#10143 = DIRECTION('',(1.,0.,0.));
#10144 = DIRECTION('',(0.,-1.,0.));
#10145 = ADVANCED_FACE('',(#10146),#10157,.F.);
#10146 = FACE_BOUND('',#10147,.F.);
#10147 = EDGE_LOOP('',(#10148,#10154,#10155,#10156));
#10148 = ORIENTED_EDGE('',*,*,#10149,.F.);
#10149 = EDGE_CURVE('',#10059,#10117,#10150,.T.);
#10150 = LINE('',#10151,#10152);
#10151 = CARTESIAN_POINT('',(-2.575,3.16,5.));
#10152 = VECTOR('',#10153,1.);
#10153 = DIRECTION('',(1.,0.,0.));
#10154 = ORIENTED_EDGE('',*,*,#10066,.F.);
#10155 = ORIENTED_EDGE('',*,*,#9613,.T.);
#10156 = ORIENTED_EDGE('',*,*,#10116,.F.);
#10157 = PLANE('',#10158);
#10158 = AXIS2_PLACEMENT_3D('',#10159,#10160,#10161);
#10159 = CARTESIAN_POINT('',(-2.575,3.16,5.));
#10160 = DIRECTION('',(0.,0.,1.));
#10161 = DIRECTION('',(1.,0.,-0.));
#10162 = ADVANCED_FACE('',(#10163),#10214,.F.);
#10163 = FACE_BOUND('',#10164,.F.);
#10164 = EDGE_LOOP('',(#10165,#10166,#10174,#10182,#10190,#10198,#10206,
    #10212,#10213));
#10165 = ORIENTED_EDGE('',*,*,#10026,.T.);
#10166 = ORIENTED_EDGE('',*,*,#10167,.T.);
#10167 = EDGE_CURVE('',#10019,#10168,#10170,.T.);
#10168 = VERTEX_POINT('',#10169);
#10169 = CARTESIAN_POINT('',(-0.4275,0.2625,-8.743006318923E-17));
#10170 = LINE('',#10171,#10172);
#10171 = CARTESIAN_POINT('',(-0.73,0.2625,0.302499999998));
#10172 = VECTOR('',#10173,1.);
#10173 = DIRECTION('',(0.707106781188,-2.355138688019E-16,
    -0.707106781185));
#10174 = ORIENTED_EDGE('',*,*,#10175,.T.);
#10175 = EDGE_CURVE('',#10168,#10176,#10178,.T.);
#10176 = VERTEX_POINT('',#10177);
#10177 = CARTESIAN_POINT('',(-0.4275,0.2625,-9.009548279765));
#10178 = LINE('',#10179,#10180);
#10179 = CARTESIAN_POINT('',(-0.4275,0.2625,-8.743006318923E-17));
#10180 = VECTOR('',#10181,1.);
#10181 = DIRECTION('',(-6.161368972952E-18,-3.330669073875E-16,-1.));
#10182 = ORIENTED_EDGE('',*,*,#10183,.T.);
#10183 = EDGE_CURVE('',#10176,#10184,#10186,.T.);
#10184 = VERTEX_POINT('',#10185);
#10185 = CARTESIAN_POINT('',(0.,0.2625,-9.75));
#10186 = LINE('',#10187,#10188);
#10187 = CARTESIAN_POINT('',(-0.4275,0.2625,-9.009548279765));
#10188 = VECTOR('',#10189,1.);
#10189 = DIRECTION('',(0.5,-2.884444029576E-16,-0.866025403784));
#10190 = ORIENTED_EDGE('',*,*,#10191,.T.);
#10191 = EDGE_CURVE('',#10184,#10192,#10194,.T.);
#10192 = VERTEX_POINT('',#10193);
#10193 = CARTESIAN_POINT('',(0.4275,0.2625,-9.009548279765));
#10194 = LINE('',#10195,#10196);
#10195 = CARTESIAN_POINT('',(0.,0.2625,-9.75));
#10196 = VECTOR('',#10197,1.);
#10197 = DIRECTION('',(0.5,2.884444029576E-16,0.866025403784));
#10198 = ORIENTED_EDGE('',*,*,#10199,.T.);
#10199 = EDGE_CURVE('',#10192,#10200,#10202,.T.);
#10200 = VERTEX_POINT('',#10201);
#10201 = CARTESIAN_POINT('',(0.4275,0.2625,-8.743006318923E-17));
#10202 = LINE('',#10203,#10204);
#10203 = CARTESIAN_POINT('',(0.4275,0.2625,-9.009548279765));
#10204 = VECTOR('',#10205,1.);
#10205 = DIRECTION('',(0.,3.330669073875E-16,1.));
#10206 = ORIENTED_EDGE('',*,*,#10207,.T.);
#10207 = EDGE_CURVE('',#10200,#9945,#10208,.T.);
#10208 = LINE('',#10209,#10210);
#10209 = CARTESIAN_POINT('',(0.4275,0.2625,-8.743006318923E-17));
#10210 = VECTOR('',#10211,1.);
#10211 = DIRECTION('',(0.707106781188,2.355138688019E-16,0.707106781185)
  );
#10212 = ORIENTED_EDGE('',*,*,#9944,.T.);
#10213 = ORIENTED_EDGE('',*,*,#9713,.T.);
#10214 = PLANE('',#10215);
#10215 = AXIS2_PLACEMENT_3D('',#10216,#10217,#10218);
#10216 = CARTESIAN_POINT('',(-0.73,0.2625,0.302499999998));
#10217 = DIRECTION('',(0.,-1.,3.330669073875E-16));
#10218 = DIRECTION('',(0.,-3.330669073875E-16,-1.));
#10219 = ADVANCED_FACE('',(#10220),#10271,.F.);
#10220 = FACE_BOUND('',#10221,.F.);
#10221 = EDGE_LOOP('',(#10222,#10223,#10231,#10239,#10247,#10255,#10263,
    #10269,#10270));
#10222 = ORIENTED_EDGE('',*,*,#9929,.T.);
#10223 = ORIENTED_EDGE('',*,*,#10224,.T.);
#10224 = EDGE_CURVE('',#9922,#10225,#10227,.T.);
#10225 = VERTEX_POINT('',#10226);
#10226 = CARTESIAN_POINT('',(2.1125,0.2625,-8.743006318923E-17));
#10227 = LINE('',#10228,#10229);
#10228 = CARTESIAN_POINT('',(1.81,0.2625,0.3025));
#10229 = VECTOR('',#10230,1.);
#10230 = DIRECTION('',(0.707106781187,-2.355138688025E-16,
    -0.707106781186));
#10231 = ORIENTED_EDGE('',*,*,#10232,.T.);
#10232 = EDGE_CURVE('',#10225,#10233,#10235,.T.);
#10233 = VERTEX_POINT('',#10234);
#10234 = CARTESIAN_POINT('',(2.1125,0.2625,-9.009548279765));
#10235 = LINE('',#10236,#10237);
#10236 = CARTESIAN_POINT('',(2.1125,0.2625,-8.743006318923E-17));
#10237 = VECTOR('',#10238,1.);
#10238 = DIRECTION('',(0.,-3.330669073875E-16,-1.));
#10239 = ORIENTED_EDGE('',*,*,#10240,.T.);
#10240 = EDGE_CURVE('',#10233,#10241,#10243,.T.);
#10241 = VERTEX_POINT('',#10242);
#10242 = CARTESIAN_POINT('',(2.54,0.2625,-9.75));
#10243 = LINE('',#10244,#10245);
#10244 = CARTESIAN_POINT('',(2.1125,0.2625,-9.009548279765));
#10245 = VECTOR('',#10246,1.);
#10246 = DIRECTION('',(0.5,-2.884444029576E-16,-0.866025403784));
#10247 = ORIENTED_EDGE('',*,*,#10248,.T.);
#10248 = EDGE_CURVE('',#10241,#10249,#10251,.T.);
#10249 = VERTEX_POINT('',#10250);
#10250 = CARTESIAN_POINT('',(2.9675,0.2625,-9.009548279765));
#10251 = LINE('',#10252,#10253);
#10252 = CARTESIAN_POINT('',(2.54,0.2625,-9.75));
#10253 = VECTOR('',#10254,1.);
#10254 = DIRECTION('',(0.5,2.884444029576E-16,0.866025403784));
#10255 = ORIENTED_EDGE('',*,*,#10256,.T.);
#10256 = EDGE_CURVE('',#10249,#10257,#10259,.T.);
#10257 = VERTEX_POINT('',#10258);
#10258 = CARTESIAN_POINT('',(2.9675,0.2625,-8.743006318923E-17));
#10259 = LINE('',#10260,#10261);
#10260 = CARTESIAN_POINT('',(2.9675,0.2625,-9.009548279765));
#10261 = VECTOR('',#10262,1.);
#10262 = DIRECTION('',(0.,3.330669073875E-16,1.));
#10263 = ORIENTED_EDGE('',*,*,#10264,.T.);
#10264 = EDGE_CURVE('',#10257,#9848,#10265,.T.);
#10265 = LINE('',#10266,#10267);
#10266 = CARTESIAN_POINT('',(2.9675,0.2625,-8.743006318923E-17));
#10267 = VECTOR('',#10268,1.);
#10268 = DIRECTION('',(0.707106781187,2.355138688025E-16,0.707106781186)
  );
#10269 = ORIENTED_EDGE('',*,*,#9847,.T.);
#10270 = ORIENTED_EDGE('',*,*,#9690,.T.);
#10271 = PLANE('',#10272);
#10272 = AXIS2_PLACEMENT_3D('',#10273,#10274,#10275);
#10273 = CARTESIAN_POINT('',(1.81,0.2625,0.3025));
#10274 = DIRECTION('',(0.,-1.,3.330669073875E-16));
#10275 = DIRECTION('',(0.,-3.330669073875E-16,-1.));
#10276 = ADVANCED_FACE('',(#10277),#10328,.F.);
#10277 = FACE_BOUND('',#10278,.F.);
#10278 = EDGE_LOOP('',(#10279,#10280,#10288,#10296,#10304,#10312,#10320,
    #10326,#10327));
#10279 = ORIENTED_EDGE('',*,*,#9832,.T.);
#10280 = ORIENTED_EDGE('',*,*,#10281,.T.);
#10281 = EDGE_CURVE('',#9825,#10282,#10284,.T.);
#10282 = VERTEX_POINT('',#10283);
#10283 = CARTESIAN_POINT('',(4.6525,0.2625,-8.743006318923E-17));
#10284 = LINE('',#10285,#10286);
#10285 = CARTESIAN_POINT('',(4.35,0.2625,0.3025));
#10286 = VECTOR('',#10287,1.);
#10287 = DIRECTION('',(0.707106781187,-2.355138688025E-16,
    -0.707106781186));
#10288 = ORIENTED_EDGE('',*,*,#10289,.T.);
#10289 = EDGE_CURVE('',#10282,#10290,#10292,.T.);
#10290 = VERTEX_POINT('',#10291);
#10291 = CARTESIAN_POINT('',(4.6525,0.2625,-9.009548279765));
#10292 = LINE('',#10293,#10294);
#10293 = CARTESIAN_POINT('',(4.6525,0.2625,-8.743006318923E-17));
#10294 = VECTOR('',#10295,1.);
#10295 = DIRECTION('',(0.,-3.330669073875E-16,-1.));
#10296 = ORIENTED_EDGE('',*,*,#10297,.T.);
#10297 = EDGE_CURVE('',#10290,#10298,#10300,.T.);
#10298 = VERTEX_POINT('',#10299);
#10299 = CARTESIAN_POINT('',(5.08,0.2625,-9.75));
#10300 = LINE('',#10301,#10302);
#10301 = CARTESIAN_POINT('',(4.6525,0.2625,-9.009548279765));
#10302 = VECTOR('',#10303,1.);
#10303 = DIRECTION('',(0.5,-2.884444029576E-16,-0.866025403784));
#10304 = ORIENTED_EDGE('',*,*,#10305,.T.);
#10305 = EDGE_CURVE('',#10298,#10306,#10308,.T.);
#10306 = VERTEX_POINT('',#10307);
#10307 = CARTESIAN_POINT('',(5.5075,0.2625,-9.009548279765));
#10308 = LINE('',#10309,#10310);
#10309 = CARTESIAN_POINT('',(5.08,0.2625,-9.75));
#10310 = VECTOR('',#10311,1.);
#10311 = DIRECTION('',(0.5,2.884444029576E-16,0.866025403784));
#10312 = ORIENTED_EDGE('',*,*,#10313,.T.);
#10313 = EDGE_CURVE('',#10306,#10314,#10316,.T.);
#10314 = VERTEX_POINT('',#10315);
#10315 = CARTESIAN_POINT('',(5.5075,0.2625,-8.743006318923E-17));
#10316 = LINE('',#10317,#10318);
#10317 = CARTESIAN_POINT('',(5.5075,0.2625,-9.009548279765));
#10318 = VECTOR('',#10319,1.);
#10319 = DIRECTION('',(0.,3.330669073875E-16,1.));
#10320 = ORIENTED_EDGE('',*,*,#10321,.T.);
#10321 = EDGE_CURVE('',#10314,#9751,#10322,.T.);
#10322 = LINE('',#10323,#10324);
#10323 = CARTESIAN_POINT('',(5.5075,0.2625,-8.743006318923E-17));
#10324 = VECTOR('',#10325,1.);
#10325 = DIRECTION('',(0.707106781187,2.355138688025E-16,0.707106781186)
  );
#10326 = ORIENTED_EDGE('',*,*,#9750,.T.);
#10327 = ORIENTED_EDGE('',*,*,#9667,.T.);
#10328 = PLANE('',#10329);
#10329 = AXIS2_PLACEMENT_3D('',#10330,#10331,#10332);
#10330 = CARTESIAN_POINT('',(4.35,0.2625,0.3025));
#10331 = DIRECTION('',(0.,-1.,3.330669073875E-16));
#10332 = DIRECTION('',(0.,-3.330669073875E-16,-1.));
#10333 = ADVANCED_FACE('',(#10334),#10385,.T.);
#10334 = FACE_BOUND('',#10335,.T.);
#10335 = EDGE_LOOP('',(#10336,#10344,#10352,#10360,#10368,#10376,#10382,
    #10383,#10384));
#10336 = ORIENTED_EDGE('',*,*,#10337,.T.);
#10337 = EDGE_CURVE('',#9817,#10338,#10340,.T.);
#10338 = VERTEX_POINT('',#10339);
#10339 = CARTESIAN_POINT('',(4.6525,-0.2625,8.743006318923E-17));
#10340 = LINE('',#10341,#10342);
#10341 = CARTESIAN_POINT('',(4.35,-0.2625,0.3025));
#10342 = VECTOR('',#10343,1.);
#10343 = DIRECTION('',(0.707106781187,-2.355138688025E-16,
    -0.707106781186));
#10344 = ORIENTED_EDGE('',*,*,#10345,.T.);
#10345 = EDGE_CURVE('',#10338,#10346,#10348,.T.);
#10346 = VERTEX_POINT('',#10347);
#10347 = CARTESIAN_POINT('',(4.6525,-0.2625,-9.009548279765));
#10348 = LINE('',#10349,#10350);
#10349 = CARTESIAN_POINT('',(4.6525,-0.2625,8.743006318923E-17));
#10350 = VECTOR('',#10351,1.);
#10351 = DIRECTION('',(0.,-3.330669073875E-16,-1.));
#10352 = ORIENTED_EDGE('',*,*,#10353,.T.);
#10353 = EDGE_CURVE('',#10346,#10354,#10356,.T.);
#10354 = VERTEX_POINT('',#10355);
#10355 = CARTESIAN_POINT('',(5.08,-0.2625,-9.75));
#10356 = LINE('',#10357,#10358);
#10357 = CARTESIAN_POINT('',(4.6525,-0.2625,-9.009548279765));
#10358 = VECTOR('',#10359,1.);
#10359 = DIRECTION('',(0.5,-2.884444029576E-16,-0.866025403784));
#10360 = ORIENTED_EDGE('',*,*,#10361,.T.);
#10361 = EDGE_CURVE('',#10354,#10362,#10364,.T.);
#10362 = VERTEX_POINT('',#10363);
#10363 = CARTESIAN_POINT('',(5.5075,-0.2625,-9.009548279765));
#10364 = LINE('',#10365,#10366);
#10365 = CARTESIAN_POINT('',(5.08,-0.2625,-9.75));
#10366 = VECTOR('',#10367,1.);
#10367 = DIRECTION('',(0.5,2.884444029576E-16,0.866025403784));
#10368 = ORIENTED_EDGE('',*,*,#10369,.T.);
#10369 = EDGE_CURVE('',#10362,#10370,#10372,.T.);
#10370 = VERTEX_POINT('',#10371);
#10371 = CARTESIAN_POINT('',(5.5075,-0.2625,8.743006318923E-17));
#10372 = LINE('',#10373,#10374);
#10373 = CARTESIAN_POINT('',(5.5075,-0.2625,-9.009548279765));
#10374 = VECTOR('',#10375,1.);
#10375 = DIRECTION('',(0.,3.330669073875E-16,1.));
#10376 = ORIENTED_EDGE('',*,*,#10377,.T.);
#10377 = EDGE_CURVE('',#10370,#9759,#10378,.T.);
#10378 = LINE('',#10379,#10380);
#10379 = CARTESIAN_POINT('',(5.5075,-0.2625,8.743006318923E-17));
#10380 = VECTOR('',#10381,1.);
#10381 = DIRECTION('',(0.707106781187,2.355138688025E-16,0.707106781186)
  );
#10382 = ORIENTED_EDGE('',*,*,#9766,.T.);
#10383 = ORIENTED_EDGE('',*,*,#9792,.T.);
#10384 = ORIENTED_EDGE('',*,*,#9816,.T.);
#10385 = PLANE('',#10386);
#10386 = AXIS2_PLACEMENT_3D('',#10387,#10388,#10389);
#10387 = CARTESIAN_POINT('',(4.35,-0.2625,0.3025));
#10388 = DIRECTION('',(0.,-1.,3.330669073875E-16));
#10389 = DIRECTION('',(0.,-3.330669073875E-16,-1.));
#10390 = ADVANCED_FACE('',(#10391),#10402,.F.);
#10391 = FACE_BOUND('',#10392,.F.);
#10392 = EDGE_LOOP('',(#10393,#10399,#10400,#10401));
#10393 = ORIENTED_EDGE('',*,*,#10394,.T.);
#10394 = EDGE_CURVE('',#10314,#10370,#10395,.T.);
#10395 = LINE('',#10396,#10397);
#10396 = CARTESIAN_POINT('',(5.5075,0.2625,-8.743006318923E-17));
#10397 = VECTOR('',#10398,1.);
#10398 = DIRECTION('',(0.,-1.,3.330669073875E-16));
#10399 = ORIENTED_EDGE('',*,*,#10377,.T.);
#10400 = ORIENTED_EDGE('',*,*,#9758,.F.);
#10401 = ORIENTED_EDGE('',*,*,#10321,.F.);
#10402 = PLANE('',#10403);
#10403 = AXIS2_PLACEMENT_3D('',#10404,#10405,#10406);
#10404 = CARTESIAN_POINT('',(5.5075,0.2625,-8.743006318923E-17));
#10405 = DIRECTION('',(-0.707106781186,2.355138688026E-16,0.707106781187
    ));
#10406 = DIRECTION('',(0.707106781187,2.355138688025E-16,0.707106781186)
  );
#10407 = ADVANCED_FACE('',(#10408),#10419,.F.);
#10408 = FACE_BOUND('',#10409,.F.);
#10409 = EDGE_LOOP('',(#10410,#10411,#10412,#10418));
#10410 = ORIENTED_EDGE('',*,*,#9824,.T.);
#10411 = ORIENTED_EDGE('',*,*,#10337,.T.);
#10412 = ORIENTED_EDGE('',*,*,#10413,.F.);
#10413 = EDGE_CURVE('',#10282,#10338,#10414,.T.);
#10414 = LINE('',#10415,#10416);
#10415 = CARTESIAN_POINT('',(4.6525,0.2625,-8.743006318923E-17));
#10416 = VECTOR('',#10417,1.);
#10417 = DIRECTION('',(0.,-1.,3.330669073875E-16));
#10418 = ORIENTED_EDGE('',*,*,#10281,.F.);
#10419 = PLANE('',#10420);
#10420 = AXIS2_PLACEMENT_3D('',#10421,#10422,#10423);
#10421 = CARTESIAN_POINT('',(4.35,0.2625,0.3025));
#10422 = DIRECTION('',(0.707106781186,2.355138688026E-16,0.707106781187)
  );
#10423 = DIRECTION('',(0.707106781187,-2.355138688025E-16,
    -0.707106781186));
#10424 = ADVANCED_FACE('',(#10425),#10476,.T.);
#10425 = FACE_BOUND('',#10426,.T.);
#10426 = EDGE_LOOP('',(#10427,#10435,#10443,#10451,#10459,#10467,#10473,
    #10474,#10475));
#10427 = ORIENTED_EDGE('',*,*,#10428,.T.);
#10428 = EDGE_CURVE('',#9914,#10429,#10431,.T.);
#10429 = VERTEX_POINT('',#10430);
#10430 = CARTESIAN_POINT('',(2.1125,-0.2625,8.743006318923E-17));
#10431 = LINE('',#10432,#10433);
#10432 = CARTESIAN_POINT('',(1.81,-0.2625,0.3025));
#10433 = VECTOR('',#10434,1.);
#10434 = DIRECTION('',(0.707106781187,-2.355138688025E-16,
    -0.707106781186));
#10435 = ORIENTED_EDGE('',*,*,#10436,.T.);
#10436 = EDGE_CURVE('',#10429,#10437,#10439,.T.);
#10437 = VERTEX_POINT('',#10438);
#10438 = CARTESIAN_POINT('',(2.1125,-0.2625,-9.009548279765));
#10439 = LINE('',#10440,#10441);
#10440 = CARTESIAN_POINT('',(2.1125,-0.2625,8.743006318923E-17));
#10441 = VECTOR('',#10442,1.);
#10442 = DIRECTION('',(0.,-3.330669073875E-16,-1.));
#10443 = ORIENTED_EDGE('',*,*,#10444,.T.);
#10444 = EDGE_CURVE('',#10437,#10445,#10447,.T.);
#10445 = VERTEX_POINT('',#10446);
#10446 = CARTESIAN_POINT('',(2.54,-0.2625,-9.75));
#10447 = LINE('',#10448,#10449);
#10448 = CARTESIAN_POINT('',(2.1125,-0.2625,-9.009548279765));
#10449 = VECTOR('',#10450,1.);
#10450 = DIRECTION('',(0.5,-2.884444029576E-16,-0.866025403784));
#10451 = ORIENTED_EDGE('',*,*,#10452,.T.);
#10452 = EDGE_CURVE('',#10445,#10453,#10455,.T.);
#10453 = VERTEX_POINT('',#10454);
#10454 = CARTESIAN_POINT('',(2.9675,-0.2625,-9.009548279765));
#10455 = LINE('',#10456,#10457);
#10456 = CARTESIAN_POINT('',(2.54,-0.2625,-9.75));
#10457 = VECTOR('',#10458,1.);
#10458 = DIRECTION('',(0.5,2.884444029576E-16,0.866025403784));
#10459 = ORIENTED_EDGE('',*,*,#10460,.T.);
#10460 = EDGE_CURVE('',#10453,#10461,#10463,.T.);
#10461 = VERTEX_POINT('',#10462);
#10462 = CARTESIAN_POINT('',(2.9675,-0.2625,8.743006318923E-17));
#10463 = LINE('',#10464,#10465);
#10464 = CARTESIAN_POINT('',(2.9675,-0.2625,-9.009548279765));
#10465 = VECTOR('',#10466,1.);
#10466 = DIRECTION('',(0.,3.330669073875E-16,1.));
#10467 = ORIENTED_EDGE('',*,*,#10468,.T.);
#10468 = EDGE_CURVE('',#10461,#9856,#10469,.T.);
#10469 = LINE('',#10470,#10471);
#10470 = CARTESIAN_POINT('',(2.9675,-0.2625,8.743006318923E-17));
#10471 = VECTOR('',#10472,1.);
#10472 = DIRECTION('',(0.707106781187,2.355138688025E-16,0.707106781186)
  );
#10473 = ORIENTED_EDGE('',*,*,#9863,.T.);
#10474 = ORIENTED_EDGE('',*,*,#9889,.T.);
#10475 = ORIENTED_EDGE('',*,*,#9913,.T.);
#10476 = PLANE('',#10477);
#10477 = AXIS2_PLACEMENT_3D('',#10478,#10479,#10480);
#10478 = CARTESIAN_POINT('',(1.81,-0.2625,0.3025));
#10479 = DIRECTION('',(0.,-1.,3.330669073875E-16));
#10480 = DIRECTION('',(0.,-3.330669073875E-16,-1.));
#10481 = ADVANCED_FACE('',(#10482),#10493,.F.);
#10482 = FACE_BOUND('',#10483,.F.);
#10483 = EDGE_LOOP('',(#10484,#10490,#10491,#10492));
#10484 = ORIENTED_EDGE('',*,*,#10485,.T.);
#10485 = EDGE_CURVE('',#10257,#10461,#10486,.T.);
#10486 = LINE('',#10487,#10488);
#10487 = CARTESIAN_POINT('',(2.9675,0.2625,-8.743006318923E-17));
#10488 = VECTOR('',#10489,1.);
#10489 = DIRECTION('',(0.,-1.,3.330669073875E-16));
#10490 = ORIENTED_EDGE('',*,*,#10468,.T.);
#10491 = ORIENTED_EDGE('',*,*,#9855,.F.);
#10492 = ORIENTED_EDGE('',*,*,#10264,.F.);
#10493 = PLANE('',#10494);
#10494 = AXIS2_PLACEMENT_3D('',#10495,#10496,#10497);
#10495 = CARTESIAN_POINT('',(2.9675,0.2625,-8.743006318923E-17));
#10496 = DIRECTION('',(-0.707106781186,2.355138688026E-16,0.707106781187
    ));
#10497 = DIRECTION('',(0.707106781187,2.355138688025E-16,0.707106781186)
  );
#10498 = ADVANCED_FACE('',(#10499),#10510,.F.);
#10499 = FACE_BOUND('',#10500,.F.);
#10500 = EDGE_LOOP('',(#10501,#10502,#10503,#10509));
#10501 = ORIENTED_EDGE('',*,*,#9921,.T.);
#10502 = ORIENTED_EDGE('',*,*,#10428,.T.);
#10503 = ORIENTED_EDGE('',*,*,#10504,.F.);
#10504 = EDGE_CURVE('',#10225,#10429,#10505,.T.);
#10505 = LINE('',#10506,#10507);
#10506 = CARTESIAN_POINT('',(2.1125,0.2625,-8.743006318923E-17));
#10507 = VECTOR('',#10508,1.);
#10508 = DIRECTION('',(0.,-1.,3.330669073875E-16));
#10509 = ORIENTED_EDGE('',*,*,#10224,.F.);
#10510 = PLANE('',#10511);
#10511 = AXIS2_PLACEMENT_3D('',#10512,#10513,#10514);
#10512 = CARTESIAN_POINT('',(1.81,0.2625,0.3025));
#10513 = DIRECTION('',(0.707106781186,2.355138688026E-16,0.707106781187)
  );
#10514 = DIRECTION('',(0.707106781187,-2.355138688025E-16,
    -0.707106781186));
#10515 = ADVANCED_FACE('',(#10516),#10567,.T.);
#10516 = FACE_BOUND('',#10517,.T.);
#10517 = EDGE_LOOP('',(#10518,#10526,#10534,#10542,#10550,#10558,#10564,
    #10565,#10566));
#10518 = ORIENTED_EDGE('',*,*,#10519,.T.);
#10519 = EDGE_CURVE('',#10011,#10520,#10522,.T.);
#10520 = VERTEX_POINT('',#10521);
#10521 = CARTESIAN_POINT('',(-0.4275,-0.2625,8.743006318923E-17));
#10522 = LINE('',#10523,#10524);
#10523 = CARTESIAN_POINT('',(-0.73,-0.2625,0.302499999998));
#10524 = VECTOR('',#10525,1.);
#10525 = DIRECTION('',(0.707106781188,-2.355138688019E-16,
    -0.707106781185));
#10526 = ORIENTED_EDGE('',*,*,#10527,.T.);
#10527 = EDGE_CURVE('',#10520,#10528,#10530,.T.);
#10528 = VERTEX_POINT('',#10529);
#10529 = CARTESIAN_POINT('',(-0.4275,-0.2625,-9.009548279765));
#10530 = LINE('',#10531,#10532);
#10531 = CARTESIAN_POINT('',(-0.4275,-0.2625,8.743006318923E-17));
#10532 = VECTOR('',#10533,1.);
#10533 = DIRECTION('',(-6.161368972952E-18,-3.330669073875E-16,-1.));
#10534 = ORIENTED_EDGE('',*,*,#10535,.T.);
#10535 = EDGE_CURVE('',#10528,#10536,#10538,.T.);
#10536 = VERTEX_POINT('',#10537);
#10537 = CARTESIAN_POINT('',(0.,-0.2625,-9.75));
#10538 = LINE('',#10539,#10540);
#10539 = CARTESIAN_POINT('',(-0.4275,-0.2625,-9.009548279765));
#10540 = VECTOR('',#10541,1.);
#10541 = DIRECTION('',(0.5,-2.884444029576E-16,-0.866025403784));
#10542 = ORIENTED_EDGE('',*,*,#10543,.T.);
#10543 = EDGE_CURVE('',#10536,#10544,#10546,.T.);
#10544 = VERTEX_POINT('',#10545);
#10545 = CARTESIAN_POINT('',(0.4275,-0.2625,-9.009548279765));
#10546 = LINE('',#10547,#10548);
#10547 = CARTESIAN_POINT('',(0.,-0.2625,-9.75));
#10548 = VECTOR('',#10549,1.);
#10549 = DIRECTION('',(0.5,2.884444029576E-16,0.866025403784));
#10550 = ORIENTED_EDGE('',*,*,#10551,.T.);
#10551 = EDGE_CURVE('',#10544,#10552,#10554,.T.);
#10552 = VERTEX_POINT('',#10553);
#10553 = CARTESIAN_POINT('',(0.4275,-0.2625,8.743006318923E-17));
#10554 = LINE('',#10555,#10556);
#10555 = CARTESIAN_POINT('',(0.4275,-0.2625,-9.009548279765));
#10556 = VECTOR('',#10557,1.);
#10557 = DIRECTION('',(0.,3.330669073875E-16,1.));
#10558 = ORIENTED_EDGE('',*,*,#10559,.T.);
#10559 = EDGE_CURVE('',#10552,#9953,#10560,.T.);
#10560 = LINE('',#10561,#10562);
#10561 = CARTESIAN_POINT('',(0.4275,-0.2625,8.743006318923E-17));
#10562 = VECTOR('',#10563,1.);
#10563 = DIRECTION('',(0.707106781188,2.355138688019E-16,0.707106781185)
  );
#10564 = ORIENTED_EDGE('',*,*,#9960,.T.);
#10565 = ORIENTED_EDGE('',*,*,#9986,.T.);
#10566 = ORIENTED_EDGE('',*,*,#10010,.T.);
#10567 = PLANE('',#10568);
#10568 = AXIS2_PLACEMENT_3D('',#10569,#10570,#10571);
#10569 = CARTESIAN_POINT('',(-0.73,-0.2625,0.302499999998));
#10570 = DIRECTION('',(0.,-1.,3.330669073875E-16));
#10571 = DIRECTION('',(0.,-3.330669073875E-16,-1.));
#10572 = ADVANCED_FACE('',(#10573),#10584,.F.);
#10573 = FACE_BOUND('',#10574,.F.);
#10574 = EDGE_LOOP('',(#10575,#10581,#10582,#10583));
#10575 = ORIENTED_EDGE('',*,*,#10576,.T.);
#10576 = EDGE_CURVE('',#10200,#10552,#10577,.T.);
#10577 = LINE('',#10578,#10579);
#10578 = CARTESIAN_POINT('',(0.4275,0.2625,-8.743006318923E-17));
#10579 = VECTOR('',#10580,1.);
#10580 = DIRECTION('',(0.,-1.,3.330669073875E-16));
#10581 = ORIENTED_EDGE('',*,*,#10559,.T.);
#10582 = ORIENTED_EDGE('',*,*,#9952,.F.);
#10583 = ORIENTED_EDGE('',*,*,#10207,.F.);
#10584 = PLANE('',#10585);
#10585 = AXIS2_PLACEMENT_3D('',#10586,#10587,#10588);
#10586 = CARTESIAN_POINT('',(0.4275,0.2625,-8.743006318923E-17));
#10587 = DIRECTION('',(-0.707106781185,2.355138688032E-16,0.707106781188
    ));
#10588 = DIRECTION('',(0.707106781188,2.355138688019E-16,0.707106781185)
  );
#10589 = ADVANCED_FACE('',(#10590),#10601,.F.);
#10590 = FACE_BOUND('',#10591,.F.);
#10591 = EDGE_LOOP('',(#10592,#10593,#10594,#10600));
#10592 = ORIENTED_EDGE('',*,*,#10018,.T.);
#10593 = ORIENTED_EDGE('',*,*,#10519,.T.);
#10594 = ORIENTED_EDGE('',*,*,#10595,.F.);
#10595 = EDGE_CURVE('',#10168,#10520,#10596,.T.);
#10596 = LINE('',#10597,#10598);
#10597 = CARTESIAN_POINT('',(-0.4275,0.2625,-8.743006318923E-17));
#10598 = VECTOR('',#10599,1.);
#10599 = DIRECTION('',(0.,-1.,3.330669073875E-16));
#10600 = ORIENTED_EDGE('',*,*,#10167,.F.);
#10601 = PLANE('',#10602);
#10602 = AXIS2_PLACEMENT_3D('',#10603,#10604,#10605);
#10603 = CARTESIAN_POINT('',(-0.73,0.2625,0.302499999998));
#10604 = DIRECTION('',(0.707106781185,2.355138688032E-16,0.707106781188)
  );
#10605 = DIRECTION('',(0.707106781188,-2.355138688019E-16,
    -0.707106781185));
#10606 = ADVANCED_FACE('',(#10607,#10618),#10629,.T.);
#10607 = FACE_BOUND('',#10608,.T.);
#10608 = EDGE_LOOP('',(#10609,#10610,#10616,#10617));
#10609 = ORIENTED_EDGE('',*,*,#10058,.T.);
#10610 = ORIENTED_EDGE('',*,*,#10611,.T.);
#10611 = EDGE_CURVE('',#10051,#10125,#10612,.T.);
#10612 = LINE('',#10613,#10614);
#10613 = CARTESIAN_POINT('',(-2.575,3.16,18.775));
#10614 = VECTOR('',#10615,1.);
#10615 = DIRECTION('',(1.,0.,0.));
#10616 = ORIENTED_EDGE('',*,*,#10124,.F.);
#10617 = ORIENTED_EDGE('',*,*,#10149,.F.);
#10618 = FACE_BOUND('',#10619,.T.);
#10619 = EDGE_LOOP('',(#10620));
#10620 = ORIENTED_EDGE('',*,*,#10621,.T.);
#10621 = EDGE_CURVE('',#10622,#10622,#10624,.T.);
#10622 = VERTEX_POINT('',#10623);
#10623 = CARTESIAN_POINT('',(4.4075,3.16,16.005));
#10624 = CIRCLE('',#10625,1.8675);
#10625 = AXIS2_PLACEMENT_3D('',#10626,#10627,#10628);
#10626 = CARTESIAN_POINT('',(2.54,3.16,16.005));
#10627 = DIRECTION('',(0.,-1.,2.22044604925E-16));
#10628 = DIRECTION('',(1.,0.,0.));
#10629 = PLANE('',#10630);
#10630 = AXIS2_PLACEMENT_3D('',#10631,#10632,#10633);
#10631 = CARTESIAN_POINT('',(-2.575,3.16,5.));
#10632 = DIRECTION('',(0.,1.,0.));
#10633 = DIRECTION('',(1.,0.,0.));
#10634 = ADVANCED_FACE('',(#10635),#10641,.T.);
#10635 = FACE_BOUND('',#10636,.F.);
#10636 = EDGE_LOOP('',(#10637,#10638,#10639,#10640));
#10637 = ORIENTED_EDGE('',*,*,#10611,.T.);
#10638 = ORIENTED_EDGE('',*,*,#10132,.T.);
#10639 = ORIENTED_EDGE('',*,*,#10090,.T.);
#10640 = ORIENTED_EDGE('',*,*,#10050,.T.);
#10641 = PLANE('',#10642);
#10642 = AXIS2_PLACEMENT_3D('',#10643,#10644,#10645);
#10643 = CARTESIAN_POINT('',(-2.575,3.16,18.775));
#10644 = DIRECTION('',(0.,0.,1.));
#10645 = DIRECTION('',(1.,0.,-0.));
#10646 = ADVANCED_FACE('',(#10647),#10658,.F.);
#10647 = FACE_BOUND('',#10648,.F.);
#10648 = EDGE_LOOP('',(#10649,#10650,#10656,#10657));
#10649 = ORIENTED_EDGE('',*,*,#10099,.F.);
#10650 = ORIENTED_EDGE('',*,*,#10651,.T.);
#10651 = EDGE_CURVE('',#10100,#10622,#10652,.T.);
#10652 = LINE('',#10653,#10654);
#10653 = CARTESIAN_POINT('',(4.4075,1.89,16.005));
#10654 = VECTOR('',#10655,1.);
#10655 = DIRECTION('',(0.,1.,-2.22044604925E-16));
#10656 = ORIENTED_EDGE('',*,*,#10621,.T.);
#10657 = ORIENTED_EDGE('',*,*,#10651,.F.);
#10658 = CYLINDRICAL_SURFACE('',#10659,1.8675);
#10659 = AXIS2_PLACEMENT_3D('',#10660,#10661,#10662);
#10660 = CARTESIAN_POINT('',(2.54,1.89,16.005));
#10661 = DIRECTION('',(0.,-1.,2.22044604925E-16));
#10662 = DIRECTION('',(1.,0.,0.));
#10663 = ADVANCED_FACE('',(#10664),#10675,.F.);
#10664 = FACE_BOUND('',#10665,.F.);
#10665 = EDGE_LOOP('',(#10666,#10672,#10673,#10674));
#10666 = ORIENTED_EDGE('',*,*,#10667,.T.);
#10667 = EDGE_CURVE('',#10192,#10544,#10668,.T.);
#10668 = LINE('',#10669,#10670);
#10669 = CARTESIAN_POINT('',(0.4275,0.2625,-9.009548279765));
#10670 = VECTOR('',#10671,1.);
#10671 = DIRECTION('',(0.,-1.,3.330669073875E-16));
#10672 = ORIENTED_EDGE('',*,*,#10551,.T.);
#10673 = ORIENTED_EDGE('',*,*,#10576,.F.);
#10674 = ORIENTED_EDGE('',*,*,#10199,.F.);
#10675 = PLANE('',#10676);
#10676 = AXIS2_PLACEMENT_3D('',#10677,#10678,#10679);
#10677 = CARTESIAN_POINT('',(0.4275,0.2625,-9.009548279765));
#10678 = DIRECTION('',(-1.,0.,0.));
#10679 = DIRECTION('',(0.,3.330669073875E-16,1.));
#10680 = ADVANCED_FACE('',(#10681),#10692,.F.);
#10681 = FACE_BOUND('',#10682,.F.);
#10682 = EDGE_LOOP('',(#10683,#10689,#10690,#10691));
#10683 = ORIENTED_EDGE('',*,*,#10684,.T.);
#10684 = EDGE_CURVE('',#10184,#10536,#10685,.T.);
#10685 = LINE('',#10686,#10687);
#10686 = CARTESIAN_POINT('',(0.,0.2625,-9.75));
#10687 = VECTOR('',#10688,1.);
#10688 = DIRECTION('',(0.,-1.,3.330669073875E-16));
#10689 = ORIENTED_EDGE('',*,*,#10543,.T.);
#10690 = ORIENTED_EDGE('',*,*,#10667,.F.);
#10691 = ORIENTED_EDGE('',*,*,#10191,.F.);
#10692 = PLANE('',#10693);
#10693 = AXIS2_PLACEMENT_3D('',#10694,#10695,#10696);
#10694 = CARTESIAN_POINT('',(0.,0.2625,-9.75));
#10695 = DIRECTION('',(-0.866025403784,1.66533453694E-16,0.5));
#10696 = DIRECTION('',(0.5,2.884444029576E-16,0.866025403784));
#10697 = ADVANCED_FACE('',(#10698),#10709,.F.);
#10698 = FACE_BOUND('',#10699,.F.);
#10699 = EDGE_LOOP('',(#10700,#10706,#10707,#10708));
#10700 = ORIENTED_EDGE('',*,*,#10701,.T.);
#10701 = EDGE_CURVE('',#10176,#10528,#10702,.T.);
#10702 = LINE('',#10703,#10704);
#10703 = CARTESIAN_POINT('',(-0.4275,0.2625,-9.009548279765));
#10704 = VECTOR('',#10705,1.);
#10705 = DIRECTION('',(0.,-1.,3.330669073875E-16));
#10706 = ORIENTED_EDGE('',*,*,#10535,.T.);
#10707 = ORIENTED_EDGE('',*,*,#10684,.F.);
#10708 = ORIENTED_EDGE('',*,*,#10183,.F.);
#10709 = PLANE('',#10710);
#10710 = AXIS2_PLACEMENT_3D('',#10711,#10712,#10713);
#10711 = CARTESIAN_POINT('',(-0.4275,0.2625,-9.009548279765));
#10712 = DIRECTION('',(0.866025403784,1.66533453694E-16,0.5));
#10713 = DIRECTION('',(0.5,-2.884444029576E-16,-0.866025403784));
#10714 = ADVANCED_FACE('',(#10715),#10721,.F.);
#10715 = FACE_BOUND('',#10716,.F.);
#10716 = EDGE_LOOP('',(#10717,#10718,#10719,#10720));
#10717 = ORIENTED_EDGE('',*,*,#10595,.T.);
#10718 = ORIENTED_EDGE('',*,*,#10527,.T.);
#10719 = ORIENTED_EDGE('',*,*,#10701,.F.);
#10720 = ORIENTED_EDGE('',*,*,#10175,.F.);
#10721 = PLANE('',#10722);
#10722 = AXIS2_PLACEMENT_3D('',#10723,#10724,#10725);
#10723 = CARTESIAN_POINT('',(-0.4275,0.2625,-8.743006318923E-17));
#10724 = DIRECTION('',(1.,-2.052148109095E-33,-6.161368972952E-18));
#10725 = DIRECTION('',(-6.161368972952E-18,-3.330669073875E-16,-1.));
#10726 = ADVANCED_FACE('',(#10727),#10738,.F.);
#10727 = FACE_BOUND('',#10728,.F.);
#10728 = EDGE_LOOP('',(#10729,#10735,#10736,#10737));
#10729 = ORIENTED_EDGE('',*,*,#10730,.T.);
#10730 = EDGE_CURVE('',#10249,#10453,#10731,.T.);
#10731 = LINE('',#10732,#10733);
#10732 = CARTESIAN_POINT('',(2.9675,0.2625,-9.009548279765));
#10733 = VECTOR('',#10734,1.);
#10734 = DIRECTION('',(0.,-1.,3.330669073875E-16));
#10735 = ORIENTED_EDGE('',*,*,#10460,.T.);
#10736 = ORIENTED_EDGE('',*,*,#10485,.F.);
#10737 = ORIENTED_EDGE('',*,*,#10256,.F.);
#10738 = PLANE('',#10739);
#10739 = AXIS2_PLACEMENT_3D('',#10740,#10741,#10742);
#10740 = CARTESIAN_POINT('',(2.9675,0.2625,-9.009548279765));
#10741 = DIRECTION('',(-1.,0.,0.));
#10742 = DIRECTION('',(0.,3.330669073875E-16,1.));
#10743 = ADVANCED_FACE('',(#10744),#10755,.F.);
#10744 = FACE_BOUND('',#10745,.F.);
#10745 = EDGE_LOOP('',(#10746,#10752,#10753,#10754));
#10746 = ORIENTED_EDGE('',*,*,#10747,.T.);
#10747 = EDGE_CURVE('',#10241,#10445,#10748,.T.);
#10748 = LINE('',#10749,#10750);
#10749 = CARTESIAN_POINT('',(2.54,0.2625,-9.75));
#10750 = VECTOR('',#10751,1.);
#10751 = DIRECTION('',(0.,-1.,3.330669073875E-16));
#10752 = ORIENTED_EDGE('',*,*,#10452,.T.);
#10753 = ORIENTED_EDGE('',*,*,#10730,.F.);
#10754 = ORIENTED_EDGE('',*,*,#10248,.F.);
#10755 = PLANE('',#10756);
#10756 = AXIS2_PLACEMENT_3D('',#10757,#10758,#10759);
#10757 = CARTESIAN_POINT('',(2.54,0.2625,-9.75));
#10758 = DIRECTION('',(-0.866025403784,1.66533453694E-16,0.5));
#10759 = DIRECTION('',(0.5,2.884444029576E-16,0.866025403784));
#10760 = ADVANCED_FACE('',(#10761),#10772,.F.);
#10761 = FACE_BOUND('',#10762,.F.);
#10762 = EDGE_LOOP('',(#10763,#10769,#10770,#10771));
#10763 = ORIENTED_EDGE('',*,*,#10764,.T.);
#10764 = EDGE_CURVE('',#10233,#10437,#10765,.T.);
#10765 = LINE('',#10766,#10767);
#10766 = CARTESIAN_POINT('',(2.1125,0.2625,-9.009548279765));
#10767 = VECTOR('',#10768,1.);
#10768 = DIRECTION('',(0.,-1.,3.330669073875E-16));
#10769 = ORIENTED_EDGE('',*,*,#10444,.T.);
#10770 = ORIENTED_EDGE('',*,*,#10747,.F.);
#10771 = ORIENTED_EDGE('',*,*,#10240,.F.);
#10772 = PLANE('',#10773);
#10773 = AXIS2_PLACEMENT_3D('',#10774,#10775,#10776);
#10774 = CARTESIAN_POINT('',(2.1125,0.2625,-9.009548279765));
#10775 = DIRECTION('',(0.866025403784,1.66533453694E-16,0.5));
#10776 = DIRECTION('',(0.5,-2.884444029576E-16,-0.866025403784));
#10777 = ADVANCED_FACE('',(#10778),#10784,.F.);
#10778 = FACE_BOUND('',#10779,.F.);
#10779 = EDGE_LOOP('',(#10780,#10781,#10782,#10783));
#10780 = ORIENTED_EDGE('',*,*,#10504,.T.);
#10781 = ORIENTED_EDGE('',*,*,#10436,.T.);
#10782 = ORIENTED_EDGE('',*,*,#10764,.F.);
#10783 = ORIENTED_EDGE('',*,*,#10232,.F.);
#10784 = PLANE('',#10785);
#10785 = AXIS2_PLACEMENT_3D('',#10786,#10787,#10788);
#10786 = CARTESIAN_POINT('',(2.1125,0.2625,-8.743006318923E-17));
#10787 = DIRECTION('',(1.,0.,0.));
#10788 = DIRECTION('',(0.,-3.330669073875E-16,-1.));
#10789 = ADVANCED_FACE('',(#10790),#10801,.F.);
#10790 = FACE_BOUND('',#10791,.F.);
#10791 = EDGE_LOOP('',(#10792,#10798,#10799,#10800));
#10792 = ORIENTED_EDGE('',*,*,#10793,.T.);
#10793 = EDGE_CURVE('',#10306,#10362,#10794,.T.);
#10794 = LINE('',#10795,#10796);
#10795 = CARTESIAN_POINT('',(5.5075,0.2625,-9.009548279765));
#10796 = VECTOR('',#10797,1.);
#10797 = DIRECTION('',(0.,-1.,3.330669073875E-16));
#10798 = ORIENTED_EDGE('',*,*,#10369,.T.);
#10799 = ORIENTED_EDGE('',*,*,#10394,.F.);
#10800 = ORIENTED_EDGE('',*,*,#10313,.F.);
#10801 = PLANE('',#10802);
#10802 = AXIS2_PLACEMENT_3D('',#10803,#10804,#10805);
#10803 = CARTESIAN_POINT('',(5.5075,0.2625,-9.009548279765));
#10804 = DIRECTION('',(-1.,0.,0.));
#10805 = DIRECTION('',(0.,3.330669073875E-16,1.));
#10806 = ADVANCED_FACE('',(#10807),#10818,.F.);
#10807 = FACE_BOUND('',#10808,.F.);
#10808 = EDGE_LOOP('',(#10809,#10815,#10816,#10817));
#10809 = ORIENTED_EDGE('',*,*,#10810,.T.);
#10810 = EDGE_CURVE('',#10298,#10354,#10811,.T.);
#10811 = LINE('',#10812,#10813);
#10812 = CARTESIAN_POINT('',(5.08,0.2625,-9.75));
#10813 = VECTOR('',#10814,1.);
#10814 = DIRECTION('',(0.,-1.,3.330669073875E-16));
#10815 = ORIENTED_EDGE('',*,*,#10361,.T.);
#10816 = ORIENTED_EDGE('',*,*,#10793,.F.);
#10817 = ORIENTED_EDGE('',*,*,#10305,.F.);
#10818 = PLANE('',#10819);
#10819 = AXIS2_PLACEMENT_3D('',#10820,#10821,#10822);
#10820 = CARTESIAN_POINT('',(5.08,0.2625,-9.75));
#10821 = DIRECTION('',(-0.866025403784,1.66533453694E-16,0.5));
#10822 = DIRECTION('',(0.5,2.884444029576E-16,0.866025403784));
#10823 = ADVANCED_FACE('',(#10824),#10835,.F.);
#10824 = FACE_BOUND('',#10825,.F.);
#10825 = EDGE_LOOP('',(#10826,#10832,#10833,#10834));
#10826 = ORIENTED_EDGE('',*,*,#10827,.T.);
#10827 = EDGE_CURVE('',#10290,#10346,#10828,.T.);
#10828 = LINE('',#10829,#10830);
#10829 = CARTESIAN_POINT('',(4.6525,0.2625,-9.009548279765));
#10830 = VECTOR('',#10831,1.);
#10831 = DIRECTION('',(0.,-1.,3.330669073875E-16));
#10832 = ORIENTED_EDGE('',*,*,#10353,.T.);
#10833 = ORIENTED_EDGE('',*,*,#10810,.F.);
#10834 = ORIENTED_EDGE('',*,*,#10297,.F.);
#10835 = PLANE('',#10836);
#10836 = AXIS2_PLACEMENT_3D('',#10837,#10838,#10839);
#10837 = CARTESIAN_POINT('',(4.6525,0.2625,-9.009548279765));
#10838 = DIRECTION('',(0.866025403784,1.66533453694E-16,0.5));
#10839 = DIRECTION('',(0.5,-2.884444029576E-16,-0.866025403784));
#10840 = ADVANCED_FACE('',(#10841),#10847,.F.);
#10841 = FACE_BOUND('',#10842,.F.);
#10842 = EDGE_LOOP('',(#10843,#10844,#10845,#10846));
#10843 = ORIENTED_EDGE('',*,*,#10413,.T.);
#10844 = ORIENTED_EDGE('',*,*,#10345,.T.);
#10845 = ORIENTED_EDGE('',*,*,#10827,.F.);
#10846 = ORIENTED_EDGE('',*,*,#10289,.F.);
#10847 = PLANE('',#10848);
#10848 = AXIS2_PLACEMENT_3D('',#10849,#10850,#10851);
#10849 = CARTESIAN_POINT('',(4.6525,0.2625,-8.743006318923E-17));
#10850 = DIRECTION('',(1.,0.,0.));
#10851 = DIRECTION('',(0.,-3.330669073875E-16,-1.));
#10852 = ( GEOMETRIC_REPRESENTATION_CONTEXT(3) 
GLOBAL_UNCERTAINTY_ASSIGNED_CONTEXT((#10856)) 
GLOBAL_UNIT_ASSIGNED_CONTEXT((#10853,#10854,#10855)) 
REPRESENTATION_CONTEXT('Context #1',
  '3D Context with UNIT and UNCERTAINTY') );
#10853 = ( LENGTH_UNIT() NAMED_UNIT(*) SI_UNIT(.MILLI.,.METRE.) );
#10854 = ( NAMED_UNIT(*) PLANE_ANGLE_UNIT() SI_UNIT($,.RADIAN.) );
#10855 = ( NAMED_UNIT(*) SI_UNIT($,.STERADIAN.) SOLID_ANGLE_UNIT() );
#10856 = UNCERTAINTY_MEASURE_WITH_UNIT(LENGTH_MEASURE(1.E-07),#10853,
  'distance_accuracy_value','confusion accuracy');
#10857 = CONTEXT_DEPENDENT_SHAPE_REPRESENTATION(#10858,#10860);
#10858 = ( REPRESENTATION_RELATIONSHIP('','',#9309,#10) 
REPRESENTATION_RELATIONSHIP_WITH_TRANSFORMATION(#10859) 
SHAPE_REPRESENTATION_RELATIONSHIP() );
#10859 = ITEM_DEFINED_TRANSFORMATION('','',#11,#59);
#10860 = PRODUCT_DEFINITION_SHAPE('Placement','Placement of an item',
  #10861);
#10861 = NEXT_ASSEMBLY_USAGE_OCCURRENCE('12','Q1','',#5,#9304,$);
#10862 = PRODUCT_RELATED_PRODUCT_CATEGORY('part',$,(#9306));
#10863 = CONTEXT_DEPENDENT_SHAPE_REPRESENTATION(#10864,#10866);
#10864 = ( REPRESENTATION_RELATIONSHIP('','',#556,#10) 
REPRESENTATION_RELATIONSHIP_WITH_TRANSFORMATION(#10865) 
SHAPE_REPRESENTATION_RELATIONSHIP() );
#10865 = ITEM_DEFINED_TRANSFORMATION('','',#11,#63);
#10866 = PRODUCT_DEFINITION_SHAPE('Placement','Placement of an item',
  #10867);
#10867 = NEXT_ASSEMBLY_USAGE_OCCURRENCE('13','J4','',#5,#551,$);
#10868 = SHAPE_DEFINITION_REPRESENTATION(#10869,#10875);
#10869 = PRODUCT_DEFINITION_SHAPE('','',#10870);
#10870 = PRODUCT_DEFINITION('design','',#10871,#10874);
#10871 = PRODUCT_DEFINITION_FORMATION('','',#10872);
#10872 = PRODUCT('R_Axial_DIN0207_L6.3mm_D2.5mm_P10.16mm_Horizontal',
  'R_Axial_DIN0207_L6.3mm_D2.5mm_P10.16mm_Horizontal','',(#10873));
#10873 = PRODUCT_CONTEXT('',#2,'mechanical');
#10874 = PRODUCT_DEFINITION_CONTEXT('part definition',#2,'design');
#10875 = ADVANCED_BREP_SHAPE_REPRESENTATION('',(#11,#10876),#11263);
#10876 = MANIFOLD_SOLID_BREP('',#10877);
#10877 = CLOSED_SHELL('',(#10878,#10911,#10937,#10957,#10977,#11002,
    #11027,#11047,#11073,#11098,#11123,#11149,#11158,#11178,#11203,
    #11229,#11254));
#10878 = ADVANCED_FACE('',(#10879),#10906,.T.);
#10879 = FACE_BOUND('',#10880,.T.);
#10880 = EDGE_LOOP('',(#10881,#10890,#10898,#10905));
#10881 = ORIENTED_EDGE('',*,*,#10882,.T.);
#10882 = EDGE_CURVE('',#10883,#10883,#10885,.T.);
#10883 = VERTEX_POINT('',#10884);
#10884 = CARTESIAN_POINT('',(2.555,1.25,1.25));
#10885 = CIRCLE('',#10886,1.25);
#10886 = AXIS2_PLACEMENT_3D('',#10887,#10888,#10889);
#10887 = CARTESIAN_POINT('',(2.555,0.,1.25));
#10888 = DIRECTION('',(1.,0.,0.));
#10889 = DIRECTION('',(-0.,1.,0.));
#10890 = ORIENTED_EDGE('',*,*,#10891,.T.);
#10891 = EDGE_CURVE('',#10883,#10892,#10894,.T.);
#10892 = VERTEX_POINT('',#10893);
#10893 = CARTESIAN_POINT('',(3.505,1.25,1.25));
#10894 = LINE('',#10895,#10896);
#10895 = CARTESIAN_POINT('',(1.93,1.25,1.25));
#10896 = VECTOR('',#10897,1.);
#10897 = DIRECTION('',(1.,0.,0.));
#10898 = ORIENTED_EDGE('',*,*,#10899,.F.);
#10899 = EDGE_CURVE('',#10892,#10892,#10900,.T.);
#10900 = CIRCLE('',#10901,1.25);
#10901 = AXIS2_PLACEMENT_3D('',#10902,#10903,#10904);
#10902 = CARTESIAN_POINT('',(3.505,0.,1.25));
#10903 = DIRECTION('',(1.,0.,0.));
#10904 = DIRECTION('',(-0.,1.,0.));
#10905 = ORIENTED_EDGE('',*,*,#10891,.F.);
#10906 = CYLINDRICAL_SURFACE('',#10907,1.25);
#10907 = AXIS2_PLACEMENT_3D('',#10908,#10909,#10910);
#10908 = CARTESIAN_POINT('',(1.93,0.,1.25));
#10909 = DIRECTION('',(-1.,-0.,-0.));
#10910 = DIRECTION('',(0.,1.,0.));
#10911 = ADVANCED_FACE('',(#10912),#10932,.T.);
#10912 = FACE_BOUND('',#10913,.T.);
#10913 = EDGE_LOOP('',(#10914,#10923,#10930,#10931));
#10914 = ORIENTED_EDGE('',*,*,#10915,.T.);
#10915 = EDGE_CURVE('',#10916,#10916,#10918,.T.);
#10916 = VERTEX_POINT('',#10917);
#10917 = CARTESIAN_POINT('',(1.93,0.625,1.25));
#10918 = CIRCLE('',#10919,0.625);
#10919 = AXIS2_PLACEMENT_3D('',#10920,#10921,#10922);
#10920 = CARTESIAN_POINT('',(1.93,0.,1.25));
#10921 = DIRECTION('',(1.,0.,0.));
#10922 = DIRECTION('',(-0.,1.,0.));
#10923 = ORIENTED_EDGE('',*,*,#10924,.F.);
#10924 = EDGE_CURVE('',#10883,#10916,#10925,.T.);
#10925 = CIRCLE('',#10926,0.625);
#10926 = AXIS2_PLACEMENT_3D('',#10927,#10928,#10929);
#10927 = CARTESIAN_POINT('',(2.555,0.625,1.25));
#10928 = DIRECTION('',(0.,-0.,1.));
#10929 = DIRECTION('',(0.,1.,0.));
#10930 = ORIENTED_EDGE('',*,*,#10882,.F.);
#10931 = ORIENTED_EDGE('',*,*,#10924,.T.);
#10932 = TOROIDAL_SURFACE('',#10933,0.625,0.625);
#10933 = AXIS2_PLACEMENT_3D('',#10934,#10935,#10936);
#10934 = CARTESIAN_POINT('',(2.555,0.,1.25));
#10935 = DIRECTION('',(-1.,0.,0.));
#10936 = DIRECTION('',(0.,1.,0.));
#10937 = ADVANCED_FACE('',(#10938,#10941),#10952,.F.);
#10938 = FACE_BOUND('',#10939,.F.);
#10939 = EDGE_LOOP('',(#10940));
#10940 = ORIENTED_EDGE('',*,*,#10899,.F.);
#10941 = FACE_BOUND('',#10942,.F.);
#10942 = EDGE_LOOP('',(#10943));
#10943 = ORIENTED_EDGE('',*,*,#10944,.F.);
#10944 = EDGE_CURVE('',#10945,#10945,#10947,.T.);
#10945 = VERTEX_POINT('',#10946);
#10946 = CARTESIAN_POINT('',(3.505,1.125,1.25));
#10947 = CIRCLE('',#10948,1.125);
#10948 = AXIS2_PLACEMENT_3D('',#10949,#10950,#10951);
#10949 = CARTESIAN_POINT('',(3.505,0.,1.25));
#10950 = DIRECTION('',(-1.,0.,0.));
#10951 = DIRECTION('',(0.,1.,0.));
#10952 = PLANE('',#10953);
#10953 = AXIS2_PLACEMENT_3D('',#10954,#10955,#10956);
#10954 = CARTESIAN_POINT('',(3.505,1.25,1.25));
#10955 = DIRECTION('',(-1.,0.,0.));
#10956 = DIRECTION('',(0.,0.,-1.));
#10957 = ADVANCED_FACE('',(#10958,#10961),#10972,.T.);
#10958 = FACE_BOUND('',#10959,.T.);
#10959 = EDGE_LOOP('',(#10960));
#10960 = ORIENTED_EDGE('',*,*,#10915,.F.);
#10961 = FACE_BOUND('',#10962,.T.);
#10962 = EDGE_LOOP('',(#10963));
#10963 = ORIENTED_EDGE('',*,*,#10964,.T.);
#10964 = EDGE_CURVE('',#10965,#10965,#10967,.T.);
#10965 = VERTEX_POINT('',#10966);
#10966 = CARTESIAN_POINT('',(1.93,0.,0.95));
#10967 = CIRCLE('',#10968,0.3);
#10968 = AXIS2_PLACEMENT_3D('',#10969,#10970,#10971);
#10969 = CARTESIAN_POINT('',(1.93,0.,1.25));
#10970 = DIRECTION('',(1.,-0.,0.));
#10971 = DIRECTION('',(0.,0.,-1.));
#10972 = PLANE('',#10973);
#10973 = AXIS2_PLACEMENT_3D('',#10974,#10975,#10976);
#10974 = CARTESIAN_POINT('',(1.93,1.25,1.25));
#10975 = DIRECTION('',(-1.,0.,0.));
#10976 = DIRECTION('',(0.,0.,-1.));
#10977 = ADVANCED_FACE('',(#10978),#10997,.T.);
#10978 = FACE_BOUND('',#10979,.T.);
#10979 = EDGE_LOOP('',(#10980,#10989,#10995,#10996));
#10980 = ORIENTED_EDGE('',*,*,#10981,.T.);
#10981 = EDGE_CURVE('',#10982,#10982,#10984,.T.);
#10982 = VERTEX_POINT('',#10983);
#10983 = CARTESIAN_POINT('',(6.655,1.125,1.25));
#10984 = CIRCLE('',#10985,1.125);
#10985 = AXIS2_PLACEMENT_3D('',#10986,#10987,#10988);
#10986 = CARTESIAN_POINT('',(6.655,0.,1.25));
#10987 = DIRECTION('',(-1.,0.,0.));
#10988 = DIRECTION('',(0.,1.,0.));
#10989 = ORIENTED_EDGE('',*,*,#10990,.F.);
#10990 = EDGE_CURVE('',#10945,#10982,#10991,.T.);
#10991 = LINE('',#10992,#10993);
#10992 = CARTESIAN_POINT('',(1.93,1.125,1.25));
#10993 = VECTOR('',#10994,1.);
#10994 = DIRECTION('',(1.,0.,0.));
#10995 = ORIENTED_EDGE('',*,*,#10944,.F.);
#10996 = ORIENTED_EDGE('',*,*,#10990,.T.);
#10997 = CYLINDRICAL_SURFACE('',#10998,1.125);
#10998 = AXIS2_PLACEMENT_3D('',#10999,#11000,#11001);
#10999 = CARTESIAN_POINT('',(1.93,0.,1.25));
#11000 = DIRECTION('',(-1.,-0.,-0.));
#11001 = DIRECTION('',(0.,1.,0.));
#11002 = ADVANCED_FACE('',(#11003),#11022,.T.);
#11003 = FACE_BOUND('',#11004,.T.);
#11004 = EDGE_LOOP('',(#11005,#11014,#11020,#11021));
#11005 = ORIENTED_EDGE('',*,*,#11006,.F.);
#11006 = EDGE_CURVE('',#11007,#11007,#11009,.T.);
#11007 = VERTEX_POINT('',#11008);
#11008 = CARTESIAN_POINT('',(0.9,0.,0.95));
#11009 = CIRCLE('',#11010,0.3);
#11010 = AXIS2_PLACEMENT_3D('',#11011,#11012,#11013);
#11011 = CARTESIAN_POINT('',(0.9,0.,1.25));
#11012 = DIRECTION('',(-1.,0.,-1.188909441847E-17));
#11013 = DIRECTION('',(-1.188909441847E-17,0.,1.));
#11014 = ORIENTED_EDGE('',*,*,#11015,.T.);
#11015 = EDGE_CURVE('',#11007,#10965,#11016,.T.);
#11016 = LINE('',#11017,#11018);
#11017 = CARTESIAN_POINT('',(0.9,0.,0.95));
#11018 = VECTOR('',#11019,1.);
#11019 = DIRECTION('',(1.,0.,0.));
#11020 = ORIENTED_EDGE('',*,*,#10964,.F.);
#11021 = ORIENTED_EDGE('',*,*,#11015,.F.);
#11022 = CYLINDRICAL_SURFACE('',#11023,0.3);
#11023 = AXIS2_PLACEMENT_3D('',#11024,#11025,#11026);
#11024 = CARTESIAN_POINT('',(0.9,0.,1.25));
#11025 = DIRECTION('',(1.,0.,0.));
#11026 = DIRECTION('',(0.,0.,-1.));
#11027 = ADVANCED_FACE('',(#11028,#11039),#11042,.T.);
#11028 = FACE_BOUND('',#11029,.T.);
#11029 = EDGE_LOOP('',(#11030));
#11030 = ORIENTED_EDGE('',*,*,#11031,.F.);
#11031 = EDGE_CURVE('',#11032,#11032,#11034,.T.);
#11032 = VERTEX_POINT('',#11033);
#11033 = CARTESIAN_POINT('',(6.655,1.25,1.25));
#11034 = CIRCLE('',#11035,1.25);
#11035 = AXIS2_PLACEMENT_3D('',#11036,#11037,#11038);
#11036 = CARTESIAN_POINT('',(6.655,0.,1.25));
#11037 = DIRECTION('',(1.,0.,0.));
#11038 = DIRECTION('',(-0.,1.,0.));
#11039 = FACE_BOUND('',#11040,.T.);
#11040 = EDGE_LOOP('',(#11041));
#11041 = ORIENTED_EDGE('',*,*,#10981,.F.);
#11042 = PLANE('',#11043);
#11043 = AXIS2_PLACEMENT_3D('',#11044,#11045,#11046);
#11044 = CARTESIAN_POINT('',(6.655,1.25,1.25));
#11045 = DIRECTION('',(-1.,0.,0.));
#11046 = DIRECTION('',(0.,0.,-1.));
#11047 = ADVANCED_FACE('',(#11048),#11068,.T.);
#11048 = FACE_BOUND('',#11049,.T.);
#11049 = EDGE_LOOP('',(#11050,#11059,#11060,#11061));
#11050 = ORIENTED_EDGE('',*,*,#11051,.T.);
#11051 = EDGE_CURVE('',#11052,#11007,#11054,.T.);
#11052 = VERTEX_POINT('',#11053);
#11053 = CARTESIAN_POINT('',(0.3,0.,0.35));
#11054 = CIRCLE('',#11055,0.6);
#11055 = AXIS2_PLACEMENT_3D('',#11056,#11057,#11058);
#11056 = CARTESIAN_POINT('',(0.9,1.102182119233E-16,0.35));
#11057 = DIRECTION('',(0.,1.,-0.));
#11058 = DIRECTION('',(-1.,0.,4.93432455389E-16));
#11059 = ORIENTED_EDGE('',*,*,#11006,.T.);
#11060 = ORIENTED_EDGE('',*,*,#11051,.F.);
#11061 = ORIENTED_EDGE('',*,*,#11062,.T.);
#11062 = EDGE_CURVE('',#11052,#11052,#11063,.T.);
#11063 = CIRCLE('',#11064,0.3);
#11064 = AXIS2_PLACEMENT_3D('',#11065,#11066,#11067);
#11065 = CARTESIAN_POINT('',(0.,0.,0.35));
#11066 = DIRECTION('',(0.,0.,1.));
#11067 = DIRECTION('',(1.,0.,-0.));
#11068 = TOROIDAL_SURFACE('',#11069,0.9,0.3);
#11069 = AXIS2_PLACEMENT_3D('',#11070,#11071,#11072);
#11070 = CARTESIAN_POINT('',(0.9,0.,0.35));
#11071 = DIRECTION('',(0.,1.,0.));
#11072 = DIRECTION('',(-1.,0.,4.93432455389E-16));
#11073 = ADVANCED_FACE('',(#11074),#11093,.T.);
#11074 = FACE_BOUND('',#11075,.T.);
#11075 = EDGE_LOOP('',(#11076,#11077,#11085,#11092));
#11076 = ORIENTED_EDGE('',*,*,#11031,.T.);
#11077 = ORIENTED_EDGE('',*,*,#11078,.T.);
#11078 = EDGE_CURVE('',#11032,#11079,#11081,.T.);
#11079 = VERTEX_POINT('',#11080);
#11080 = CARTESIAN_POINT('',(7.605,1.25,1.25));
#11081 = LINE('',#11082,#11083);
#11082 = CARTESIAN_POINT('',(6.655,1.25,1.25));
#11083 = VECTOR('',#11084,1.);
#11084 = DIRECTION('',(1.,0.,0.));
#11085 = ORIENTED_EDGE('',*,*,#11086,.F.);
#11086 = EDGE_CURVE('',#11079,#11079,#11087,.T.);
#11087 = CIRCLE('',#11088,1.25);
#11088 = AXIS2_PLACEMENT_3D('',#11089,#11090,#11091);
#11089 = CARTESIAN_POINT('',(7.605,0.,1.25));
#11090 = DIRECTION('',(1.,0.,0.));
#11091 = DIRECTION('',(-0.,1.,0.));
#11092 = ORIENTED_EDGE('',*,*,#11078,.F.);
#11093 = CYLINDRICAL_SURFACE('',#11094,1.25);
#11094 = AXIS2_PLACEMENT_3D('',#11095,#11096,#11097);
#11095 = CARTESIAN_POINT('',(6.655,0.,1.25));
#11096 = DIRECTION('',(-1.,-0.,-0.));
#11097 = DIRECTION('',(0.,1.,0.));
#11098 = ADVANCED_FACE('',(#11099),#11118,.T.);
#11099 = FACE_BOUND('',#11100,.T.);
#11100 = EDGE_LOOP('',(#11101,#11109,#11110,#11111));
#11101 = ORIENTED_EDGE('',*,*,#11102,.T.);
#11102 = EDGE_CURVE('',#11103,#11052,#11105,.T.);
#11103 = VERTEX_POINT('',#11104);
#11104 = CARTESIAN_POINT('',(0.3,-7.347880794884E-17,-3.));
#11105 = LINE('',#11106,#11107);
#11106 = CARTESIAN_POINT('',(0.3,0.,-3.));
#11107 = VECTOR('',#11108,1.);
#11108 = DIRECTION('',(0.,0.,1.));
#11109 = ORIENTED_EDGE('',*,*,#11062,.F.);
#11110 = ORIENTED_EDGE('',*,*,#11102,.F.);
#11111 = ORIENTED_EDGE('',*,*,#11112,.T.);
#11112 = EDGE_CURVE('',#11103,#11103,#11113,.T.);
#11113 = CIRCLE('',#11114,0.3);
#11114 = AXIS2_PLACEMENT_3D('',#11115,#11116,#11117);
#11115 = CARTESIAN_POINT('',(0.,0.,-3.));
#11116 = DIRECTION('',(0.,0.,1.));
#11117 = DIRECTION('',(1.,0.,-0.));
#11118 = CYLINDRICAL_SURFACE('',#11119,0.3);
#11119 = AXIS2_PLACEMENT_3D('',#11120,#11121,#11122);
#11120 = CARTESIAN_POINT('',(0.,0.,-3.));
#11121 = DIRECTION('',(0.,0.,1.));
#11122 = DIRECTION('',(1.,0.,-0.));
#11123 = ADVANCED_FACE('',(#11124),#11144,.T.);
#11124 = FACE_BOUND('',#11125,.T.);
#11125 = EDGE_LOOP('',(#11126,#11135,#11136,#11137));
#11126 = ORIENTED_EDGE('',*,*,#11127,.F.);
#11127 = EDGE_CURVE('',#11079,#11128,#11130,.T.);
#11128 = VERTEX_POINT('',#11129);
#11129 = CARTESIAN_POINT('',(8.23,0.625,1.25));
#11130 = CIRCLE('',#11131,0.625);
#11131 = AXIS2_PLACEMENT_3D('',#11132,#11133,#11134);
#11132 = CARTESIAN_POINT('',(7.605,0.625,1.25));
#11133 = DIRECTION('',(0.,0.,-1.));
#11134 = DIRECTION('',(0.,1.,0.));
#11135 = ORIENTED_EDGE('',*,*,#11086,.T.);
#11136 = ORIENTED_EDGE('',*,*,#11127,.T.);
#11137 = ORIENTED_EDGE('',*,*,#11138,.F.);
#11138 = EDGE_CURVE('',#11128,#11128,#11139,.T.);
#11139 = CIRCLE('',#11140,0.625);
#11140 = AXIS2_PLACEMENT_3D('',#11141,#11142,#11143);
#11141 = CARTESIAN_POINT('',(8.23,0.,1.25));
#11142 = DIRECTION('',(1.,0.,0.));
#11143 = DIRECTION('',(-0.,1.,0.));
#11144 = TOROIDAL_SURFACE('',#11145,0.625,0.625);
#11145 = AXIS2_PLACEMENT_3D('',#11146,#11147,#11148);
#11146 = CARTESIAN_POINT('',(7.605,0.,1.25));
#11147 = DIRECTION('',(1.,0.,0.));
#11148 = DIRECTION('',(-0.,1.,0.));
#11149 = ADVANCED_FACE('',(#11150),#11153,.T.);
#11150 = FACE_BOUND('',#11151,.F.);
#11151 = EDGE_LOOP('',(#11152));
#11152 = ORIENTED_EDGE('',*,*,#11112,.T.);
#11153 = PLANE('',#11154);
#11154 = AXIS2_PLACEMENT_3D('',#11155,#11156,#11157);
#11155 = CARTESIAN_POINT('',(0.3,0.,-3.));
#11156 = DIRECTION('',(0.,0.,-1.));
#11157 = DIRECTION('',(-1.,0.,0.));
#11158 = ADVANCED_FACE('',(#11159,#11162),#11173,.F.);
#11159 = FACE_BOUND('',#11160,.F.);
#11160 = EDGE_LOOP('',(#11161));
#11161 = ORIENTED_EDGE('',*,*,#11138,.F.);
#11162 = FACE_BOUND('',#11163,.F.);
#11163 = EDGE_LOOP('',(#11164));
#11164 = ORIENTED_EDGE('',*,*,#11165,.T.);
#11165 = EDGE_CURVE('',#11166,#11166,#11168,.T.);
#11166 = VERTEX_POINT('',#11167);
#11167 = CARTESIAN_POINT('',(8.23,0.,0.95));
#11168 = CIRCLE('',#11169,0.3);
#11169 = AXIS2_PLACEMENT_3D('',#11170,#11171,#11172);
#11170 = CARTESIAN_POINT('',(8.23,0.,1.25));
#11171 = DIRECTION('',(1.,-0.,0.));
#11172 = DIRECTION('',(0.,0.,-1.));
#11173 = PLANE('',#11174);
#11174 = AXIS2_PLACEMENT_3D('',#11175,#11176,#11177);
#11175 = CARTESIAN_POINT('',(8.23,1.25,1.25));
#11176 = DIRECTION('',(-1.,0.,0.));
#11177 = DIRECTION('',(0.,0.,-1.));
#11178 = ADVANCED_FACE('',(#11179),#11198,.T.);
#11179 = FACE_BOUND('',#11180,.T.);
#11180 = EDGE_LOOP('',(#11181,#11182,#11190,#11197));
#11181 = ORIENTED_EDGE('',*,*,#11165,.T.);
#11182 = ORIENTED_EDGE('',*,*,#11183,.T.);
#11183 = EDGE_CURVE('',#11166,#11184,#11186,.T.);
#11184 = VERTEX_POINT('',#11185);
#11185 = CARTESIAN_POINT('',(9.26,0.,0.95));
#11186 = LINE('',#11187,#11188);
#11187 = CARTESIAN_POINT('',(0.9,0.,0.95));
#11188 = VECTOR('',#11189,1.);
#11189 = DIRECTION('',(1.,0.,0.));
#11190 = ORIENTED_EDGE('',*,*,#11191,.F.);
#11191 = EDGE_CURVE('',#11184,#11184,#11192,.T.);
#11192 = CIRCLE('',#11193,0.3);
#11193 = AXIS2_PLACEMENT_3D('',#11194,#11195,#11196);
#11194 = CARTESIAN_POINT('',(9.26,0.,1.25));
#11195 = DIRECTION('',(1.,-0.,0.));
#11196 = DIRECTION('',(0.,0.,-1.));
#11197 = ORIENTED_EDGE('',*,*,#11183,.F.);
#11198 = CYLINDRICAL_SURFACE('',#11199,0.3);
#11199 = AXIS2_PLACEMENT_3D('',#11200,#11201,#11202);
#11200 = CARTESIAN_POINT('',(0.9,0.,1.25));
#11201 = DIRECTION('',(1.,0.,0.));
#11202 = DIRECTION('',(0.,0.,-1.));
#11203 = ADVANCED_FACE('',(#11204),#11224,.T.);
#11204 = FACE_BOUND('',#11205,.T.);
#11205 = EDGE_LOOP('',(#11206,#11215,#11222,#11223));
#11206 = ORIENTED_EDGE('',*,*,#11207,.T.);
#11207 = EDGE_CURVE('',#11184,#11208,#11210,.T.);
#11208 = VERTEX_POINT('',#11209);
#11209 = CARTESIAN_POINT('',(9.86,0.,0.35));
#11210 = CIRCLE('',#11211,0.6);
#11211 = AXIS2_PLACEMENT_3D('',#11212,#11213,#11214);
#11212 = CARTESIAN_POINT('',(9.26,1.102182119233E-16,0.35));
#11213 = DIRECTION('',(0.,1.,0.));
#11214 = DIRECTION('',(0.,-0.,1.));
#11215 = ORIENTED_EDGE('',*,*,#11216,.T.);
#11216 = EDGE_CURVE('',#11208,#11208,#11217,.T.);
#11217 = CIRCLE('',#11218,0.3);
#11218 = AXIS2_PLACEMENT_3D('',#11219,#11220,#11221);
#11219 = CARTESIAN_POINT('',(10.16,0.,0.35));
#11220 = DIRECTION('',(-5.053215498074E-16,0.,1.));
#11221 = DIRECTION('',(1.,0.,5.053215498074E-16));
#11222 = ORIENTED_EDGE('',*,*,#11207,.F.);
#11223 = ORIENTED_EDGE('',*,*,#11191,.T.);
#11224 = TOROIDAL_SURFACE('',#11225,0.9,0.3);
#11225 = AXIS2_PLACEMENT_3D('',#11226,#11227,#11228);
#11226 = CARTESIAN_POINT('',(9.26,0.,0.35));
#11227 = DIRECTION('',(0.,1.,0.));
#11228 = DIRECTION('',(0.,-0.,1.));
#11229 = ADVANCED_FACE('',(#11230),#11249,.T.);
#11230 = FACE_BOUND('',#11231,.T.);
#11231 = EDGE_LOOP('',(#11232,#11240,#11247,#11248));
#11232 = ORIENTED_EDGE('',*,*,#11233,.T.);
#11233 = EDGE_CURVE('',#11208,#11234,#11236,.T.);
#11234 = VERTEX_POINT('',#11235);
#11235 = CARTESIAN_POINT('',(9.86,-7.347880794884E-17,-3.));
#11236 = LINE('',#11237,#11238);
#11237 = CARTESIAN_POINT('',(9.86,0.,0.35));
#11238 = VECTOR('',#11239,1.);
#11239 = DIRECTION('',(0.,0.,-1.));
#11240 = ORIENTED_EDGE('',*,*,#11241,.F.);
#11241 = EDGE_CURVE('',#11234,#11234,#11242,.T.);
#11242 = CIRCLE('',#11243,0.3);
#11243 = AXIS2_PLACEMENT_3D('',#11244,#11245,#11246);
#11244 = CARTESIAN_POINT('',(10.16,0.,-3.));
#11245 = DIRECTION('',(0.,0.,-1.));
#11246 = DIRECTION('',(-1.,0.,0.));
#11247 = ORIENTED_EDGE('',*,*,#11233,.F.);
#11248 = ORIENTED_EDGE('',*,*,#11216,.F.);
#11249 = CYLINDRICAL_SURFACE('',#11250,0.3);
#11250 = AXIS2_PLACEMENT_3D('',#11251,#11252,#11253);
#11251 = CARTESIAN_POINT('',(10.16,0.,0.35));
#11252 = DIRECTION('',(0.,0.,-1.));
#11253 = DIRECTION('',(-1.,0.,0.));
#11254 = ADVANCED_FACE('',(#11255),#11258,.F.);
#11255 = FACE_BOUND('',#11256,.T.);
#11256 = EDGE_LOOP('',(#11257));
#11257 = ORIENTED_EDGE('',*,*,#11241,.T.);
#11258 = PLANE('',#11259);
#11259 = AXIS2_PLACEMENT_3D('',#11260,#11261,#11262);
#11260 = CARTESIAN_POINT('',(9.86,0.,-3.));
#11261 = DIRECTION('',(0.,0.,1.));
#11262 = DIRECTION('',(1.,0.,-0.));
#11263 = ( GEOMETRIC_REPRESENTATION_CONTEXT(3) 
GLOBAL_UNCERTAINTY_ASSIGNED_CONTEXT((#11267)) 
GLOBAL_UNIT_ASSIGNED_CONTEXT((#11264,#11265,#11266)) 
REPRESENTATION_CONTEXT('Context #1',
  '3D Context with UNIT and UNCERTAINTY') );
#11264 = ( LENGTH_UNIT() NAMED_UNIT(*) SI_UNIT(.MILLI.,.METRE.) );
#11265 = ( NAMED_UNIT(*) PLANE_ANGLE_UNIT() SI_UNIT($,.RADIAN.) );
#11266 = ( NAMED_UNIT(*) SI_UNIT($,.STERADIAN.) SOLID_ANGLE_UNIT() );
#11267 = UNCERTAINTY_MEASURE_WITH_UNIT(LENGTH_MEASURE(1.E-07),#11264,
  'distance_accuracy_value','confusion accuracy');
#11268 = CONTEXT_DEPENDENT_SHAPE_REPRESENTATION(#11269,#11271);
#11269 = ( REPRESENTATION_RELATIONSHIP('','',#10875,#10) 
REPRESENTATION_RELATIONSHIP_WITH_TRANSFORMATION(#11270) 
SHAPE_REPRESENTATION_RELATIONSHIP() );
#11270 = ITEM_DEFINED_TRANSFORMATION('','',#11,#67);
#11271 = PRODUCT_DEFINITION_SHAPE('Placement','Placement of an item',
  #11272);
#11272 = NEXT_ASSEMBLY_USAGE_OCCURRENCE('14','R6','',#5,#10870,$);
#11273 = PRODUCT_RELATED_PRODUCT_CATEGORY('part',$,(#10872));
#11274 = SHAPE_DEFINITION_REPRESENTATION(#11275,#11281);
#11275 = PRODUCT_DEFINITION_SHAPE('','',#11276);
#11276 = PRODUCT_DEFINITION('design','',#11277,#11280);
#11277 = PRODUCT_DEFINITION_FORMATION('','',#11278);
#11278 = PRODUCT('C_Rect_L11.0mm_W3.4mm_P10.00mm_MKT',
  'C_Rect_L11.0mm_W3.4mm_P10.00mm_MKT','',(#11279));
#11279 = PRODUCT_CONTEXT('',#2,'mechanical');
#11280 = PRODUCT_DEFINITION_CONTEXT('part definition',#2,'design');
#11281 = ADVANCED_BREP_SHAPE_REPRESENTATION('',(#11,#11282),#11922);
#11282 = MANIFOLD_SOLID_BREP('',#11283);
#11283 = CLOSED_SHELL('',(#11284,#11301,#11360,#11408,#11448,#11458,
    #11482,#11540,#11557,#11569,#11600,#11624,#11648,#11665,#11711,
    #11742,#11766,#11807,#11824,#11859,#11902,#11913));
#11284 = ADVANCED_FACE('',(#11285),#11296,.F.);
#11285 = FACE_BOUND('',#11286,.F.);
#11286 = EDGE_LOOP('',(#11287));
#11287 = ORIENTED_EDGE('',*,*,#11288,.T.);
#11288 = EDGE_CURVE('',#11289,#11289,#11291,.T.);
#11289 = VERTEX_POINT('',#11290);
#11290 = CARTESIAN_POINT('',(0.25,0.,-1.9));
#11291 = CIRCLE('',#11292,0.25);
#11292 = AXIS2_PLACEMENT_3D('',#11293,#11294,#11295);
#11293 = CARTESIAN_POINT('',(0.,0.,-1.9));
#11294 = DIRECTION('',(0.,0.,1.));
#11295 = DIRECTION('',(1.,0.,-0.));
#11296 = PLANE('',#11297);
#11297 = AXIS2_PLACEMENT_3D('',#11298,#11299,#11300);
#11298 = CARTESIAN_POINT('',(0.,2.18439881135E-17,-1.9));
#11299 = DIRECTION('',(-2.629536350737E-31,-2.61149815511E-31,1.));
#11300 = DIRECTION('',(1.,0.,2.629536350737E-31));
#11301 = ADVANCED_FACE('',(#11302),#11355,.T.);
#11302 = FACE_BOUND('',#11303,.T.);
#11303 = EDGE_LOOP('',(#11304,#11315,#11321,#11322,#11323,#11332,#11340,
    #11349));
#11304 = ORIENTED_EDGE('',*,*,#11305,.F.);
#11305 = EDGE_CURVE('',#11306,#11308,#11310,.T.);
#11306 = VERTEX_POINT('',#11307);
#11307 = CARTESIAN_POINT('',(0.25,0.,0.));
#11308 = VERTEX_POINT('',#11309);
#11309 = CARTESIAN_POINT('',(0.,0.25,0.));
#11310 = CIRCLE('',#11311,0.25);
#11311 = AXIS2_PLACEMENT_3D('',#11312,#11313,#11314);
#11312 = CARTESIAN_POINT('',(0.,0.,0.));
#11313 = DIRECTION('',(0.,0.,1.));
#11314 = DIRECTION('',(1.,0.,-0.));
#11315 = ORIENTED_EDGE('',*,*,#11316,.T.);
#11316 = EDGE_CURVE('',#11306,#11289,#11317,.T.);
#11317 = LINE('',#11318,#11319);
#11318 = CARTESIAN_POINT('',(0.25,0.,9.5));
#11319 = VECTOR('',#11320,1.);
#11320 = DIRECTION('',(-0.,-0.,-1.));
#11321 = ORIENTED_EDGE('',*,*,#11288,.T.);
#11322 = ORIENTED_EDGE('',*,*,#11316,.F.);
#11323 = ORIENTED_EDGE('',*,*,#11324,.F.);
#11324 = EDGE_CURVE('',#11325,#11306,#11327,.T.);
#11325 = VERTEX_POINT('',#11326);
#11326 = CARTESIAN_POINT('',(0.,-0.25,0.));
#11327 = CIRCLE('',#11328,0.25);
#11328 = AXIS2_PLACEMENT_3D('',#11329,#11330,#11331);
#11329 = CARTESIAN_POINT('',(0.,0.,0.));
#11330 = DIRECTION('',(0.,0.,1.));
#11331 = DIRECTION('',(1.,0.,-0.));
#11332 = ORIENTED_EDGE('',*,*,#11333,.T.);
#11333 = EDGE_CURVE('',#11325,#11334,#11336,.T.);
#11334 = VERTEX_POINT('',#11335);
#11335 = CARTESIAN_POINT('',(0.,-0.25,9.5));
#11336 = LINE('',#11337,#11338);
#11337 = CARTESIAN_POINT('',(0.,-0.25,9.5));
#11338 = VECTOR('',#11339,1.);
#11339 = DIRECTION('',(0.,0.,1.));
#11340 = ORIENTED_EDGE('',*,*,#11341,.F.);
#11341 = EDGE_CURVE('',#11342,#11334,#11344,.T.);
#11342 = VERTEX_POINT('',#11343);
#11343 = CARTESIAN_POINT('',(0.,0.25,9.5));
#11344 = CIRCLE('',#11345,0.25);
#11345 = AXIS2_PLACEMENT_3D('',#11346,#11347,#11348);
#11346 = CARTESIAN_POINT('',(0.,0.,9.5));
#11347 = DIRECTION('',(0.,0.,1.));
#11348 = DIRECTION('',(1.,0.,-0.));
#11349 = ORIENTED_EDGE('',*,*,#11350,.F.);
#11350 = EDGE_CURVE('',#11308,#11342,#11351,.T.);
#11351 = LINE('',#11352,#11353);
#11352 = CARTESIAN_POINT('',(0.,0.25,9.5));
#11353 = VECTOR('',#11354,1.);
#11354 = DIRECTION('',(0.,0.,1.));
#11355 = CYLINDRICAL_SURFACE('',#11356,0.25);
#11356 = AXIS2_PLACEMENT_3D('',#11357,#11358,#11359);
#11357 = CARTESIAN_POINT('',(0.,0.,9.5));
#11358 = DIRECTION('',(0.,0.,1.));
#11359 = DIRECTION('',(1.,0.,-0.));
#11360 = ADVANCED_FACE('',(#11361),#11403,.F.);
#11361 = FACE_BOUND('',#11362,.F.);
#11362 = EDGE_LOOP('',(#11363,#11371,#11379,#11387,#11395,#11401,#11402)
  );
#11363 = ORIENTED_EDGE('',*,*,#11364,.F.);
#11364 = EDGE_CURVE('',#11365,#11325,#11367,.T.);
#11365 = VERTEX_POINT('',#11366);
#11366 = CARTESIAN_POINT('',(0.,-1.7,0.));
#11367 = LINE('',#11368,#11369);
#11368 = CARTESIAN_POINT('',(0.,-1.7,0.));
#11369 = VECTOR('',#11370,1.);
#11370 = DIRECTION('',(0.,1.,0.));
#11371 = ORIENTED_EDGE('',*,*,#11372,.T.);
#11372 = EDGE_CURVE('',#11365,#11373,#11375,.T.);
#11373 = VERTEX_POINT('',#11374);
#11374 = CARTESIAN_POINT('',(0.5,-1.7,0.));
#11375 = LINE('',#11376,#11377);
#11376 = CARTESIAN_POINT('',(0.,-1.7,0.));
#11377 = VECTOR('',#11378,1.);
#11378 = DIRECTION('',(1.,0.,0.));
#11379 = ORIENTED_EDGE('',*,*,#11380,.T.);
#11380 = EDGE_CURVE('',#11373,#11381,#11383,.T.);
#11381 = VERTEX_POINT('',#11382);
#11382 = CARTESIAN_POINT('',(0.5,1.7,0.));
#11383 = LINE('',#11384,#11385);
#11384 = CARTESIAN_POINT('',(0.5,-1.7,0.));
#11385 = VECTOR('',#11386,1.);
#11386 = DIRECTION('',(0.,1.,0.));
#11387 = ORIENTED_EDGE('',*,*,#11388,.F.);
#11388 = EDGE_CURVE('',#11389,#11381,#11391,.T.);
#11389 = VERTEX_POINT('',#11390);
#11390 = CARTESIAN_POINT('',(0.,1.7,0.));
#11391 = LINE('',#11392,#11393);
#11392 = CARTESIAN_POINT('',(0.,1.7,0.));
#11393 = VECTOR('',#11394,1.);
#11394 = DIRECTION('',(1.,0.,0.));
#11395 = ORIENTED_EDGE('',*,*,#11396,.F.);
#11396 = EDGE_CURVE('',#11308,#11389,#11397,.T.);
#11397 = LINE('',#11398,#11399);
#11398 = CARTESIAN_POINT('',(0.,-1.7,0.));
#11399 = VECTOR('',#11400,1.);
#11400 = DIRECTION('',(0.,1.,0.));
#11401 = ORIENTED_EDGE('',*,*,#11305,.F.);
#11402 = ORIENTED_EDGE('',*,*,#11324,.F.);
#11403 = PLANE('',#11404);
#11404 = AXIS2_PLACEMENT_3D('',#11405,#11406,#11407);
#11405 = CARTESIAN_POINT('',(0.,-1.7,0.));
#11406 = DIRECTION('',(0.,0.,1.));
#11407 = DIRECTION('',(1.,0.,-0.));
#11408 = ADVANCED_FACE('',(#11409),#11443,.F.);
#11409 = FACE_BOUND('',#11410,.F.);
#11410 = EDGE_LOOP('',(#11411,#11421,#11427,#11428,#11429,#11435,#11436,
    #11437));
#11411 = ORIENTED_EDGE('',*,*,#11412,.F.);
#11412 = EDGE_CURVE('',#11413,#11415,#11417,.T.);
#11413 = VERTEX_POINT('',#11414);
#11414 = CARTESIAN_POINT('',(0.,-1.7,10.));
#11415 = VERTEX_POINT('',#11416);
#11416 = CARTESIAN_POINT('',(0.,1.7,10.));
#11417 = LINE('',#11418,#11419);
#11418 = CARTESIAN_POINT('',(0.,-1.7,10.));
#11419 = VECTOR('',#11420,1.);
#11420 = DIRECTION('',(0.,1.,0.));
#11421 = ORIENTED_EDGE('',*,*,#11422,.F.);
#11422 = EDGE_CURVE('',#11365,#11413,#11423,.T.);
#11423 = LINE('',#11424,#11425);
#11424 = CARTESIAN_POINT('',(0.,-1.7,0.));
#11425 = VECTOR('',#11426,1.);
#11426 = DIRECTION('',(0.,0.,1.));
#11427 = ORIENTED_EDGE('',*,*,#11364,.T.);
#11428 = ORIENTED_EDGE('',*,*,#11333,.T.);
#11429 = ORIENTED_EDGE('',*,*,#11430,.T.);
#11430 = EDGE_CURVE('',#11334,#11342,#11431,.T.);
#11431 = LINE('',#11432,#11433);
#11432 = CARTESIAN_POINT('',(0.,-0.85,9.5));
#11433 = VECTOR('',#11434,1.);
#11434 = DIRECTION('',(0.,1.,2.61149815511E-31));
#11435 = ORIENTED_EDGE('',*,*,#11350,.F.);
#11436 = ORIENTED_EDGE('',*,*,#11396,.T.);
#11437 = ORIENTED_EDGE('',*,*,#11438,.T.);
#11438 = EDGE_CURVE('',#11389,#11415,#11439,.T.);
#11439 = LINE('',#11440,#11441);
#11440 = CARTESIAN_POINT('',(0.,1.7,0.));
#11441 = VECTOR('',#11442,1.);
#11442 = DIRECTION('',(0.,0.,1.));
#11443 = PLANE('',#11444);
#11444 = AXIS2_PLACEMENT_3D('',#11445,#11446,#11447);
#11445 = CARTESIAN_POINT('',(0.,-1.7,0.));
#11446 = DIRECTION('',(1.,0.,0.));
#11447 = DIRECTION('',(0.,0.,1.));
#11448 = ADVANCED_FACE('',(#11449),#11453,.T.);
#11449 = FACE_BOUND('',#11450,.T.);
#11450 = EDGE_LOOP('',(#11451,#11452));
#11451 = ORIENTED_EDGE('',*,*,#11430,.T.);
#11452 = ORIENTED_EDGE('',*,*,#11341,.T.);
#11453 = PLANE('',#11454);
#11454 = AXIS2_PLACEMENT_3D('',#11455,#11456,#11457);
#11455 = CARTESIAN_POINT('',(0.,2.18439881135E-17,9.5));
#11456 = DIRECTION('',(-2.629536350737E-31,-2.61149815511E-31,1.));
#11457 = DIRECTION('',(1.,0.,2.629536350737E-31));
#11458 = ADVANCED_FACE('',(#11459),#11477,.T.);
#11459 = FACE_BOUND('',#11460,.T.);
#11460 = EDGE_LOOP('',(#11461,#11462,#11463,#11471));
#11461 = ORIENTED_EDGE('',*,*,#11388,.F.);
#11462 = ORIENTED_EDGE('',*,*,#11438,.T.);
#11463 = ORIENTED_EDGE('',*,*,#11464,.T.);
#11464 = EDGE_CURVE('',#11415,#11465,#11467,.T.);
#11465 = VERTEX_POINT('',#11466);
#11466 = CARTESIAN_POINT('',(0.5,1.7,10.));
#11467 = LINE('',#11468,#11469);
#11468 = CARTESIAN_POINT('',(0.,1.7,10.));
#11469 = VECTOR('',#11470,1.);
#11470 = DIRECTION('',(1.,0.,0.));
#11471 = ORIENTED_EDGE('',*,*,#11472,.F.);
#11472 = EDGE_CURVE('',#11381,#11465,#11473,.T.);
#11473 = LINE('',#11474,#11475);
#11474 = CARTESIAN_POINT('',(0.5,1.7,0.));
#11475 = VECTOR('',#11476,1.);
#11476 = DIRECTION('',(0.,0.,1.));
#11477 = PLANE('',#11478);
#11478 = AXIS2_PLACEMENT_3D('',#11479,#11480,#11481);
#11479 = CARTESIAN_POINT('',(0.,1.7,0.));
#11480 = DIRECTION('',(0.,1.,0.));
#11481 = DIRECTION('',(0.,-0.,1.));
#11482 = ADVANCED_FACE('',(#11483,#11501),#11535,.T.);
#11483 = FACE_BOUND('',#11484,.T.);
#11484 = EDGE_LOOP('',(#11485,#11493,#11494,#11495));
#11485 = ORIENTED_EDGE('',*,*,#11486,.F.);
#11486 = EDGE_CURVE('',#11373,#11487,#11489,.T.);
#11487 = VERTEX_POINT('',#11488);
#11488 = CARTESIAN_POINT('',(0.5,-1.7,10.));
#11489 = LINE('',#11490,#11491);
#11490 = CARTESIAN_POINT('',(0.5,-1.7,0.));
#11491 = VECTOR('',#11492,1.);
#11492 = DIRECTION('',(0.,0.,1.));
#11493 = ORIENTED_EDGE('',*,*,#11380,.T.);
#11494 = ORIENTED_EDGE('',*,*,#11472,.T.);
#11495 = ORIENTED_EDGE('',*,*,#11496,.F.);
#11496 = EDGE_CURVE('',#11487,#11465,#11497,.T.);
#11497 = LINE('',#11498,#11499);
#11498 = CARTESIAN_POINT('',(0.5,-1.7,10.));
#11499 = VECTOR('',#11500,1.);
#11500 = DIRECTION('',(0.,1.,0.));
#11501 = FACE_BOUND('',#11502,.T.);
#11502 = EDGE_LOOP('',(#11503,#11513,#11521,#11529));
#11503 = ORIENTED_EDGE('',*,*,#11504,.T.);
#11504 = EDGE_CURVE('',#11505,#11507,#11509,.T.);
#11505 = VERTEX_POINT('',#11506);
#11506 = CARTESIAN_POINT('',(0.5,-1.68,2.E-02));
#11507 = VERTEX_POINT('',#11508);
#11508 = CARTESIAN_POINT('',(0.5,-1.68,9.98));
#11509 = LINE('',#11510,#11511);
#11510 = CARTESIAN_POINT('',(0.5,-1.68,2.E-02));
#11511 = VECTOR('',#11512,1.);
#11512 = DIRECTION('',(0.,0.,1.));
#11513 = ORIENTED_EDGE('',*,*,#11514,.T.);
#11514 = EDGE_CURVE('',#11507,#11515,#11517,.T.);
#11515 = VERTEX_POINT('',#11516);
#11516 = CARTESIAN_POINT('',(0.5,1.68,9.98));
#11517 = LINE('',#11518,#11519);
#11518 = CARTESIAN_POINT('',(0.5,-1.68,9.98));
#11519 = VECTOR('',#11520,1.);
#11520 = DIRECTION('',(0.,1.,0.));
#11521 = ORIENTED_EDGE('',*,*,#11522,.F.);
#11522 = EDGE_CURVE('',#11523,#11515,#11525,.T.);
#11523 = VERTEX_POINT('',#11524);
#11524 = CARTESIAN_POINT('',(0.5,1.68,2.E-02));
#11525 = LINE('',#11526,#11527);
#11526 = CARTESIAN_POINT('',(0.5,1.68,2.E-02));
#11527 = VECTOR('',#11528,1.);
#11528 = DIRECTION('',(0.,0.,1.));
#11529 = ORIENTED_EDGE('',*,*,#11530,.F.);
#11530 = EDGE_CURVE('',#11505,#11523,#11531,.T.);
#11531 = LINE('',#11532,#11533);
#11532 = CARTESIAN_POINT('',(0.5,-1.68,2.E-02));
#11533 = VECTOR('',#11534,1.);
#11534 = DIRECTION('',(0.,1.,0.));
#11535 = PLANE('',#11536);
#11536 = AXIS2_PLACEMENT_3D('',#11537,#11538,#11539);
#11537 = CARTESIAN_POINT('',(0.5,-1.7,0.));
#11538 = DIRECTION('',(1.,0.,0.));
#11539 = DIRECTION('',(0.,0.,1.));
#11540 = ADVANCED_FACE('',(#11541),#11552,.F.);
#11541 = FACE_BOUND('',#11542,.F.);
#11542 = EDGE_LOOP('',(#11543,#11544,#11545,#11551));
#11543 = ORIENTED_EDGE('',*,*,#11372,.F.);
#11544 = ORIENTED_EDGE('',*,*,#11422,.T.);
#11545 = ORIENTED_EDGE('',*,*,#11546,.T.);
#11546 = EDGE_CURVE('',#11413,#11487,#11547,.T.);
#11547 = LINE('',#11548,#11549);
#11548 = CARTESIAN_POINT('',(0.,-1.7,10.));
#11549 = VECTOR('',#11550,1.);
#11550 = DIRECTION('',(1.,0.,0.));
#11551 = ORIENTED_EDGE('',*,*,#11486,.F.);
#11552 = PLANE('',#11553);
#11553 = AXIS2_PLACEMENT_3D('',#11554,#11555,#11556);
#11554 = CARTESIAN_POINT('',(0.,-1.7,0.));
#11555 = DIRECTION('',(0.,1.,0.));
#11556 = DIRECTION('',(0.,-0.,1.));
#11557 = ADVANCED_FACE('',(#11558),#11564,.T.);
#11558 = FACE_BOUND('',#11559,.T.);
#11559 = EDGE_LOOP('',(#11560,#11561,#11562,#11563));
#11560 = ORIENTED_EDGE('',*,*,#11412,.F.);
#11561 = ORIENTED_EDGE('',*,*,#11546,.T.);
#11562 = ORIENTED_EDGE('',*,*,#11496,.T.);
#11563 = ORIENTED_EDGE('',*,*,#11464,.F.);
#11564 = PLANE('',#11565);
#11565 = AXIS2_PLACEMENT_3D('',#11566,#11567,#11568);
#11566 = CARTESIAN_POINT('',(0.,-1.7,10.));
#11567 = DIRECTION('',(0.,0.,1.));
#11568 = DIRECTION('',(1.,0.,-0.));
#11569 = ADVANCED_FACE('',(#11570),#11595,.F.);
#11570 = FACE_BOUND('',#11571,.F.);
#11571 = EDGE_LOOP('',(#11572,#11580,#11581,#11589));
#11572 = ORIENTED_EDGE('',*,*,#11573,.F.);
#11573 = EDGE_CURVE('',#11505,#11574,#11576,.T.);
#11574 = VERTEX_POINT('',#11575);
#11575 = CARTESIAN_POINT('',(9.5,-1.68,2.E-02));
#11576 = LINE('',#11577,#11578);
#11577 = CARTESIAN_POINT('',(0.5,-1.68,2.E-02));
#11578 = VECTOR('',#11579,1.);
#11579 = DIRECTION('',(1.,0.,0.));
#11580 = ORIENTED_EDGE('',*,*,#11504,.T.);
#11581 = ORIENTED_EDGE('',*,*,#11582,.T.);
#11582 = EDGE_CURVE('',#11507,#11583,#11585,.T.);
#11583 = VERTEX_POINT('',#11584);
#11584 = CARTESIAN_POINT('',(9.5,-1.68,9.98));
#11585 = LINE('',#11586,#11587);
#11586 = CARTESIAN_POINT('',(0.5,-1.68,9.98));
#11587 = VECTOR('',#11588,1.);
#11588 = DIRECTION('',(1.,0.,0.));
#11589 = ORIENTED_EDGE('',*,*,#11590,.F.);
#11590 = EDGE_CURVE('',#11574,#11583,#11591,.T.);
#11591 = LINE('',#11592,#11593);
#11592 = CARTESIAN_POINT('',(9.5,-1.68,2.E-02));
#11593 = VECTOR('',#11594,1.);
#11594 = DIRECTION('',(0.,0.,1.));
#11595 = PLANE('',#11596);
#11596 = AXIS2_PLACEMENT_3D('',#11597,#11598,#11599);
#11597 = CARTESIAN_POINT('',(0.5,-1.68,2.E-02));
#11598 = DIRECTION('',(0.,1.,0.));
#11599 = DIRECTION('',(0.,-0.,1.));
#11600 = ADVANCED_FACE('',(#11601),#11619,.F.);
#11601 = FACE_BOUND('',#11602,.F.);
#11602 = EDGE_LOOP('',(#11603,#11604,#11605,#11613));
#11603 = ORIENTED_EDGE('',*,*,#11530,.F.);
#11604 = ORIENTED_EDGE('',*,*,#11573,.T.);
#11605 = ORIENTED_EDGE('',*,*,#11606,.T.);
#11606 = EDGE_CURVE('',#11574,#11607,#11609,.T.);
#11607 = VERTEX_POINT('',#11608);
#11608 = CARTESIAN_POINT('',(9.5,1.68,2.E-02));
#11609 = LINE('',#11610,#11611);
#11610 = CARTESIAN_POINT('',(9.5,-1.68,2.E-02));
#11611 = VECTOR('',#11612,1.);
#11612 = DIRECTION('',(0.,1.,0.));
#11613 = ORIENTED_EDGE('',*,*,#11614,.F.);
#11614 = EDGE_CURVE('',#11523,#11607,#11615,.T.);
#11615 = LINE('',#11616,#11617);
#11616 = CARTESIAN_POINT('',(0.5,1.68,2.E-02));
#11617 = VECTOR('',#11618,1.);
#11618 = DIRECTION('',(1.,0.,0.));
#11619 = PLANE('',#11620);
#11620 = AXIS2_PLACEMENT_3D('',#11621,#11622,#11623);
#11621 = CARTESIAN_POINT('',(0.5,-1.68,2.E-02));
#11622 = DIRECTION('',(0.,0.,1.));
#11623 = DIRECTION('',(1.,0.,-0.));
#11624 = ADVANCED_FACE('',(#11625),#11643,.T.);
#11625 = FACE_BOUND('',#11626,.T.);
#11626 = EDGE_LOOP('',(#11627,#11628,#11629,#11637));
#11627 = ORIENTED_EDGE('',*,*,#11614,.F.);
#11628 = ORIENTED_EDGE('',*,*,#11522,.T.);
#11629 = ORIENTED_EDGE('',*,*,#11630,.T.);
#11630 = EDGE_CURVE('',#11515,#11631,#11633,.T.);
#11631 = VERTEX_POINT('',#11632);
#11632 = CARTESIAN_POINT('',(9.5,1.68,9.98));
#11633 = LINE('',#11634,#11635);
#11634 = CARTESIAN_POINT('',(0.5,1.68,9.98));
#11635 = VECTOR('',#11636,1.);
#11636 = DIRECTION('',(1.,0.,0.));
#11637 = ORIENTED_EDGE('',*,*,#11638,.F.);
#11638 = EDGE_CURVE('',#11607,#11631,#11639,.T.);
#11639 = LINE('',#11640,#11641);
#11640 = CARTESIAN_POINT('',(9.5,1.68,2.E-02));
#11641 = VECTOR('',#11642,1.);
#11642 = DIRECTION('',(0.,0.,1.));
#11643 = PLANE('',#11644);
#11644 = AXIS2_PLACEMENT_3D('',#11645,#11646,#11647);
#11645 = CARTESIAN_POINT('',(0.5,1.68,2.E-02));
#11646 = DIRECTION('',(0.,1.,0.));
#11647 = DIRECTION('',(0.,-0.,1.));
#11648 = ADVANCED_FACE('',(#11649),#11660,.T.);
#11649 = FACE_BOUND('',#11650,.T.);
#11650 = EDGE_LOOP('',(#11651,#11652,#11653,#11659));
#11651 = ORIENTED_EDGE('',*,*,#11514,.F.);
#11652 = ORIENTED_EDGE('',*,*,#11582,.T.);
#11653 = ORIENTED_EDGE('',*,*,#11654,.T.);
#11654 = EDGE_CURVE('',#11583,#11631,#11655,.T.);
#11655 = LINE('',#11656,#11657);
#11656 = CARTESIAN_POINT('',(9.5,-1.68,9.98));
#11657 = VECTOR('',#11658,1.);
#11658 = DIRECTION('',(0.,1.,0.));
#11659 = ORIENTED_EDGE('',*,*,#11630,.F.);
#11660 = PLANE('',#11661);
#11661 = AXIS2_PLACEMENT_3D('',#11662,#11663,#11664);
#11662 = CARTESIAN_POINT('',(0.5,-1.68,9.98));
#11663 = DIRECTION('',(0.,0.,1.));
#11664 = DIRECTION('',(1.,0.,-0.));
#11665 = ADVANCED_FACE('',(#11666,#11700),#11706,.F.);
#11666 = FACE_BOUND('',#11667,.F.);
#11667 = EDGE_LOOP('',(#11668,#11678,#11686,#11694));
#11668 = ORIENTED_EDGE('',*,*,#11669,.F.);
#11669 = EDGE_CURVE('',#11670,#11672,#11674,.T.);
#11670 = VERTEX_POINT('',#11671);
#11671 = CARTESIAN_POINT('',(9.5,-1.7,0.));
#11672 = VERTEX_POINT('',#11673);
#11673 = CARTESIAN_POINT('',(9.5,-1.7,10.));
#11674 = LINE('',#11675,#11676);
#11675 = CARTESIAN_POINT('',(9.5,-1.7,0.));
#11676 = VECTOR('',#11677,1.);
#11677 = DIRECTION('',(0.,0.,1.));
#11678 = ORIENTED_EDGE('',*,*,#11679,.T.);
#11679 = EDGE_CURVE('',#11670,#11680,#11682,.T.);
#11680 = VERTEX_POINT('',#11681);
#11681 = CARTESIAN_POINT('',(9.5,1.7,0.));
#11682 = LINE('',#11683,#11684);
#11683 = CARTESIAN_POINT('',(9.5,-1.7,0.));
#11684 = VECTOR('',#11685,1.);
#11685 = DIRECTION('',(0.,1.,0.));
#11686 = ORIENTED_EDGE('',*,*,#11687,.T.);
#11687 = EDGE_CURVE('',#11680,#11688,#11690,.T.);
#11688 = VERTEX_POINT('',#11689);
#11689 = CARTESIAN_POINT('',(9.5,1.7,10.));
#11690 = LINE('',#11691,#11692);
#11691 = CARTESIAN_POINT('',(9.5,1.7,0.));
#11692 = VECTOR('',#11693,1.);
#11693 = DIRECTION('',(0.,0.,1.));
#11694 = ORIENTED_EDGE('',*,*,#11695,.F.);
#11695 = EDGE_CURVE('',#11672,#11688,#11696,.T.);
#11696 = LINE('',#11697,#11698);
#11697 = CARTESIAN_POINT('',(9.5,-1.7,10.));
#11698 = VECTOR('',#11699,1.);
#11699 = DIRECTION('',(0.,1.,0.));
#11700 = FACE_BOUND('',#11701,.F.);
#11701 = EDGE_LOOP('',(#11702,#11703,#11704,#11705));
#11702 = ORIENTED_EDGE('',*,*,#11590,.T.);
#11703 = ORIENTED_EDGE('',*,*,#11654,.T.);
#11704 = ORIENTED_EDGE('',*,*,#11638,.F.);
#11705 = ORIENTED_EDGE('',*,*,#11606,.F.);
#11706 = PLANE('',#11707);
#11707 = AXIS2_PLACEMENT_3D('',#11708,#11709,#11710);
#11708 = CARTESIAN_POINT('',(9.5,-1.7,0.));
#11709 = DIRECTION('',(1.,0.,0.));
#11710 = DIRECTION('',(0.,0.,1.));
#11711 = ADVANCED_FACE('',(#11712),#11737,.F.);
#11712 = FACE_BOUND('',#11713,.F.);
#11713 = EDGE_LOOP('',(#11714,#11722,#11723,#11731));
#11714 = ORIENTED_EDGE('',*,*,#11715,.F.);
#11715 = EDGE_CURVE('',#11670,#11716,#11718,.T.);
#11716 = VERTEX_POINT('',#11717);
#11717 = CARTESIAN_POINT('',(10.,-1.7,0.));
#11718 = LINE('',#11719,#11720);
#11719 = CARTESIAN_POINT('',(9.5,-1.7,0.));
#11720 = VECTOR('',#11721,1.);
#11721 = DIRECTION('',(1.,0.,0.));
#11722 = ORIENTED_EDGE('',*,*,#11669,.T.);
#11723 = ORIENTED_EDGE('',*,*,#11724,.T.);
#11724 = EDGE_CURVE('',#11672,#11725,#11727,.T.);
#11725 = VERTEX_POINT('',#11726);
#11726 = CARTESIAN_POINT('',(10.,-1.7,10.));
#11727 = LINE('',#11728,#11729);
#11728 = CARTESIAN_POINT('',(9.5,-1.7,10.));
#11729 = VECTOR('',#11730,1.);
#11730 = DIRECTION('',(1.,0.,0.));
#11731 = ORIENTED_EDGE('',*,*,#11732,.F.);
#11732 = EDGE_CURVE('',#11716,#11725,#11733,.T.);
#11733 = LINE('',#11734,#11735);
#11734 = CARTESIAN_POINT('',(10.,-1.7,0.));
#11735 = VECTOR('',#11736,1.);
#11736 = DIRECTION('',(0.,0.,1.));
#11737 = PLANE('',#11738);
#11738 = AXIS2_PLACEMENT_3D('',#11739,#11740,#11741);
#11739 = CARTESIAN_POINT('',(9.5,-1.7,0.));
#11740 = DIRECTION('',(0.,1.,0.));
#11741 = DIRECTION('',(0.,-0.,1.));
#11742 = ADVANCED_FACE('',(#11743),#11761,.T.);
#11743 = FACE_BOUND('',#11744,.T.);
#11744 = EDGE_LOOP('',(#11745,#11746,#11747,#11755));
#11745 = ORIENTED_EDGE('',*,*,#11695,.F.);
#11746 = ORIENTED_EDGE('',*,*,#11724,.T.);
#11747 = ORIENTED_EDGE('',*,*,#11748,.T.);
#11748 = EDGE_CURVE('',#11725,#11749,#11751,.T.);
#11749 = VERTEX_POINT('',#11750);
#11750 = CARTESIAN_POINT('',(10.,1.7,10.));
#11751 = LINE('',#11752,#11753);
#11752 = CARTESIAN_POINT('',(10.,-1.7,10.));
#11753 = VECTOR('',#11754,1.);
#11754 = DIRECTION('',(0.,1.,0.));
#11755 = ORIENTED_EDGE('',*,*,#11756,.F.);
#11756 = EDGE_CURVE('',#11688,#11749,#11757,.T.);
#11757 = LINE('',#11758,#11759);
#11758 = CARTESIAN_POINT('',(9.5,1.7,10.));
#11759 = VECTOR('',#11760,1.);
#11760 = DIRECTION('',(1.,0.,0.));
#11761 = PLANE('',#11762);
#11762 = AXIS2_PLACEMENT_3D('',#11763,#11764,#11765);
#11763 = CARTESIAN_POINT('',(9.5,-1.7,10.));
#11764 = DIRECTION('',(0.,0.,1.));
#11765 = DIRECTION('',(1.,0.,-0.));
#11766 = ADVANCED_FACE('',(#11767),#11802,.F.);
#11767 = FACE_BOUND('',#11768,.F.);
#11768 = EDGE_LOOP('',(#11769,#11777,#11778,#11779,#11787,#11796));
#11769 = ORIENTED_EDGE('',*,*,#11770,.F.);
#11770 = EDGE_CURVE('',#11680,#11771,#11773,.T.);
#11771 = VERTEX_POINT('',#11772);
#11772 = CARTESIAN_POINT('',(10.,1.7,0.));
#11773 = LINE('',#11774,#11775);
#11774 = CARTESIAN_POINT('',(9.5,1.7,0.));
#11775 = VECTOR('',#11776,1.);
#11776 = DIRECTION('',(1.,0.,0.));
#11777 = ORIENTED_EDGE('',*,*,#11679,.F.);
#11778 = ORIENTED_EDGE('',*,*,#11715,.T.);
#11779 = ORIENTED_EDGE('',*,*,#11780,.T.);
#11780 = EDGE_CURVE('',#11716,#11781,#11783,.T.);
#11781 = VERTEX_POINT('',#11782);
#11782 = CARTESIAN_POINT('',(10.,-0.25,0.));
#11783 = LINE('',#11784,#11785);
#11784 = CARTESIAN_POINT('',(10.,-1.7,0.));
#11785 = VECTOR('',#11786,1.);
#11786 = DIRECTION('',(0.,1.,0.));
#11787 = ORIENTED_EDGE('',*,*,#11788,.F.);
#11788 = EDGE_CURVE('',#11789,#11781,#11791,.T.);
#11789 = VERTEX_POINT('',#11790);
#11790 = CARTESIAN_POINT('',(10.,0.25,0.));
#11791 = CIRCLE('',#11792,0.25);
#11792 = AXIS2_PLACEMENT_3D('',#11793,#11794,#11795);
#11793 = CARTESIAN_POINT('',(10.,0.,0.));
#11794 = DIRECTION('',(0.,0.,1.));
#11795 = DIRECTION('',(1.,0.,-0.));
#11796 = ORIENTED_EDGE('',*,*,#11797,.T.);
#11797 = EDGE_CURVE('',#11789,#11771,#11798,.T.);
#11798 = LINE('',#11799,#11800);
#11799 = CARTESIAN_POINT('',(10.,-1.7,0.));
#11800 = VECTOR('',#11801,1.);
#11801 = DIRECTION('',(0.,1.,0.));
#11802 = PLANE('',#11803);
#11803 = AXIS2_PLACEMENT_3D('',#11804,#11805,#11806);
#11804 = CARTESIAN_POINT('',(9.5,-1.7,0.));
#11805 = DIRECTION('',(0.,0.,1.));
#11806 = DIRECTION('',(1.,0.,-0.));
#11807 = ADVANCED_FACE('',(#11808),#11819,.T.);
#11808 = FACE_BOUND('',#11809,.T.);
#11809 = EDGE_LOOP('',(#11810,#11811,#11812,#11813));
#11810 = ORIENTED_EDGE('',*,*,#11770,.F.);
#11811 = ORIENTED_EDGE('',*,*,#11687,.T.);
#11812 = ORIENTED_EDGE('',*,*,#11756,.T.);
#11813 = ORIENTED_EDGE('',*,*,#11814,.F.);
#11814 = EDGE_CURVE('',#11771,#11749,#11815,.T.);
#11815 = LINE('',#11816,#11817);
#11816 = CARTESIAN_POINT('',(10.,1.7,0.));
#11817 = VECTOR('',#11818,1.);
#11818 = DIRECTION('',(0.,0.,1.));
#11819 = PLANE('',#11820);
#11820 = AXIS2_PLACEMENT_3D('',#11821,#11822,#11823);
#11821 = CARTESIAN_POINT('',(9.5,1.7,0.));
#11822 = DIRECTION('',(0.,1.,0.));
#11823 = DIRECTION('',(0.,-0.,1.));
#11824 = ADVANCED_FACE('',(#11825),#11854,.T.);
#11825 = FACE_BOUND('',#11826,.T.);
#11826 = EDGE_LOOP('',(#11827,#11828,#11829,#11830,#11838,#11846,#11852,
    #11853));
#11827 = ORIENTED_EDGE('',*,*,#11748,.F.);
#11828 = ORIENTED_EDGE('',*,*,#11732,.F.);
#11829 = ORIENTED_EDGE('',*,*,#11780,.T.);
#11830 = ORIENTED_EDGE('',*,*,#11831,.T.);
#11831 = EDGE_CURVE('',#11781,#11832,#11834,.T.);
#11832 = VERTEX_POINT('',#11833);
#11833 = CARTESIAN_POINT('',(10.,-0.25,9.5));
#11834 = LINE('',#11835,#11836);
#11835 = CARTESIAN_POINT('',(10.,-0.25,9.5));
#11836 = VECTOR('',#11837,1.);
#11837 = DIRECTION('',(0.,0.,1.));
#11838 = ORIENTED_EDGE('',*,*,#11839,.T.);
#11839 = EDGE_CURVE('',#11832,#11840,#11842,.T.);
#11840 = VERTEX_POINT('',#11841);
#11841 = CARTESIAN_POINT('',(10.,0.25,9.5));
#11842 = LINE('',#11843,#11844);
#11843 = CARTESIAN_POINT('',(10.,-0.85,9.5));
#11844 = VECTOR('',#11845,1.);
#11845 = DIRECTION('',(0.,1.,2.61149815511E-31));
#11846 = ORIENTED_EDGE('',*,*,#11847,.F.);
#11847 = EDGE_CURVE('',#11789,#11840,#11848,.T.);
#11848 = LINE('',#11849,#11850);
#11849 = CARTESIAN_POINT('',(10.,0.25,9.5));
#11850 = VECTOR('',#11851,1.);
#11851 = DIRECTION('',(0.,0.,1.));
#11852 = ORIENTED_EDGE('',*,*,#11797,.T.);
#11853 = ORIENTED_EDGE('',*,*,#11814,.T.);
#11854 = PLANE('',#11855);
#11855 = AXIS2_PLACEMENT_3D('',#11856,#11857,#11858);
#11856 = CARTESIAN_POINT('',(10.,-1.7,0.));
#11857 = DIRECTION('',(1.,0.,0.));
#11858 = DIRECTION('',(0.,0.,1.));
#11859 = ADVANCED_FACE('',(#11860),#11897,.T.);
#11860 = FACE_BOUND('',#11861,.T.);
#11861 = EDGE_LOOP('',(#11862,#11871,#11879,#11886,#11887,#11894,#11895,
    #11896));
#11862 = ORIENTED_EDGE('',*,*,#11863,.F.);
#11863 = EDGE_CURVE('',#11864,#11840,#11866,.T.);
#11864 = VERTEX_POINT('',#11865);
#11865 = CARTESIAN_POINT('',(10.25,0.,9.5));
#11866 = CIRCLE('',#11867,0.25);
#11867 = AXIS2_PLACEMENT_3D('',#11868,#11869,#11870);
#11868 = CARTESIAN_POINT('',(10.,0.,9.5));
#11869 = DIRECTION('',(0.,0.,1.));
#11870 = DIRECTION('',(1.,0.,-0.));
#11871 = ORIENTED_EDGE('',*,*,#11872,.T.);
#11872 = EDGE_CURVE('',#11864,#11873,#11875,.T.);
#11873 = VERTEX_POINT('',#11874);
#11874 = CARTESIAN_POINT('',(10.25,0.,-1.9));
#11875 = LINE('',#11876,#11877);
#11876 = CARTESIAN_POINT('',(10.25,0.,9.5));
#11877 = VECTOR('',#11878,1.);
#11878 = DIRECTION('',(-0.,-0.,-1.));
#11879 = ORIENTED_EDGE('',*,*,#11880,.T.);
#11880 = EDGE_CURVE('',#11873,#11873,#11881,.T.);
#11881 = CIRCLE('',#11882,0.25);
#11882 = AXIS2_PLACEMENT_3D('',#11883,#11884,#11885);
#11883 = CARTESIAN_POINT('',(10.,0.,-1.9));
#11884 = DIRECTION('',(0.,0.,1.));
#11885 = DIRECTION('',(1.,0.,-0.));
#11886 = ORIENTED_EDGE('',*,*,#11872,.F.);
#11887 = ORIENTED_EDGE('',*,*,#11888,.F.);
#11888 = EDGE_CURVE('',#11832,#11864,#11889,.T.);
#11889 = CIRCLE('',#11890,0.25);
#11890 = AXIS2_PLACEMENT_3D('',#11891,#11892,#11893);
#11891 = CARTESIAN_POINT('',(10.,0.,9.5));
#11892 = DIRECTION('',(0.,0.,1.));
#11893 = DIRECTION('',(1.,0.,-0.));
#11894 = ORIENTED_EDGE('',*,*,#11831,.F.);
#11895 = ORIENTED_EDGE('',*,*,#11788,.F.);
#11896 = ORIENTED_EDGE('',*,*,#11847,.T.);
#11897 = CYLINDRICAL_SURFACE('',#11898,0.25);
#11898 = AXIS2_PLACEMENT_3D('',#11899,#11900,#11901);
#11899 = CARTESIAN_POINT('',(10.,0.,9.5));
#11900 = DIRECTION('',(0.,0.,1.));
#11901 = DIRECTION('',(1.,0.,-0.));
#11902 = ADVANCED_FACE('',(#11903),#11908,.T.);
#11903 = FACE_BOUND('',#11904,.T.);
#11904 = EDGE_LOOP('',(#11905,#11906,#11907));
#11905 = ORIENTED_EDGE('',*,*,#11888,.T.);
#11906 = ORIENTED_EDGE('',*,*,#11863,.T.);
#11907 = ORIENTED_EDGE('',*,*,#11839,.F.);
#11908 = PLANE('',#11909);
#11909 = AXIS2_PLACEMENT_3D('',#11910,#11911,#11912);
#11910 = CARTESIAN_POINT('',(10.,2.18439881135E-17,9.5));
#11911 = DIRECTION('',(-5.075005156922E-29,-2.61149815511E-31,1.));
#11912 = DIRECTION('',(1.,0.,5.075005156922E-29));
#11913 = ADVANCED_FACE('',(#11914),#11917,.F.);
#11914 = FACE_BOUND('',#11915,.F.);
#11915 = EDGE_LOOP('',(#11916));
#11916 = ORIENTED_EDGE('',*,*,#11880,.T.);
#11917 = PLANE('',#11918);
#11918 = AXIS2_PLACEMENT_3D('',#11919,#11920,#11921);
#11919 = CARTESIAN_POINT('',(10.,2.18439881135E-17,-1.9));
#11920 = DIRECTION('',(-5.075005156922E-29,-2.61149815511E-31,1.));
#11921 = DIRECTION('',(1.,0.,5.075005156922E-29));
#11922 = ( GEOMETRIC_REPRESENTATION_CONTEXT(3) 
GLOBAL_UNCERTAINTY_ASSIGNED_CONTEXT((#11926)) 
GLOBAL_UNIT_ASSIGNED_CONTEXT((#11923,#11924,#11925)) 
REPRESENTATION_CONTEXT('Context #1',
  '3D Context with UNIT and UNCERTAINTY') );
#11923 = ( LENGTH_UNIT() NAMED_UNIT(*) SI_UNIT(.MILLI.,.METRE.) );
#11924 = ( NAMED_UNIT(*) PLANE_ANGLE_UNIT() SI_UNIT($,.RADIAN.) );
#11925 = ( NAMED_UNIT(*) SI_UNIT($,.STERADIAN.) SOLID_ANGLE_UNIT() );
#11926 = UNCERTAINTY_MEASURE_WITH_UNIT(LENGTH_MEASURE(1.E-07),#11923,
  'distance_accuracy_value','confusion accuracy');
#11927 = CONTEXT_DEPENDENT_SHAPE_REPRESENTATION(#11928,#11930);
#11928 = ( REPRESENTATION_RELATIONSHIP('','',#11281,#10) 
REPRESENTATION_RELATIONSHIP_WITH_TRANSFORMATION(#11929) 
SHAPE_REPRESENTATION_RELATIONSHIP() );
#11929 = ITEM_DEFINED_TRANSFORMATION('','',#11,#71);
#11930 = PRODUCT_DEFINITION_SHAPE('Placement','Placement of an item',
  #11931);
#11931 = NEXT_ASSEMBLY_USAGE_OCCURRENCE('15','C2','',#5,#11276,$);
#11932 = PRODUCT_RELATED_PRODUCT_CATEGORY('part',$,(#11278));
#11933 = CONTEXT_DEPENDENT_SHAPE_REPRESENTATION(#11934,#11936);
#11934 = ( REPRESENTATION_RELATIONSHIP('','',#7184,#10) 
REPRESENTATION_RELATIONSHIP_WITH_TRANSFORMATION(#11935) 
SHAPE_REPRESENTATION_RELATIONSHIP() );
#11935 = ITEM_DEFINED_TRANSFORMATION('','',#11,#75);
#11936 = PRODUCT_DEFINITION_SHAPE('Placement','Placement of an item',
  #11937);
#11937 = NEXT_ASSEMBLY_USAGE_OCCURRENCE('16','SW1','',#5,#7179,$);
#11938 = CONTEXT_DEPENDENT_SHAPE_REPRESENTATION(#11939,#11941);
#11939 = ( REPRESENTATION_RELATIONSHIP('','',#10875,#10) 
REPRESENTATION_RELATIONSHIP_WITH_TRANSFORMATION(#11940) 
SHAPE_REPRESENTATION_RELATIONSHIP() );
#11940 = ITEM_DEFINED_TRANSFORMATION('','',#11,#79);
#11941 = PRODUCT_DEFINITION_SHAPE('Placement','Placement of an item',
  #11942);
#11942 = NEXT_ASSEMBLY_USAGE_OCCURRENCE('17','R5','',#5,#10870,$);
#11943 = CONTEXT_DEPENDENT_SHAPE_REPRESENTATION(#11944,#11946);
#11944 = ( REPRESENTATION_RELATIONSHIP('','',#10875,#10) 
REPRESENTATION_RELATIONSHIP_WITH_TRANSFORMATION(#11945) 
SHAPE_REPRESENTATION_RELATIONSHIP() );
#11945 = ITEM_DEFINED_TRANSFORMATION('','',#11,#83);
#11946 = PRODUCT_DEFINITION_SHAPE('Placement','Placement of an item',
  #11947);
#11947 = NEXT_ASSEMBLY_USAGE_OCCURRENCE('18','R3','',#5,#10870,$);
#11948 = CONTEXT_DEPENDENT_SHAPE_REPRESENTATION(#11949,#11951);
#11949 = ( REPRESENTATION_RELATIONSHIP('','',#556,#10) 
REPRESENTATION_RELATIONSHIP_WITH_TRANSFORMATION(#11950) 
SHAPE_REPRESENTATION_RELATIONSHIP() );
#11950 = ITEM_DEFINED_TRANSFORMATION('','',#11,#87);
#11951 = PRODUCT_DEFINITION_SHAPE('Placement','Placement of an item',
  #11952);
#11952 = NEXT_ASSEMBLY_USAGE_OCCURRENCE('19','J2','',#5,#551,$);
#11953 = CONTEXT_DEPENDENT_SHAPE_REPRESENTATION(#11954,#11956);
#11954 = ( REPRESENTATION_RELATIONSHIP('','',#10875,#10) 
REPRESENTATION_RELATIONSHIP_WITH_TRANSFORMATION(#11955) 
SHAPE_REPRESENTATION_RELATIONSHIP() );
#11955 = ITEM_DEFINED_TRANSFORMATION('','',#11,#91);
#11956 = PRODUCT_DEFINITION_SHAPE('Placement','Placement of an item',
  #11957);
#11957 = NEXT_ASSEMBLY_USAGE_OCCURRENCE('20','R4','',#5,#10870,$);
#11958 = SHAPE_DEFINITION_REPRESENTATION(#11959,#11965);
#11959 = PRODUCT_DEFINITION_SHAPE('','',#11960);
#11960 = PRODUCT_DEFINITION('design','',#11961,#11964);
#11961 = PRODUCT_DEFINITION_FORMATION('','',#11962);
#11962 = PRODUCT('electropneu_PCB','electropneu_PCB','',(#11963));
#11963 = PRODUCT_CONTEXT('',#2,'mechanical');
#11964 = PRODUCT_DEFINITION_CONTEXT('part definition',#2,'design');
#11965 = ADVANCED_BREP_SHAPE_REPRESENTATION('',(#11,#11966),#16865);
#11966 = MANIFOLD_SOLID_BREP('',#11967);
#11967 = CLOSED_SHELL('',(#11968,#12008,#12039,#12070,#13416,#14762,
    #14774,#14791,#14808,#14825,#14842,#14859,#14876,#14893,#14910,
    #14927,#14944,#14961,#14978,#14995,#15012,#15029,#15046,#15063,
    #15080,#15097,#15114,#15131,#15148,#15165,#15182,#15199,#15216,
    #15233,#15250,#15267,#15284,#15301,#15318,#15335,#15352,#15369,
    #15386,#15403,#15420,#15437,#15454,#15471,#15488,#15505,#15522,
    #15539,#15556,#15573,#15590,#15607,#15624,#15641,#15658,#15675,
    #15692,#15709,#15726,#15743,#15760,#15777,#15794,#15811,#15828,
    #15845,#15862,#15879,#15896,#15913,#15930,#15947,#15964,#15981,
    #15998,#16015,#16032,#16049,#16071,#16088,#16105,#16117,#16139,
    #16156,#16173,#16185,#16207,#16224,#16241,#16253,#16270,#16287,
    #16304,#16321,#16338,#16355,#16372,#16389,#16406,#16423,#16440,
    #16457,#16474,#16491,#16508,#16525,#16542,#16559,#16576,#16593,
    #16610,#16627,#16644,#16661,#16678,#16695,#16712,#16729,#16746,
    #16763,#16780,#16797,#16814,#16831,#16848));
#11968 = ADVANCED_FACE('',(#11969),#12003,.T.);
#11969 = FACE_BOUND('',#11970,.T.);
#11970 = EDGE_LOOP('',(#11971,#11981,#11989,#11997));
#11971 = ORIENTED_EDGE('',*,*,#11972,.T.);
#11972 = EDGE_CURVE('',#11973,#11975,#11977,.T.);
#11973 = VERTEX_POINT('',#11974);
#11974 = CARTESIAN_POINT('',(171.12,-144.45,0.));
#11975 = VERTEX_POINT('',#11976);
#11976 = CARTESIAN_POINT('',(171.12,-144.45,1.51));
#11977 = LINE('',#11978,#11979);
#11978 = CARTESIAN_POINT('',(171.12,-144.45,0.));
#11979 = VECTOR('',#11980,1.);
#11980 = DIRECTION('',(0.,0.,1.));
#11981 = ORIENTED_EDGE('',*,*,#11982,.T.);
#11982 = EDGE_CURVE('',#11975,#11983,#11985,.T.);
#11983 = VERTEX_POINT('',#11984);
#11984 = CARTESIAN_POINT('',(71.12,-144.45,1.51));
#11985 = LINE('',#11986,#11987);
#11986 = CARTESIAN_POINT('',(171.12,-144.45,1.51));
#11987 = VECTOR('',#11988,1.);
#11988 = DIRECTION('',(-1.,0.,0.));
#11989 = ORIENTED_EDGE('',*,*,#11990,.F.);
#11990 = EDGE_CURVE('',#11991,#11983,#11993,.T.);
#11991 = VERTEX_POINT('',#11992);
#11992 = CARTESIAN_POINT('',(71.12,-144.45,0.));
#11993 = LINE('',#11994,#11995);
#11994 = CARTESIAN_POINT('',(71.12,-144.45,0.));
#11995 = VECTOR('',#11996,1.);
#11996 = DIRECTION('',(0.,0.,1.));
#11997 = ORIENTED_EDGE('',*,*,#11998,.F.);
#11998 = EDGE_CURVE('',#11973,#11991,#11999,.T.);
#11999 = LINE('',#12000,#12001);
#12000 = CARTESIAN_POINT('',(171.12,-144.45,0.));
#12001 = VECTOR('',#12002,1.);
#12002 = DIRECTION('',(-1.,0.,0.));
#12003 = PLANE('',#12004);
#12004 = AXIS2_PLACEMENT_3D('',#12005,#12006,#12007);
#12005 = CARTESIAN_POINT('',(171.12,-144.45,0.));
#12006 = DIRECTION('',(0.,-1.,0.));
#12007 = DIRECTION('',(-1.,0.,0.));
#12008 = ADVANCED_FACE('',(#12009),#12034,.T.);
#12009 = FACE_BOUND('',#12010,.T.);
#12010 = EDGE_LOOP('',(#12011,#12021,#12027,#12028));
#12011 = ORIENTED_EDGE('',*,*,#12012,.T.);
#12012 = EDGE_CURVE('',#12013,#12015,#12017,.T.);
#12013 = VERTEX_POINT('',#12014);
#12014 = CARTESIAN_POINT('',(171.12,-44.45,0.));
#12015 = VERTEX_POINT('',#12016);
#12016 = CARTESIAN_POINT('',(171.12,-44.45,1.51));
#12017 = LINE('',#12018,#12019);
#12018 = CARTESIAN_POINT('',(171.12,-44.45,0.));
#12019 = VECTOR('',#12020,1.);
#12020 = DIRECTION('',(0.,0.,1.));
#12021 = ORIENTED_EDGE('',*,*,#12022,.T.);
#12022 = EDGE_CURVE('',#12015,#11975,#12023,.T.);
#12023 = LINE('',#12024,#12025);
#12024 = CARTESIAN_POINT('',(171.12,-44.45,1.51));
#12025 = VECTOR('',#12026,1.);
#12026 = DIRECTION('',(0.,-1.,0.));
#12027 = ORIENTED_EDGE('',*,*,#11972,.F.);
#12028 = ORIENTED_EDGE('',*,*,#12029,.F.);
#12029 = EDGE_CURVE('',#12013,#11973,#12030,.T.);
#12030 = LINE('',#12031,#12032);
#12031 = CARTESIAN_POINT('',(171.12,-44.45,0.));
#12032 = VECTOR('',#12033,1.);
#12033 = DIRECTION('',(0.,-1.,0.));
#12034 = PLANE('',#12035);
#12035 = AXIS2_PLACEMENT_3D('',#12036,#12037,#12038);
#12036 = CARTESIAN_POINT('',(171.12,-44.45,0.));
#12037 = DIRECTION('',(1.,0.,-0.));
#12038 = DIRECTION('',(0.,-1.,0.));
#12039 = ADVANCED_FACE('',(#12040),#12065,.T.);
#12040 = FACE_BOUND('',#12041,.T.);
#12041 = EDGE_LOOP('',(#12042,#12043,#12051,#12059));
#12042 = ORIENTED_EDGE('',*,*,#11990,.T.);
#12043 = ORIENTED_EDGE('',*,*,#12044,.T.);
#12044 = EDGE_CURVE('',#11983,#12045,#12047,.T.);
#12045 = VERTEX_POINT('',#12046);
#12046 = CARTESIAN_POINT('',(71.12,-44.45,1.51));
#12047 = LINE('',#12048,#12049);
#12048 = CARTESIAN_POINT('',(71.12,-144.45,1.51));
#12049 = VECTOR('',#12050,1.);
#12050 = DIRECTION('',(0.,1.,0.));
#12051 = ORIENTED_EDGE('',*,*,#12052,.F.);
#12052 = EDGE_CURVE('',#12053,#12045,#12055,.T.);
#12053 = VERTEX_POINT('',#12054);
#12054 = CARTESIAN_POINT('',(71.12,-44.45,0.));
#12055 = LINE('',#12056,#12057);
#12056 = CARTESIAN_POINT('',(71.12,-44.45,0.));
#12057 = VECTOR('',#12058,1.);
#12058 = DIRECTION('',(0.,0.,1.));
#12059 = ORIENTED_EDGE('',*,*,#12060,.F.);
#12060 = EDGE_CURVE('',#11991,#12053,#12061,.T.);
#12061 = LINE('',#12062,#12063);
#12062 = CARTESIAN_POINT('',(71.12,-144.45,0.));
#12063 = VECTOR('',#12064,1.);
#12064 = DIRECTION('',(0.,1.,0.));
#12065 = PLANE('',#12066);
#12066 = AXIS2_PLACEMENT_3D('',#12067,#12068,#12069);
#12067 = CARTESIAN_POINT('',(71.12,-144.45,0.));
#12068 = DIRECTION('',(-1.,0.,0.));
#12069 = DIRECTION('',(0.,1.,0.));
#12070 = ADVANCED_FACE('',(#12071,#12082,#12093,#12104,#12115,#12126,
    #12137,#12148,#12159,#12170,#12181,#12192,#12203,#12214,#12225,
    #12236,#12247,#12258,#12269,#12280,#12291,#12302,#12313,#12324,
    #12335,#12346,#12357,#12368,#12379,#12390,#12401,#12412,#12423,
    #12434,#12445,#12456,#12467,#12478,#12489,#12500,#12511,#12522,
    #12533,#12544,#12555,#12566,#12577,#12588,#12599,#12610,#12621,
    #12632,#12643,#12654,#12665,#12676,#12687,#12698,#12709,#12720,
    #12731,#12742,#12753,#12764,#12775,#12786,#12797,#12808,#12819,
    #12830,#12841,#12852,#12863,#12874,#12885,#12896,#12907,#12943,
    #12979,#13015,#13026,#13037,#13048,#13059,#13070,#13081,#13092,
    #13103,#13114,#13125,#13136,#13147,#13158,#13169,#13180,#13191,
    #13202,#13213,#13224,#13235,#13246,#13257,#13268,#13279,#13290,
    #13301,#13312,#13323,#13334,#13345,#13356,#13367,#13378,#13389,
    #13400),#13411,.F.);
#12071 = FACE_BOUND('',#12072,.F.);
#12072 = EDGE_LOOP('',(#12073,#12074,#12075,#12081));
#12073 = ORIENTED_EDGE('',*,*,#11998,.F.);
#12074 = ORIENTED_EDGE('',*,*,#12029,.F.);
#12075 = ORIENTED_EDGE('',*,*,#12076,.F.);
#12076 = EDGE_CURVE('',#12053,#12013,#12077,.T.);
#12077 = LINE('',#12078,#12079);
#12078 = CARTESIAN_POINT('',(71.12,-44.45,0.));
#12079 = VECTOR('',#12080,1.);
#12080 = DIRECTION('',(1.,0.,0.));
#12081 = ORIENTED_EDGE('',*,*,#12060,.F.);
#12082 = FACE_BOUND('',#12083,.F.);
#12083 = EDGE_LOOP('',(#12084));
#12084 = ORIENTED_EDGE('',*,*,#12085,.T.);
#12085 = EDGE_CURVE('',#12086,#12086,#12088,.T.);
#12086 = VERTEX_POINT('',#12087);
#12087 = CARTESIAN_POINT('',(74.93,-142.57,0.));
#12088 = CIRCLE('',#12089,1.6);
#12089 = AXIS2_PLACEMENT_3D('',#12090,#12091,#12092);
#12090 = CARTESIAN_POINT('',(74.93,-140.97,0.));
#12091 = DIRECTION('',(-0.,0.,-1.));
#12092 = DIRECTION('',(-0.,-1.,0.));
#12093 = FACE_BOUND('',#12094,.F.);
#12094 = EDGE_LOOP('',(#12095));
#12095 = ORIENTED_EDGE('',*,*,#12096,.T.);
#12096 = EDGE_CURVE('',#12097,#12097,#12099,.T.);
#12097 = VERTEX_POINT('',#12098);
#12098 = CARTESIAN_POINT('',(91.44,-135.12,0.));
#12099 = CIRCLE('',#12100,0.5);
#12100 = AXIS2_PLACEMENT_3D('',#12101,#12102,#12103);
#12101 = CARTESIAN_POINT('',(91.44,-134.62,0.));
#12102 = DIRECTION('',(-0.,0.,-1.));
#12103 = DIRECTION('',(-0.,-1.,0.));
#12104 = FACE_BOUND('',#12105,.F.);
#12105 = EDGE_LOOP('',(#12106));
#12106 = ORIENTED_EDGE('',*,*,#12107,.T.);
#12107 = EDGE_CURVE('',#12108,#12108,#12110,.T.);
#12108 = VERTEX_POINT('',#12109);
#12109 = CARTESIAN_POINT('',(91.44,-132.58,0.));
#12110 = CIRCLE('',#12111,0.5);
#12111 = AXIS2_PLACEMENT_3D('',#12112,#12113,#12114);
#12112 = CARTESIAN_POINT('',(91.44,-132.08,0.));
#12113 = DIRECTION('',(-0.,0.,-1.));
#12114 = DIRECTION('',(-0.,-1.,0.));
#12115 = FACE_BOUND('',#12116,.F.);
#12116 = EDGE_LOOP('',(#12117));
#12117 = ORIENTED_EDGE('',*,*,#12118,.T.);
#12118 = EDGE_CURVE('',#12119,#12119,#12121,.T.);
#12119 = VERTEX_POINT('',#12120);
#12120 = CARTESIAN_POINT('',(73.66,-124.91,0.));
#12121 = CIRCLE('',#12122,0.45);
#12122 = AXIS2_PLACEMENT_3D('',#12123,#12124,#12125);
#12123 = CARTESIAN_POINT('',(73.66,-124.46,0.));
#12124 = DIRECTION('',(-0.,0.,-1.));
#12125 = DIRECTION('',(-0.,-1.,0.));
#12126 = FACE_BOUND('',#12127,.F.);
#12127 = EDGE_LOOP('',(#12128));
#12128 = ORIENTED_EDGE('',*,*,#12129,.T.);
#12129 = EDGE_CURVE('',#12130,#12130,#12132,.T.);
#12130 = VERTEX_POINT('',#12131);
#12131 = CARTESIAN_POINT('',(76.2,-124.91,0.));
#12132 = CIRCLE('',#12133,0.45);
#12133 = AXIS2_PLACEMENT_3D('',#12134,#12135,#12136);
#12134 = CARTESIAN_POINT('',(76.2,-124.46,0.));
#12135 = DIRECTION('',(-0.,0.,-1.));
#12136 = DIRECTION('',(-0.,-1.,0.));
#12137 = FACE_BOUND('',#12138,.F.);
#12138 = EDGE_LOOP('',(#12139));
#12139 = ORIENTED_EDGE('',*,*,#12140,.T.);
#12140 = EDGE_CURVE('',#12141,#12141,#12143,.T.);
#12141 = VERTEX_POINT('',#12142);
#12142 = CARTESIAN_POINT('',(81.28,-124.86,0.));
#12143 = CIRCLE('',#12144,0.4);
#12144 = AXIS2_PLACEMENT_3D('',#12145,#12146,#12147);
#12145 = CARTESIAN_POINT('',(81.28,-124.46,0.));
#12146 = DIRECTION('',(-0.,0.,-1.));
#12147 = DIRECTION('',(-0.,-1.,0.));
#12148 = FACE_BOUND('',#12149,.F.);
#12149 = EDGE_LOOP('',(#12150));
#12150 = ORIENTED_EDGE('',*,*,#12151,.T.);
#12151 = EDGE_CURVE('',#12152,#12152,#12154,.T.);
#12152 = VERTEX_POINT('',#12153);
#12153 = CARTESIAN_POINT('',(91.44,-130.04,0.));
#12154 = CIRCLE('',#12155,0.5);
#12155 = AXIS2_PLACEMENT_3D('',#12156,#12157,#12158);
#12156 = CARTESIAN_POINT('',(91.44,-129.54,0.));
#12157 = DIRECTION('',(-0.,0.,-1.));
#12158 = DIRECTION('',(-0.,-1.,0.));
#12159 = FACE_BOUND('',#12160,.F.);
#12160 = EDGE_LOOP('',(#12161));
#12161 = ORIENTED_EDGE('',*,*,#12162,.T.);
#12162 = EDGE_CURVE('',#12163,#12163,#12165,.T.);
#12163 = VERTEX_POINT('',#12164);
#12164 = CARTESIAN_POINT('',(91.44,-124.86,0.));
#12165 = CIRCLE('',#12166,0.4);
#12166 = AXIS2_PLACEMENT_3D('',#12167,#12168,#12169);
#12167 = CARTESIAN_POINT('',(91.44,-124.46,0.));
#12168 = DIRECTION('',(-0.,0.,-1.));
#12169 = DIRECTION('',(-0.,-1.,0.));
#12170 = FACE_BOUND('',#12171,.F.);
#12171 = EDGE_LOOP('',(#12172));
#12172 = ORIENTED_EDGE('',*,*,#12173,.T.);
#12173 = EDGE_CURVE('',#12174,#12174,#12176,.T.);
#12174 = VERTEX_POINT('',#12175);
#12175 = CARTESIAN_POINT('',(99.06,-132.58,0.));
#12176 = CIRCLE('',#12177,0.5);
#12177 = AXIS2_PLACEMENT_3D('',#12178,#12179,#12180);
#12178 = CARTESIAN_POINT('',(99.06,-132.08,0.));
#12179 = DIRECTION('',(-0.,0.,-1.));
#12180 = DIRECTION('',(-0.,-1.,0.));
#12181 = FACE_BOUND('',#12182,.F.);
#12182 = EDGE_LOOP('',(#12183));
#12183 = ORIENTED_EDGE('',*,*,#12184,.T.);
#12184 = EDGE_CURVE('',#12185,#12185,#12187,.T.);
#12185 = VERTEX_POINT('',#12186);
#12186 = CARTESIAN_POINT('',(99.06,-130.04,0.));
#12187 = CIRCLE('',#12188,0.5);
#12188 = AXIS2_PLACEMENT_3D('',#12189,#12190,#12191);
#12189 = CARTESIAN_POINT('',(99.06,-129.54,0.));
#12190 = DIRECTION('',(-0.,0.,-1.));
#12191 = DIRECTION('',(-0.,-1.,0.));
#12192 = FACE_BOUND('',#12193,.F.);
#12193 = EDGE_LOOP('',(#12194));
#12194 = ORIENTED_EDGE('',*,*,#12195,.T.);
#12195 = EDGE_CURVE('',#12196,#12196,#12198,.T.);
#12196 = VERTEX_POINT('',#12197);
#12197 = CARTESIAN_POINT('',(99.06,-127.5,0.));
#12198 = CIRCLE('',#12199,0.5);
#12199 = AXIS2_PLACEMENT_3D('',#12200,#12201,#12202);
#12200 = CARTESIAN_POINT('',(99.06,-127.,0.));
#12201 = DIRECTION('',(-0.,0.,-1.));
#12202 = DIRECTION('',(-0.,-1.,0.));
#12203 = FACE_BOUND('',#12204,.F.);
#12204 = EDGE_LOOP('',(#12205));
#12205 = ORIENTED_EDGE('',*,*,#12206,.T.);
#12206 = EDGE_CURVE('',#12207,#12207,#12209,.T.);
#12207 = VERTEX_POINT('',#12208);
#12208 = CARTESIAN_POINT('',(99.06,-124.96,0.));
#12209 = CIRCLE('',#12210,0.5);
#12210 = AXIS2_PLACEMENT_3D('',#12211,#12212,#12213);
#12211 = CARTESIAN_POINT('',(99.06,-124.46,0.));
#12212 = DIRECTION('',(-0.,0.,-1.));
#12213 = DIRECTION('',(-0.,-1.,0.));
#12214 = FACE_BOUND('',#12215,.F.);
#12215 = EDGE_LOOP('',(#12216));
#12216 = ORIENTED_EDGE('',*,*,#12217,.T.);
#12217 = EDGE_CURVE('',#12218,#12218,#12220,.T.);
#12218 = VERTEX_POINT('',#12219);
#12219 = CARTESIAN_POINT('',(99.06,-122.42,0.));
#12220 = CIRCLE('',#12221,0.5);
#12221 = AXIS2_PLACEMENT_3D('',#12222,#12223,#12224);
#12222 = CARTESIAN_POINT('',(99.06,-121.92,0.));
#12223 = DIRECTION('',(-0.,0.,-1.));
#12224 = DIRECTION('',(-0.,-1.,0.));
#12225 = FACE_BOUND('',#12226,.F.);
#12226 = EDGE_LOOP('',(#12227));
#12227 = ORIENTED_EDGE('',*,*,#12228,.T.);
#12228 = EDGE_CURVE('',#12229,#12229,#12231,.T.);
#12229 = VERTEX_POINT('',#12230);
#12230 = CARTESIAN_POINT('',(99.06,-119.88,0.));
#12231 = CIRCLE('',#12232,0.5);
#12232 = AXIS2_PLACEMENT_3D('',#12233,#12234,#12235);
#12233 = CARTESIAN_POINT('',(99.06,-119.38,0.));
#12234 = DIRECTION('',(-0.,0.,-1.));
#12235 = DIRECTION('',(-0.,-1.,0.));
#12236 = FACE_BOUND('',#12237,.F.);
#12237 = EDGE_LOOP('',(#12238));
#12238 = ORIENTED_EDGE('',*,*,#12239,.T.);
#12239 = EDGE_CURVE('',#12240,#12240,#12242,.T.);
#12240 = VERTEX_POINT('',#12241);
#12241 = CARTESIAN_POINT('',(73.66,-114.75,0.));
#12242 = CIRCLE('',#12243,0.45);
#12243 = AXIS2_PLACEMENT_3D('',#12244,#12245,#12246);
#12244 = CARTESIAN_POINT('',(73.66,-114.3,0.));
#12245 = DIRECTION('',(-0.,0.,-1.));
#12246 = DIRECTION('',(-0.,-1.,0.));
#12247 = FACE_BOUND('',#12248,.F.);
#12248 = EDGE_LOOP('',(#12249));
#12249 = ORIENTED_EDGE('',*,*,#12250,.T.);
#12250 = EDGE_CURVE('',#12251,#12251,#12253,.T.);
#12251 = VERTEX_POINT('',#12252);
#12252 = CARTESIAN_POINT('',(76.2,-114.75,0.));
#12253 = CIRCLE('',#12254,0.45);
#12254 = AXIS2_PLACEMENT_3D('',#12255,#12256,#12257);
#12255 = CARTESIAN_POINT('',(76.2,-114.3,0.));
#12256 = DIRECTION('',(-0.,0.,-1.));
#12257 = DIRECTION('',(-0.,-1.,0.));
#12258 = FACE_BOUND('',#12259,.F.);
#12259 = EDGE_LOOP('',(#12260));
#12260 = ORIENTED_EDGE('',*,*,#12261,.T.);
#12261 = EDGE_CURVE('',#12262,#12262,#12264,.T.);
#12262 = VERTEX_POINT('',#12263);
#12263 = CARTESIAN_POINT('',(81.28,-114.7,0.));
#12264 = CIRCLE('',#12265,0.4);
#12265 = AXIS2_PLACEMENT_3D('',#12266,#12267,#12268);
#12266 = CARTESIAN_POINT('',(81.28,-114.3,0.));
#12267 = DIRECTION('',(-0.,0.,-1.));
#12268 = DIRECTION('',(-0.,-1.,0.));
#12269 = FACE_BOUND('',#12270,.F.);
#12270 = EDGE_LOOP('',(#12271));
#12271 = ORIENTED_EDGE('',*,*,#12272,.T.);
#12272 = EDGE_CURVE('',#12273,#12273,#12275,.T.);
#12273 = VERTEX_POINT('',#12274);
#12274 = CARTESIAN_POINT('',(91.44,-114.7,0.));
#12275 = CIRCLE('',#12276,0.4);
#12276 = AXIS2_PLACEMENT_3D('',#12277,#12278,#12279);
#12277 = CARTESIAN_POINT('',(91.44,-114.3,0.));
#12278 = DIRECTION('',(-0.,0.,-1.));
#12279 = DIRECTION('',(-0.,-1.,0.));
#12280 = FACE_BOUND('',#12281,.F.);
#12281 = EDGE_LOOP('',(#12282));
#12282 = ORIENTED_EDGE('',*,*,#12283,.T.);
#12283 = EDGE_CURVE('',#12284,#12284,#12286,.T.);
#12284 = VERTEX_POINT('',#12285);
#12285 = CARTESIAN_POINT('',(99.06,-117.34,0.));
#12286 = CIRCLE('',#12287,0.5);
#12287 = AXIS2_PLACEMENT_3D('',#12288,#12289,#12290);
#12288 = CARTESIAN_POINT('',(99.06,-116.84,0.));
#12289 = DIRECTION('',(-0.,0.,-1.));
#12290 = DIRECTION('',(-0.,-1.,0.));
#12291 = FACE_BOUND('',#12292,.F.);
#12292 = EDGE_LOOP('',(#12293));
#12293 = ORIENTED_EDGE('',*,*,#12294,.T.);
#12294 = EDGE_CURVE('',#12295,#12295,#12297,.T.);
#12295 = VERTEX_POINT('',#12296);
#12296 = CARTESIAN_POINT('',(99.06,-114.8,0.));
#12297 = CIRCLE('',#12298,0.5);
#12298 = AXIS2_PLACEMENT_3D('',#12299,#12300,#12301);
#12299 = CARTESIAN_POINT('',(99.06,-114.3,0.));
#12300 = DIRECTION('',(-0.,0.,-1.));
#12301 = DIRECTION('',(-0.,-1.,0.));
#12302 = FACE_BOUND('',#12303,.F.);
#12303 = EDGE_LOOP('',(#12304));
#12304 = ORIENTED_EDGE('',*,*,#12305,.T.);
#12305 = EDGE_CURVE('',#12306,#12306,#12308,.T.);
#12306 = VERTEX_POINT('',#12307);
#12307 = CARTESIAN_POINT('',(99.06,-112.26,0.));
#12308 = CIRCLE('',#12309,0.5);
#12309 = AXIS2_PLACEMENT_3D('',#12310,#12311,#12312);
#12310 = CARTESIAN_POINT('',(99.06,-111.76,0.));
#12311 = DIRECTION('',(-0.,0.,-1.));
#12312 = DIRECTION('',(-0.,-1.,0.));
#12313 = FACE_BOUND('',#12314,.F.);
#12314 = EDGE_LOOP('',(#12315));
#12315 = ORIENTED_EDGE('',*,*,#12316,.T.);
#12316 = EDGE_CURVE('',#12317,#12317,#12319,.T.);
#12317 = VERTEX_POINT('',#12318);
#12318 = CARTESIAN_POINT('',(99.06,-109.72,0.));
#12319 = CIRCLE('',#12320,0.5);
#12320 = AXIS2_PLACEMENT_3D('',#12321,#12322,#12323);
#12321 = CARTESIAN_POINT('',(99.06,-109.22,0.));
#12322 = DIRECTION('',(-0.,0.,-1.));
#12323 = DIRECTION('',(-0.,-1.,0.));
#12324 = FACE_BOUND('',#12325,.F.);
#12325 = EDGE_LOOP('',(#12326));
#12326 = ORIENTED_EDGE('',*,*,#12327,.T.);
#12327 = EDGE_CURVE('',#12328,#12328,#12330,.T.);
#12328 = VERTEX_POINT('',#12329);
#12329 = CARTESIAN_POINT('',(99.06,-107.18,0.));
#12330 = CIRCLE('',#12331,0.5);
#12331 = AXIS2_PLACEMENT_3D('',#12332,#12333,#12334);
#12332 = CARTESIAN_POINT('',(99.06,-106.68,0.));
#12333 = DIRECTION('',(-0.,0.,-1.));
#12334 = DIRECTION('',(-0.,-1.,0.));
#12335 = FACE_BOUND('',#12336,.F.);
#12336 = EDGE_LOOP('',(#12337));
#12337 = ORIENTED_EDGE('',*,*,#12338,.T.);
#12338 = EDGE_CURVE('',#12339,#12339,#12341,.T.);
#12339 = VERTEX_POINT('',#12340);
#12340 = CARTESIAN_POINT('',(99.06,-104.64,0.));
#12341 = CIRCLE('',#12342,0.5);
#12342 = AXIS2_PLACEMENT_3D('',#12343,#12344,#12345);
#12343 = CARTESIAN_POINT('',(99.06,-104.14,0.));
#12344 = DIRECTION('',(-0.,0.,-1.));
#12345 = DIRECTION('',(-0.,-1.,0.));
#12346 = FACE_BOUND('',#12347,.F.);
#12347 = EDGE_LOOP('',(#12348));
#12348 = ORIENTED_EDGE('',*,*,#12349,.T.);
#12349 = EDGE_CURVE('',#12350,#12350,#12352,.T.);
#12350 = VERTEX_POINT('',#12351);
#12351 = CARTESIAN_POINT('',(99.06,-102.1,0.));
#12352 = CIRCLE('',#12353,0.5);
#12353 = AXIS2_PLACEMENT_3D('',#12354,#12355,#12356);
#12354 = CARTESIAN_POINT('',(99.06,-101.6,0.));
#12355 = DIRECTION('',(-0.,0.,-1.));
#12356 = DIRECTION('',(-0.,-1.,0.));
#12357 = FACE_BOUND('',#12358,.F.);
#12358 = EDGE_LOOP('',(#12359));
#12359 = ORIENTED_EDGE('',*,*,#12360,.T.);
#12360 = EDGE_CURVE('',#12361,#12361,#12363,.T.);
#12361 = VERTEX_POINT('',#12362);
#12362 = CARTESIAN_POINT('',(99.06,-99.56,0.));
#12363 = CIRCLE('',#12364,0.5);
#12364 = AXIS2_PLACEMENT_3D('',#12365,#12366,#12367);
#12365 = CARTESIAN_POINT('',(99.06,-99.06,0.));
#12366 = DIRECTION('',(-0.,0.,-1.));
#12367 = DIRECTION('',(-0.,-1.,0.));
#12368 = FACE_BOUND('',#12369,.F.);
#12369 = EDGE_LOOP('',(#12370));
#12370 = ORIENTED_EDGE('',*,*,#12371,.T.);
#12371 = EDGE_CURVE('',#12372,#12372,#12374,.T.);
#12372 = VERTEX_POINT('',#12373);
#12373 = CARTESIAN_POINT('',(99.06,-97.02,0.));
#12374 = CIRCLE('',#12375,0.5);
#12375 = AXIS2_PLACEMENT_3D('',#12376,#12377,#12378);
#12376 = CARTESIAN_POINT('',(99.06,-96.52,0.));
#12377 = DIRECTION('',(-0.,0.,-1.));
#12378 = DIRECTION('',(-0.,-1.,0.));
#12379 = FACE_BOUND('',#12380,.F.);
#12380 = EDGE_LOOP('',(#12381));
#12381 = ORIENTED_EDGE('',*,*,#12382,.T.);
#12382 = EDGE_CURVE('',#12383,#12383,#12385,.T.);
#12383 = VERTEX_POINT('',#12384);
#12384 = CARTESIAN_POINT('',(124.46,-132.58,0.));
#12385 = CIRCLE('',#12386,0.5);
#12386 = AXIS2_PLACEMENT_3D('',#12387,#12388,#12389);
#12387 = CARTESIAN_POINT('',(124.46,-132.08,0.));
#12388 = DIRECTION('',(-0.,0.,-1.));
#12389 = DIRECTION('',(-0.,-1.,0.));
#12390 = FACE_BOUND('',#12391,.F.);
#12391 = EDGE_LOOP('',(#12392));
#12392 = ORIENTED_EDGE('',*,*,#12393,.T.);
#12393 = EDGE_CURVE('',#12394,#12394,#12396,.T.);
#12394 = VERTEX_POINT('',#12395);
#12395 = CARTESIAN_POINT('',(124.46,-130.04,0.));
#12396 = CIRCLE('',#12397,0.5);
#12397 = AXIS2_PLACEMENT_3D('',#12398,#12399,#12400);
#12398 = CARTESIAN_POINT('',(124.46,-129.54,0.));
#12399 = DIRECTION('',(-0.,0.,-1.));
#12400 = DIRECTION('',(-0.,-1.,0.));
#12401 = FACE_BOUND('',#12402,.F.);
#12402 = EDGE_LOOP('',(#12403));
#12403 = ORIENTED_EDGE('',*,*,#12404,.T.);
#12404 = EDGE_CURVE('',#12405,#12405,#12407,.T.);
#12405 = VERTEX_POINT('',#12406);
#12406 = CARTESIAN_POINT('',(124.46,-127.5,0.));
#12407 = CIRCLE('',#12408,0.5);
#12408 = AXIS2_PLACEMENT_3D('',#12409,#12410,#12411);
#12409 = CARTESIAN_POINT('',(124.46,-127.,0.));
#12410 = DIRECTION('',(-0.,0.,-1.));
#12411 = DIRECTION('',(-0.,-1.,0.));
#12412 = FACE_BOUND('',#12413,.F.);
#12413 = EDGE_LOOP('',(#12414));
#12414 = ORIENTED_EDGE('',*,*,#12415,.T.);
#12415 = EDGE_CURVE('',#12416,#12416,#12418,.T.);
#12416 = VERTEX_POINT('',#12417);
#12417 = CARTESIAN_POINT('',(132.08,-127.6,0.));
#12418 = CIRCLE('',#12419,0.6);
#12419 = AXIS2_PLACEMENT_3D('',#12420,#12421,#12422);
#12420 = CARTESIAN_POINT('',(132.08,-127.,0.));
#12421 = DIRECTION('',(-0.,0.,-1.));
#12422 = DIRECTION('',(4.736951571734E-14,-1.,-0.));
#12423 = FACE_BOUND('',#12424,.F.);
#12424 = EDGE_LOOP('',(#12425));
#12425 = ORIENTED_EDGE('',*,*,#12426,.T.);
#12426 = EDGE_CURVE('',#12427,#12427,#12429,.T.);
#12427 = VERTEX_POINT('',#12428);
#12428 = CARTESIAN_POINT('',(124.46,-124.96,0.));
#12429 = CIRCLE('',#12430,0.5);
#12430 = AXIS2_PLACEMENT_3D('',#12431,#12432,#12433);
#12431 = CARTESIAN_POINT('',(124.46,-124.46,0.));
#12432 = DIRECTION('',(-0.,0.,-1.));
#12433 = DIRECTION('',(-0.,-1.,0.));
#12434 = FACE_BOUND('',#12435,.F.);
#12435 = EDGE_LOOP('',(#12436));
#12436 = ORIENTED_EDGE('',*,*,#12437,.T.);
#12437 = EDGE_CURVE('',#12438,#12438,#12440,.T.);
#12438 = VERTEX_POINT('',#12439);
#12439 = CARTESIAN_POINT('',(124.46,-122.42,0.));
#12440 = CIRCLE('',#12441,0.5);
#12441 = AXIS2_PLACEMENT_3D('',#12442,#12443,#12444);
#12442 = CARTESIAN_POINT('',(124.46,-121.92,0.));
#12443 = DIRECTION('',(-0.,0.,-1.));
#12444 = DIRECTION('',(-0.,-1.,0.));
#12445 = FACE_BOUND('',#12446,.F.);
#12446 = EDGE_LOOP('',(#12447));
#12447 = ORIENTED_EDGE('',*,*,#12448,.T.);
#12448 = EDGE_CURVE('',#12449,#12449,#12451,.T.);
#12449 = VERTEX_POINT('',#12450);
#12450 = CARTESIAN_POINT('',(124.46,-119.88,0.));
#12451 = CIRCLE('',#12452,0.5);
#12452 = AXIS2_PLACEMENT_3D('',#12453,#12454,#12455);
#12453 = CARTESIAN_POINT('',(124.46,-119.38,0.));
#12454 = DIRECTION('',(-0.,0.,-1.));
#12455 = DIRECTION('',(-0.,-1.,0.));
#12456 = FACE_BOUND('',#12457,.F.);
#12457 = EDGE_LOOP('',(#12458));
#12458 = ORIENTED_EDGE('',*,*,#12459,.T.);
#12459 = EDGE_CURVE('',#12460,#12460,#12462,.T.);
#12460 = VERTEX_POINT('',#12461);
#12461 = CARTESIAN_POINT('',(139.695,-127.375,0.));
#12462 = CIRCLE('',#12463,0.375);
#12463 = AXIS2_PLACEMENT_3D('',#12464,#12465,#12466);
#12464 = CARTESIAN_POINT('',(139.695,-127.,0.));
#12465 = DIRECTION('',(-0.,0.,-1.));
#12466 = DIRECTION('',(-0.,-1.,0.));
#12467 = FACE_BOUND('',#12468,.F.);
#12468 = EDGE_LOOP('',(#12469));
#12469 = ORIENTED_EDGE('',*,*,#12470,.T.);
#12470 = EDGE_CURVE('',#12471,#12471,#12473,.T.);
#12471 = VERTEX_POINT('',#12472);
#12472 = CARTESIAN_POINT('',(138.51,-122.32,0.));
#12473 = CIRCLE('',#12474,0.4);
#12474 = AXIS2_PLACEMENT_3D('',#12475,#12476,#12477);
#12475 = CARTESIAN_POINT('',(138.51,-121.92,0.));
#12476 = DIRECTION('',(-0.,0.,-1.));
#12477 = DIRECTION('',(-0.,-1.,0.));
#12478 = FACE_BOUND('',#12479,.F.);
#12479 = EDGE_LOOP('',(#12480));
#12480 = ORIENTED_EDGE('',*,*,#12481,.T.);
#12481 = EDGE_CURVE('',#12482,#12482,#12484,.T.);
#12482 = VERTEX_POINT('',#12483);
#12483 = CARTESIAN_POINT('',(167.64,-142.57,0.));
#12484 = CIRCLE('',#12485,1.6);
#12485 = AXIS2_PLACEMENT_3D('',#12486,#12487,#12488);
#12486 = CARTESIAN_POINT('',(167.64,-140.97,0.));
#12487 = DIRECTION('',(-0.,0.,-1.));
#12488 = DIRECTION('',(-0.,-1.,0.));
#12489 = FACE_BOUND('',#12490,.F.);
#12490 = EDGE_LOOP('',(#12491));
#12491 = ORIENTED_EDGE('',*,*,#12492,.T.);
#12492 = EDGE_CURVE('',#12493,#12493,#12495,.T.);
#12493 = VERTEX_POINT('',#12494);
#12494 = CARTESIAN_POINT('',(147.315,-127.375,0.));
#12495 = CIRCLE('',#12496,0.375);
#12496 = AXIS2_PLACEMENT_3D('',#12497,#12498,#12499);
#12497 = CARTESIAN_POINT('',(147.315,-127.,0.));
#12498 = DIRECTION('',(-0.,0.,-1.));
#12499 = DIRECTION('',(-0.,-1.,0.));
#12500 = FACE_BOUND('',#12501,.F.);
#12501 = EDGE_LOOP('',(#12502));
#12502 = ORIENTED_EDGE('',*,*,#12503,.T.);
#12503 = EDGE_CURVE('',#12504,#12504,#12506,.T.);
#12504 = VERTEX_POINT('',#12505);
#12505 = CARTESIAN_POINT('',(154.94,-127.6,0.));
#12506 = CIRCLE('',#12507,0.6);
#12507 = AXIS2_PLACEMENT_3D('',#12508,#12509,#12510);
#12508 = CARTESIAN_POINT('',(154.94,-127.,0.));
#12509 = DIRECTION('',(-0.,0.,-1.));
#12510 = DIRECTION('',(-0.,-1.,0.));
#12511 = FACE_BOUND('',#12512,.F.);
#12512 = EDGE_LOOP('',(#12513));
#12513 = ORIENTED_EDGE('',*,*,#12514,.T.);
#12514 = EDGE_CURVE('',#12515,#12515,#12517,.T.);
#12515 = VERTEX_POINT('',#12516);
#12516 = CARTESIAN_POINT('',(148.51,-122.32,0.));
#12517 = CIRCLE('',#12518,0.4);
#12518 = AXIS2_PLACEMENT_3D('',#12519,#12520,#12521);
#12519 = CARTESIAN_POINT('',(148.51,-121.92,0.));
#12520 = DIRECTION('',(-0.,0.,-1.));
#12521 = DIRECTION('',(-0.,-1.,0.));
#12522 = FACE_BOUND('',#12523,.F.);
#12523 = EDGE_LOOP('',(#12524));
#12524 = ORIENTED_EDGE('',*,*,#12525,.T.);
#12525 = EDGE_CURVE('',#12526,#12526,#12528,.T.);
#12526 = VERTEX_POINT('',#12527);
#12527 = CARTESIAN_POINT('',(124.46,-117.34,0.));
#12528 = CIRCLE('',#12529,0.5);
#12529 = AXIS2_PLACEMENT_3D('',#12530,#12531,#12532);
#12530 = CARTESIAN_POINT('',(124.46,-116.84,0.));
#12531 = DIRECTION('',(-0.,0.,-1.));
#12532 = DIRECTION('',(-0.,-1.,0.));
#12533 = FACE_BOUND('',#12534,.F.);
#12534 = EDGE_LOOP('',(#12535));
#12535 = ORIENTED_EDGE('',*,*,#12536,.T.);
#12536 = EDGE_CURVE('',#12537,#12537,#12539,.T.);
#12537 = VERTEX_POINT('',#12538);
#12538 = CARTESIAN_POINT('',(124.46,-114.8,0.));
#12539 = CIRCLE('',#12540,0.5);
#12540 = AXIS2_PLACEMENT_3D('',#12541,#12542,#12543);
#12541 = CARTESIAN_POINT('',(124.46,-114.3,0.));
#12542 = DIRECTION('',(-0.,0.,-1.));
#12543 = DIRECTION('',(-0.,-1.,0.));
#12544 = FACE_BOUND('',#12545,.F.);
#12545 = EDGE_LOOP('',(#12546));
#12546 = ORIENTED_EDGE('',*,*,#12547,.T.);
#12547 = EDGE_CURVE('',#12548,#12548,#12550,.T.);
#12548 = VERTEX_POINT('',#12549);
#12549 = CARTESIAN_POINT('',(124.46,-112.26,0.));
#12550 = CIRCLE('',#12551,0.5);
#12551 = AXIS2_PLACEMENT_3D('',#12552,#12553,#12554);
#12552 = CARTESIAN_POINT('',(124.46,-111.76,0.));
#12553 = DIRECTION('',(-0.,0.,-1.));
#12554 = DIRECTION('',(-0.,-1.,0.));
#12555 = FACE_BOUND('',#12556,.F.);
#12556 = EDGE_LOOP('',(#12557));
#12557 = ORIENTED_EDGE('',*,*,#12558,.T.);
#12558 = EDGE_CURVE('',#12559,#12559,#12561,.T.);
#12559 = VERTEX_POINT('',#12560);
#12560 = CARTESIAN_POINT('',(124.46,-109.72,0.));
#12561 = CIRCLE('',#12562,0.5);
#12562 = AXIS2_PLACEMENT_3D('',#12563,#12564,#12565);
#12563 = CARTESIAN_POINT('',(124.46,-109.22,0.));
#12564 = DIRECTION('',(-0.,0.,-1.));
#12565 = DIRECTION('',(-0.,-1.,0.));
#12566 = FACE_BOUND('',#12567,.F.);
#12567 = EDGE_LOOP('',(#12568));
#12568 = ORIENTED_EDGE('',*,*,#12569,.T.);
#12569 = EDGE_CURVE('',#12570,#12570,#12572,.T.);
#12570 = VERTEX_POINT('',#12571);
#12571 = CARTESIAN_POINT('',(124.46,-107.18,0.));
#12572 = CIRCLE('',#12573,0.5);
#12573 = AXIS2_PLACEMENT_3D('',#12574,#12575,#12576);
#12574 = CARTESIAN_POINT('',(124.46,-106.68,0.));
#12575 = DIRECTION('',(-0.,0.,-1.));
#12576 = DIRECTION('',(-0.,-1.,0.));
#12577 = FACE_BOUND('',#12578,.F.);
#12578 = EDGE_LOOP('',(#12579));
#12579 = ORIENTED_EDGE('',*,*,#12580,.T.);
#12580 = EDGE_CURVE('',#12581,#12581,#12583,.T.);
#12581 = VERTEX_POINT('',#12582);
#12582 = CARTESIAN_POINT('',(132.08,-112.36,0.));
#12583 = CIRCLE('',#12584,0.6);
#12584 = AXIS2_PLACEMENT_3D('',#12585,#12586,#12587);
#12585 = CARTESIAN_POINT('',(132.08,-111.76,0.));
#12586 = DIRECTION('',(-0.,0.,-1.));
#12587 = DIRECTION('',(4.736951571734E-14,-1.,-0.));
#12588 = FACE_BOUND('',#12589,.F.);
#12589 = EDGE_LOOP('',(#12590));
#12590 = ORIENTED_EDGE('',*,*,#12591,.T.);
#12591 = EDGE_CURVE('',#12592,#12592,#12594,.T.);
#12592 = VERTEX_POINT('',#12593);
#12593 = CARTESIAN_POINT('',(141.07,-117.44,0.));
#12594 = CIRCLE('',#12595,0.5);
#12595 = AXIS2_PLACEMENT_3D('',#12596,#12597,#12598);
#12596 = CARTESIAN_POINT('',(141.07,-116.94,0.));
#12597 = DIRECTION('',(-0.,0.,-1.));
#12598 = DIRECTION('',(-0.,-1.,0.));
#12599 = FACE_BOUND('',#12600,.F.);
#12600 = EDGE_LOOP('',(#12601));
#12601 = ORIENTED_EDGE('',*,*,#12602,.T.);
#12602 = EDGE_CURVE('',#12603,#12603,#12605,.T.);
#12603 = VERTEX_POINT('',#12604);
#12604 = CARTESIAN_POINT('',(143.61,-117.44,0.));
#12605 = CIRCLE('',#12606,0.5);
#12606 = AXIS2_PLACEMENT_3D('',#12607,#12608,#12609);
#12607 = CARTESIAN_POINT('',(143.61,-116.94,0.));
#12608 = DIRECTION('',(-0.,0.,-1.));
#12609 = DIRECTION('',(-0.,-1.,0.));
#12610 = FACE_BOUND('',#12611,.F.);
#12611 = EDGE_LOOP('',(#12612));
#12612 = ORIENTED_EDGE('',*,*,#12613,.T.);
#12613 = EDGE_CURVE('',#12614,#12614,#12616,.T.);
#12614 = VERTEX_POINT('',#12615);
#12615 = CARTESIAN_POINT('',(141.07,-107.28,0.));
#12616 = CIRCLE('',#12617,0.5);
#12617 = AXIS2_PLACEMENT_3D('',#12618,#12619,#12620);
#12618 = CARTESIAN_POINT('',(141.07,-106.78,0.));
#12619 = DIRECTION('',(-0.,0.,-1.));
#12620 = DIRECTION('',(-0.,-1.,0.));
#12621 = FACE_BOUND('',#12622,.F.);
#12622 = EDGE_LOOP('',(#12623));
#12623 = ORIENTED_EDGE('',*,*,#12624,.T.);
#12624 = EDGE_CURVE('',#12625,#12625,#12627,.T.);
#12625 = VERTEX_POINT('',#12626);
#12626 = CARTESIAN_POINT('',(143.61,-107.28,0.));
#12627 = CIRCLE('',#12628,0.5);
#12628 = AXIS2_PLACEMENT_3D('',#12629,#12630,#12631);
#12629 = CARTESIAN_POINT('',(143.61,-106.78,0.));
#12630 = DIRECTION('',(-0.,0.,-1.));
#12631 = DIRECTION('',(-0.,-1.,0.));
#12632 = FACE_BOUND('',#12633,.F.);
#12633 = EDGE_LOOP('',(#12634));
#12634 = ORIENTED_EDGE('',*,*,#12635,.T.);
#12635 = EDGE_CURVE('',#12636,#12636,#12638,.T.);
#12636 = VERTEX_POINT('',#12637);
#12637 = CARTESIAN_POINT('',(124.46,-104.64,0.));
#12638 = CIRCLE('',#12639,0.5);
#12639 = AXIS2_PLACEMENT_3D('',#12640,#12641,#12642);
#12640 = CARTESIAN_POINT('',(124.46,-104.14,0.));
#12641 = DIRECTION('',(-0.,0.,-1.));
#12642 = DIRECTION('',(-0.,-1.,0.));
#12643 = FACE_BOUND('',#12644,.F.);
#12644 = EDGE_LOOP('',(#12645));
#12645 = ORIENTED_EDGE('',*,*,#12646,.T.);
#12646 = EDGE_CURVE('',#12647,#12647,#12649,.T.);
#12647 = VERTEX_POINT('',#12648);
#12648 = CARTESIAN_POINT('',(124.46,-102.1,0.));
#12649 = CIRCLE('',#12650,0.5);
#12650 = AXIS2_PLACEMENT_3D('',#12651,#12652,#12653);
#12651 = CARTESIAN_POINT('',(124.46,-101.6,0.));
#12652 = DIRECTION('',(-0.,0.,-1.));
#12653 = DIRECTION('',(-0.,-1.,0.));
#12654 = FACE_BOUND('',#12655,.F.);
#12655 = EDGE_LOOP('',(#12656));
#12656 = ORIENTED_EDGE('',*,*,#12657,.T.);
#12657 = EDGE_CURVE('',#12658,#12658,#12660,.T.);
#12658 = VERTEX_POINT('',#12659);
#12659 = CARTESIAN_POINT('',(124.46,-99.56,0.));
#12660 = CIRCLE('',#12661,0.5);
#12661 = AXIS2_PLACEMENT_3D('',#12662,#12663,#12664);
#12662 = CARTESIAN_POINT('',(124.46,-99.06,0.));
#12663 = DIRECTION('',(-0.,0.,-1.));
#12664 = DIRECTION('',(-0.,-1.,0.));
#12665 = FACE_BOUND('',#12666,.F.);
#12666 = EDGE_LOOP('',(#12667));
#12667 = ORIENTED_EDGE('',*,*,#12668,.T.);
#12668 = EDGE_CURVE('',#12669,#12669,#12671,.T.);
#12669 = VERTEX_POINT('',#12670);
#12670 = CARTESIAN_POINT('',(124.46,-97.02,0.));
#12671 = CIRCLE('',#12672,0.5);
#12672 = AXIS2_PLACEMENT_3D('',#12673,#12674,#12675);
#12673 = CARTESIAN_POINT('',(124.46,-96.52,0.));
#12674 = DIRECTION('',(-0.,0.,-1.));
#12675 = DIRECTION('',(-0.,-1.,0.));
#12676 = FACE_BOUND('',#12677,.F.);
#12677 = EDGE_LOOP('',(#12678));
#12678 = ORIENTED_EDGE('',*,*,#12679,.T.);
#12679 = EDGE_CURVE('',#12680,#12680,#12682,.T.);
#12680 = VERTEX_POINT('',#12681);
#12681 = CARTESIAN_POINT('',(134.62,-99.56,0.));
#12682 = CIRCLE('',#12683,0.5);
#12683 = AXIS2_PLACEMENT_3D('',#12684,#12685,#12686);
#12684 = CARTESIAN_POINT('',(134.62,-99.06,0.));
#12685 = DIRECTION('',(-0.,0.,-1.));
#12686 = DIRECTION('',(-0.,-1.,0.));
#12687 = FACE_BOUND('',#12688,.F.);
#12688 = EDGE_LOOP('',(#12689));
#12689 = ORIENTED_EDGE('',*,*,#12690,.T.);
#12690 = EDGE_CURVE('',#12691,#12691,#12693,.T.);
#12691 = VERTEX_POINT('',#12692);
#12692 = CARTESIAN_POINT('',(137.16,-99.56,0.));
#12693 = CIRCLE('',#12694,0.5);
#12694 = AXIS2_PLACEMENT_3D('',#12695,#12696,#12697);
#12695 = CARTESIAN_POINT('',(137.16,-99.06,0.));
#12696 = DIRECTION('',(-0.,0.,-1.));
#12697 = DIRECTION('',(-0.,-1.,0.));
#12698 = FACE_BOUND('',#12699,.F.);
#12699 = EDGE_LOOP('',(#12700));
#12700 = ORIENTED_EDGE('',*,*,#12701,.T.);
#12701 = EDGE_CURVE('',#12702,#12702,#12704,.T.);
#12702 = VERTEX_POINT('',#12703);
#12703 = CARTESIAN_POINT('',(139.7,-99.56,0.));
#12704 = CIRCLE('',#12705,0.5);
#12705 = AXIS2_PLACEMENT_3D('',#12706,#12707,#12708);
#12706 = CARTESIAN_POINT('',(139.7,-99.06,0.));
#12707 = DIRECTION('',(-0.,0.,-1.));
#12708 = DIRECTION('',(-0.,-1.,0.));
#12709 = FACE_BOUND('',#12710,.F.);
#12710 = EDGE_LOOP('',(#12711));
#12711 = ORIENTED_EDGE('',*,*,#12712,.T.);
#12712 = EDGE_CURVE('',#12713,#12713,#12715,.T.);
#12713 = VERTEX_POINT('',#12714);
#12714 = CARTESIAN_POINT('',(142.24,-99.56,0.));
#12715 = CIRCLE('',#12716,0.5);
#12716 = AXIS2_PLACEMENT_3D('',#12717,#12718,#12719);
#12717 = CARTESIAN_POINT('',(142.24,-99.06,0.));
#12718 = DIRECTION('',(-0.,0.,-1.));
#12719 = DIRECTION('',(-0.,-1.,0.));
#12720 = FACE_BOUND('',#12721,.F.);
#12721 = EDGE_LOOP('',(#12722));
#12722 = ORIENTED_EDGE('',*,*,#12723,.T.);
#12723 = EDGE_CURVE('',#12724,#12724,#12726,.T.);
#12724 = VERTEX_POINT('',#12725);
#12725 = CARTESIAN_POINT('',(144.78,-99.56,0.));
#12726 = CIRCLE('',#12727,0.5);
#12727 = AXIS2_PLACEMENT_3D('',#12728,#12729,#12730);
#12728 = CARTESIAN_POINT('',(144.78,-99.06,0.));
#12729 = DIRECTION('',(-0.,0.,-1.));
#12730 = DIRECTION('',(-0.,-1.,0.));
#12731 = FACE_BOUND('',#12732,.F.);
#12732 = EDGE_LOOP('',(#12733));
#12733 = ORIENTED_EDGE('',*,*,#12734,.T.);
#12734 = EDGE_CURVE('',#12735,#12735,#12737,.T.);
#12735 = VERTEX_POINT('',#12736);
#12736 = CARTESIAN_POINT('',(146.15,-117.44,0.));
#12737 = CIRCLE('',#12738,0.5);
#12738 = AXIS2_PLACEMENT_3D('',#12739,#12740,#12741);
#12739 = CARTESIAN_POINT('',(146.15,-116.94,0.));
#12740 = DIRECTION('',(-0.,0.,-1.));
#12741 = DIRECTION('',(-0.,-1.,0.));
#12742 = FACE_BOUND('',#12743,.F.);
#12743 = EDGE_LOOP('',(#12744));
#12744 = ORIENTED_EDGE('',*,*,#12745,.T.);
#12745 = EDGE_CURVE('',#12746,#12746,#12748,.T.);
#12746 = VERTEX_POINT('',#12747);
#12747 = CARTESIAN_POINT('',(146.15,-107.28,0.));
#12748 = CIRCLE('',#12749,0.5);
#12749 = AXIS2_PLACEMENT_3D('',#12750,#12751,#12752);
#12750 = CARTESIAN_POINT('',(146.15,-106.78,0.));
#12751 = DIRECTION('',(-0.,0.,-1.));
#12752 = DIRECTION('',(-0.,-1.,0.));
#12753 = FACE_BOUND('',#12754,.F.);
#12754 = EDGE_LOOP('',(#12755));
#12755 = ORIENTED_EDGE('',*,*,#12756,.T.);
#12756 = EDGE_CURVE('',#12757,#12757,#12759,.T.);
#12757 = VERTEX_POINT('',#12758);
#12758 = CARTESIAN_POINT('',(154.94,-112.36,0.));
#12759 = CIRCLE('',#12760,0.6);
#12760 = AXIS2_PLACEMENT_3D('',#12761,#12762,#12763);
#12761 = CARTESIAN_POINT('',(154.94,-111.76,0.));
#12762 = DIRECTION('',(-0.,0.,-1.));
#12763 = DIRECTION('',(-0.,-1.,0.));
#12764 = FACE_BOUND('',#12765,.F.);
#12765 = EDGE_LOOP('',(#12766));
#12766 = ORIENTED_EDGE('',*,*,#12767,.T.);
#12767 = EDGE_CURVE('',#12768,#12768,#12770,.T.);
#12768 = VERTEX_POINT('',#12769);
#12769 = CARTESIAN_POINT('',(154.84,-106.01,0.));
#12770 = CIRCLE('',#12771,0.5);
#12771 = AXIS2_PLACEMENT_3D('',#12772,#12773,#12774);
#12772 = CARTESIAN_POINT('',(154.84,-105.51,0.));
#12773 = DIRECTION('',(-0.,0.,-1.));
#12774 = DIRECTION('',(-0.,-1.,0.));
#12775 = FACE_BOUND('',#12776,.F.);
#12776 = EDGE_LOOP('',(#12777));
#12777 = ORIENTED_EDGE('',*,*,#12778,.T.);
#12778 = EDGE_CURVE('',#12779,#12779,#12781,.T.);
#12779 = VERTEX_POINT('',#12780);
#12780 = CARTESIAN_POINT('',(154.84,-103.47,0.));
#12781 = CIRCLE('',#12782,0.5);
#12782 = AXIS2_PLACEMENT_3D('',#12783,#12784,#12785);
#12783 = CARTESIAN_POINT('',(154.84,-102.97,0.));
#12784 = DIRECTION('',(-0.,0.,-1.));
#12785 = DIRECTION('',(-0.,-1.,0.));
#12786 = FACE_BOUND('',#12787,.F.);
#12787 = EDGE_LOOP('',(#12788));
#12788 = ORIENTED_EDGE('',*,*,#12789,.T.);
#12789 = EDGE_CURVE('',#12790,#12790,#12792,.T.);
#12790 = VERTEX_POINT('',#12791);
#12791 = CARTESIAN_POINT('',(147.32,-99.56,0.));
#12792 = CIRCLE('',#12793,0.5);
#12793 = AXIS2_PLACEMENT_3D('',#12794,#12795,#12796);
#12794 = CARTESIAN_POINT('',(147.32,-99.06,0.));
#12795 = DIRECTION('',(-0.,0.,-1.));
#12796 = DIRECTION('',(-0.,-1.,0.));
#12797 = FACE_BOUND('',#12798,.F.);
#12798 = EDGE_LOOP('',(#12799));
#12799 = ORIENTED_EDGE('',*,*,#12800,.T.);
#12800 = EDGE_CURVE('',#12801,#12801,#12803,.T.);
#12801 = VERTEX_POINT('',#12802);
#12802 = CARTESIAN_POINT('',(154.84,-100.93,0.));
#12803 = CIRCLE('',#12804,0.5);
#12804 = AXIS2_PLACEMENT_3D('',#12805,#12806,#12807);
#12805 = CARTESIAN_POINT('',(154.84,-100.43,0.));
#12806 = DIRECTION('',(-0.,0.,-1.));
#12807 = DIRECTION('',(-0.,-1.,0.));
#12808 = FACE_BOUND('',#12809,.F.);
#12809 = EDGE_LOOP('',(#12810));
#12810 = ORIENTED_EDGE('',*,*,#12811,.T.);
#12811 = EDGE_CURVE('',#12812,#12812,#12814,.T.);
#12812 = VERTEX_POINT('',#12813);
#12813 = CARTESIAN_POINT('',(154.84,-98.39,0.));
#12814 = CIRCLE('',#12815,0.5);
#12815 = AXIS2_PLACEMENT_3D('',#12816,#12817,#12818);
#12816 = CARTESIAN_POINT('',(154.84,-97.89,0.));
#12817 = DIRECTION('',(-0.,0.,-1.));
#12818 = DIRECTION('',(-0.,-1.,0.));
#12819 = FACE_BOUND('',#12820,.F.);
#12820 = EDGE_LOOP('',(#12821));
#12821 = ORIENTED_EDGE('',*,*,#12822,.T.);
#12822 = EDGE_CURVE('',#12823,#12823,#12825,.T.);
#12823 = VERTEX_POINT('',#12824);
#12824 = CARTESIAN_POINT('',(154.84,-95.85,0.));
#12825 = CIRCLE('',#12826,0.5);
#12826 = AXIS2_PLACEMENT_3D('',#12827,#12828,#12829);
#12827 = CARTESIAN_POINT('',(154.84,-95.35,0.));
#12828 = DIRECTION('',(-0.,0.,-1.));
#12829 = DIRECTION('',(-0.,-1.,0.));
#12830 = FACE_BOUND('',#12831,.F.);
#12831 = EDGE_LOOP('',(#12832));
#12832 = ORIENTED_EDGE('',*,*,#12833,.T.);
#12833 = EDGE_CURVE('',#12834,#12834,#12836,.T.);
#12834 = VERTEX_POINT('',#12835);
#12835 = CARTESIAN_POINT('',(74.168,-94.48,0.));
#12836 = CIRCLE('',#12837,0.5);
#12837 = AXIS2_PLACEMENT_3D('',#12838,#12839,#12840);
#12838 = CARTESIAN_POINT('',(74.168,-93.98,0.));
#12839 = DIRECTION('',(-0.,0.,-1.));
#12840 = DIRECTION('',(-0.,-1.,0.));
#12841 = FACE_BOUND('',#12842,.F.);
#12842 = EDGE_LOOP('',(#12843));
#12843 = ORIENTED_EDGE('',*,*,#12844,.T.);
#12844 = EDGE_CURVE('',#12845,#12845,#12847,.T.);
#12845 = VERTEX_POINT('',#12846);
#12846 = CARTESIAN_POINT('',(74.168,-91.94,0.));
#12847 = CIRCLE('',#12848,0.5);
#12848 = AXIS2_PLACEMENT_3D('',#12849,#12850,#12851);
#12849 = CARTESIAN_POINT('',(74.168,-91.44,0.));
#12850 = DIRECTION('',(-0.,0.,-1.));
#12851 = DIRECTION('',(-0.,-1.,0.));
#12852 = FACE_BOUND('',#12853,.F.);
#12853 = EDGE_LOOP('',(#12854));
#12854 = ORIENTED_EDGE('',*,*,#12855,.T.);
#12855 = EDGE_CURVE('',#12856,#12856,#12858,.T.);
#12856 = VERTEX_POINT('',#12857);
#12857 = CARTESIAN_POINT('',(74.168,-83.812,0.));
#12858 = CIRCLE('',#12859,0.5);
#12859 = AXIS2_PLACEMENT_3D('',#12860,#12861,#12862);
#12860 = CARTESIAN_POINT('',(74.168,-83.312,0.));
#12861 = DIRECTION('',(-0.,0.,-1.));
#12862 = DIRECTION('',(-0.,-1.,0.));
#12863 = FACE_BOUND('',#12864,.F.);
#12864 = EDGE_LOOP('',(#12865));
#12865 = ORIENTED_EDGE('',*,*,#12866,.T.);
#12866 = EDGE_CURVE('',#12867,#12867,#12869,.T.);
#12867 = VERTEX_POINT('',#12868);
#12868 = CARTESIAN_POINT('',(92.71,-94.48,0.));
#12869 = CIRCLE('',#12870,0.5);
#12870 = AXIS2_PLACEMENT_3D('',#12871,#12872,#12873);
#12871 = CARTESIAN_POINT('',(92.71,-93.98,0.));
#12872 = DIRECTION('',(-0.,0.,-1.));
#12873 = DIRECTION('',(-0.,-1.,0.));
#12874 = FACE_BOUND('',#12875,.F.);
#12875 = EDGE_LOOP('',(#12876));
#12876 = ORIENTED_EDGE('',*,*,#12877,.T.);
#12877 = EDGE_CURVE('',#12878,#12878,#12880,.T.);
#12878 = VERTEX_POINT('',#12879);
#12879 = CARTESIAN_POINT('',(92.71,-91.94,0.));
#12880 = CIRCLE('',#12881,0.5);
#12881 = AXIS2_PLACEMENT_3D('',#12882,#12883,#12884);
#12882 = CARTESIAN_POINT('',(92.71,-91.44,0.));
#12883 = DIRECTION('',(-0.,0.,-1.));
#12884 = DIRECTION('',(-0.,-1.,0.));
#12885 = FACE_BOUND('',#12886,.F.);
#12886 = EDGE_LOOP('',(#12887));
#12887 = ORIENTED_EDGE('',*,*,#12888,.T.);
#12888 = EDGE_CURVE('',#12889,#12889,#12891,.T.);
#12889 = VERTEX_POINT('',#12890);
#12890 = CARTESIAN_POINT('',(92.71,-83.812,0.));
#12891 = CIRCLE('',#12892,0.5);
#12892 = AXIS2_PLACEMENT_3D('',#12893,#12894,#12895);
#12893 = CARTESIAN_POINT('',(92.71,-83.312,0.));
#12894 = DIRECTION('',(-0.,0.,-1.));
#12895 = DIRECTION('',(-0.,-1.,0.));
#12896 = FACE_BOUND('',#12897,.F.);
#12897 = EDGE_LOOP('',(#12898));
#12898 = ORIENTED_EDGE('',*,*,#12899,.T.);
#12899 = EDGE_CURVE('',#12900,#12900,#12902,.T.);
#12900 = VERTEX_POINT('',#12901);
#12901 = CARTESIAN_POINT('',(74.168,-81.272,0.));
#12902 = CIRCLE('',#12903,0.5);
#12903 = AXIS2_PLACEMENT_3D('',#12904,#12905,#12906);
#12904 = CARTESIAN_POINT('',(74.168,-80.772,0.));
#12905 = DIRECTION('',(-0.,0.,-1.));
#12906 = DIRECTION('',(-0.,-1.,0.));
#12907 = FACE_BOUND('',#12908,.F.);
#12908 = EDGE_LOOP('',(#12909,#12920,#12928,#12937));
#12909 = ORIENTED_EDGE('',*,*,#12910,.T.);
#12910 = EDGE_CURVE('',#12911,#12913,#12915,.T.);
#12911 = VERTEX_POINT('',#12912);
#12912 = CARTESIAN_POINT('',(79.28,-75.32,0.));
#12913 = VERTEX_POINT('',#12914);
#12914 = CARTESIAN_POINT('',(79.28,-76.32,0.));
#12915 = CIRCLE('',#12916,0.5);
#12916 = AXIS2_PLACEMENT_3D('',#12917,#12918,#12919);
#12917 = CARTESIAN_POINT('',(79.28,-75.82,0.));
#12918 = DIRECTION('',(-0.,0.,-1.));
#12919 = DIRECTION('',(-0.,-1.,0.));
#12920 = ORIENTED_EDGE('',*,*,#12921,.T.);
#12921 = EDGE_CURVE('',#12913,#12922,#12924,.T.);
#12922 = VERTEX_POINT('',#12923);
#12923 = CARTESIAN_POINT('',(77.28,-76.32,0.));
#12924 = LINE('',#12925,#12926);
#12925 = CARTESIAN_POINT('',(38.64,-76.32,0.));
#12926 = VECTOR('',#12927,1.);
#12927 = DIRECTION('',(-1.,0.,0.));
#12928 = ORIENTED_EDGE('',*,*,#12929,.T.);
#12929 = EDGE_CURVE('',#12922,#12930,#12932,.T.);
#12930 = VERTEX_POINT('',#12931);
#12931 = CARTESIAN_POINT('',(77.28,-75.32,0.));
#12932 = CIRCLE('',#12933,0.5);
#12933 = AXIS2_PLACEMENT_3D('',#12934,#12935,#12936);
#12934 = CARTESIAN_POINT('',(77.28,-75.82,0.));
#12935 = DIRECTION('',(-0.,0.,-1.));
#12936 = DIRECTION('',(0.,1.,0.));
#12937 = ORIENTED_EDGE('',*,*,#12938,.T.);
#12938 = EDGE_CURVE('',#12930,#12911,#12939,.T.);
#12939 = LINE('',#12940,#12941);
#12940 = CARTESIAN_POINT('',(39.64,-75.32,0.));
#12941 = VECTOR('',#12942,1.);
#12942 = DIRECTION('',(1.,0.,-0.));
#12943 = FACE_BOUND('',#12944,.F.);
#12944 = EDGE_LOOP('',(#12945,#12956,#12964,#12973));
#12945 = ORIENTED_EDGE('',*,*,#12946,.T.);
#12946 = EDGE_CURVE('',#12947,#12949,#12951,.T.);
#12947 = VERTEX_POINT('',#12948);
#12948 = CARTESIAN_POINT('',(75.78,-72.12,0.));
#12949 = VERTEX_POINT('',#12950);
#12950 = CARTESIAN_POINT('',(74.78,-72.12,0.));
#12951 = CIRCLE('',#12952,0.5);
#12952 = AXIS2_PLACEMENT_3D('',#12953,#12954,#12955);
#12953 = CARTESIAN_POINT('',(75.28,-72.12,0.));
#12954 = DIRECTION('',(-0.,0.,-1.));
#12955 = DIRECTION('',(-1.,0.,0.));
#12956 = ORIENTED_EDGE('',*,*,#12957,.T.);
#12957 = EDGE_CURVE('',#12949,#12958,#12960,.T.);
#12958 = VERTEX_POINT('',#12959);
#12959 = CARTESIAN_POINT('',(74.78,-70.12,0.));
#12960 = LINE('',#12961,#12962);
#12961 = CARTESIAN_POINT('',(74.78,-35.06,0.));
#12962 = VECTOR('',#12963,1.);
#12963 = DIRECTION('',(-0.,1.,0.));
#12964 = ORIENTED_EDGE('',*,*,#12965,.T.);
#12965 = EDGE_CURVE('',#12958,#12966,#12968,.T.);
#12966 = VERTEX_POINT('',#12967);
#12967 = CARTESIAN_POINT('',(75.78,-70.12,0.));
#12968 = CIRCLE('',#12969,0.5);
#12969 = AXIS2_PLACEMENT_3D('',#12970,#12971,#12972);
#12970 = CARTESIAN_POINT('',(75.28,-70.12,0.));
#12971 = DIRECTION('',(0.,-0.,-1.));
#12972 = DIRECTION('',(1.,0.,-0.));
#12973 = ORIENTED_EDGE('',*,*,#12974,.T.);
#12974 = EDGE_CURVE('',#12966,#12947,#12975,.T.);
#12975 = LINE('',#12976,#12977);
#12976 = CARTESIAN_POINT('',(75.78,-36.06,0.));
#12977 = VECTOR('',#12978,1.);
#12978 = DIRECTION('',(0.,-1.,0.));
#12979 = FACE_BOUND('',#12980,.F.);
#12980 = EDGE_LOOP('',(#12981,#12992,#13000,#13009));
#12981 = ORIENTED_EDGE('',*,*,#12982,.T.);
#12982 = EDGE_CURVE('',#12983,#12985,#12987,.T.);
#12983 = VERTEX_POINT('',#12984);
#12984 = CARTESIAN_POINT('',(81.78,-72.12,0.));
#12985 = VERTEX_POINT('',#12986);
#12986 = CARTESIAN_POINT('',(80.78,-72.12,0.));
#12987 = CIRCLE('',#12988,0.5);
#12988 = AXIS2_PLACEMENT_3D('',#12989,#12990,#12991);
#12989 = CARTESIAN_POINT('',(81.28,-72.12,0.));
#12990 = DIRECTION('',(-0.,0.,-1.));
#12991 = DIRECTION('',(-1.,0.,0.));
#12992 = ORIENTED_EDGE('',*,*,#12993,.T.);
#12993 = EDGE_CURVE('',#12985,#12994,#12996,.T.);
#12994 = VERTEX_POINT('',#12995);
#12995 = CARTESIAN_POINT('',(80.78,-70.12,0.));
#12996 = LINE('',#12997,#12998);
#12997 = CARTESIAN_POINT('',(80.78,-35.06,0.));
#12998 = VECTOR('',#12999,1.);
#12999 = DIRECTION('',(-0.,1.,0.));
#13000 = ORIENTED_EDGE('',*,*,#13001,.T.);
#13001 = EDGE_CURVE('',#12994,#13002,#13004,.T.);
#13002 = VERTEX_POINT('',#13003);
#13003 = CARTESIAN_POINT('',(81.78,-70.12,0.));
#13004 = CIRCLE('',#13005,0.5);
#13005 = AXIS2_PLACEMENT_3D('',#13006,#13007,#13008);
#13006 = CARTESIAN_POINT('',(81.28,-70.12,0.));
#13007 = DIRECTION('',(0.,-0.,-1.));
#13008 = DIRECTION('',(1.,0.,-0.));
#13009 = ORIENTED_EDGE('',*,*,#13010,.T.);
#13010 = EDGE_CURVE('',#13002,#12983,#13011,.T.);
#13011 = LINE('',#13012,#13013);
#13012 = CARTESIAN_POINT('',(81.78,-36.06,0.));
#13013 = VECTOR('',#13014,1.);
#13014 = DIRECTION('',(0.,-1.,0.));
#13015 = FACE_BOUND('',#13016,.F.);
#13016 = EDGE_LOOP('',(#13017));
#13017 = ORIENTED_EDGE('',*,*,#13018,.T.);
#13018 = EDGE_CURVE('',#13019,#13019,#13021,.T.);
#13019 = VERTEX_POINT('',#13020);
#13020 = CARTESIAN_POINT('',(92.71,-81.272,0.));
#13021 = CIRCLE('',#13022,0.5);
#13022 = AXIS2_PLACEMENT_3D('',#13023,#13024,#13025);
#13023 = CARTESIAN_POINT('',(92.71,-80.772,0.));
#13024 = DIRECTION('',(-0.,0.,-1.));
#13025 = DIRECTION('',(-0.,-1.,0.));
#13026 = FACE_BOUND('',#13027,.F.);
#13027 = EDGE_LOOP('',(#13028));
#13028 = ORIENTED_EDGE('',*,*,#13029,.T.);
#13029 = EDGE_CURVE('',#13030,#13030,#13032,.T.);
#13030 = VERTEX_POINT('',#13031);
#13031 = CARTESIAN_POINT('',(87.63,-76.75,0.));
#13032 = CIRCLE('',#13033,0.55);
#13033 = AXIS2_PLACEMENT_3D('',#13034,#13035,#13036);
#13034 = CARTESIAN_POINT('',(87.63,-76.2,0.));
#13035 = DIRECTION('',(-0.,0.,-1.));
#13036 = DIRECTION('',(-0.,-1.,0.));
#13037 = FACE_BOUND('',#13038,.F.);
#13038 = EDGE_LOOP('',(#13039));
#13039 = ORIENTED_EDGE('',*,*,#13040,.T.);
#13040 = EDGE_CURVE('',#13041,#13041,#13043,.T.);
#13041 = VERTEX_POINT('',#13042);
#13042 = CARTESIAN_POINT('',(90.17,-76.75,0.));
#13043 = CIRCLE('',#13044,0.55);
#13044 = AXIS2_PLACEMENT_3D('',#13045,#13046,#13047);
#13045 = CARTESIAN_POINT('',(90.17,-76.2,0.));
#13046 = DIRECTION('',(-0.,0.,-1.));
#13047 = DIRECTION('',(-0.,-1.,0.));
#13048 = FACE_BOUND('',#13049,.F.);
#13049 = EDGE_LOOP('',(#13050));
#13050 = ORIENTED_EDGE('',*,*,#13051,.T.);
#13051 = EDGE_CURVE('',#13052,#13052,#13054,.T.);
#13052 = VERTEX_POINT('',#13053);
#13053 = CARTESIAN_POINT('',(92.71,-76.75,0.));
#13054 = CIRCLE('',#13055,0.55);
#13055 = AXIS2_PLACEMENT_3D('',#13056,#13057,#13058);
#13056 = CARTESIAN_POINT('',(92.71,-76.2,0.));
#13057 = DIRECTION('',(-0.,0.,-1.));
#13058 = DIRECTION('',(-2.5837917664E-14,-1.,0.));
#13059 = FACE_BOUND('',#13060,.F.);
#13060 = EDGE_LOOP('',(#13061));
#13061 = ORIENTED_EDGE('',*,*,#13062,.T.);
#13062 = EDGE_CURVE('',#13063,#13063,#13065,.T.);
#13063 = VERTEX_POINT('',#13064);
#13064 = CARTESIAN_POINT('',(107.95,-76.6,0.));
#13065 = CIRCLE('',#13066,0.4);
#13066 = AXIS2_PLACEMENT_3D('',#13067,#13068,#13069);
#13067 = CARTESIAN_POINT('',(107.95,-76.2,0.));
#13068 = DIRECTION('',(-0.,0.,-1.));
#13069 = DIRECTION('',(3.5527136788E-14,-1.,-0.));
#13070 = FACE_BOUND('',#13071,.F.);
#13071 = EDGE_LOOP('',(#13072));
#13072 = ORIENTED_EDGE('',*,*,#13073,.T.);
#13073 = EDGE_CURVE('',#13074,#13074,#13076,.T.);
#13074 = VERTEX_POINT('',#13075);
#13075 = CARTESIAN_POINT('',(113.03,-76.6,0.));
#13076 = CIRCLE('',#13077,0.4);
#13077 = AXIS2_PLACEMENT_3D('',#13078,#13079,#13080);
#13078 = CARTESIAN_POINT('',(113.03,-76.2,0.));
#13079 = DIRECTION('',(-0.,0.,-1.));
#13080 = DIRECTION('',(-0.,-1.,0.));
#13081 = FACE_BOUND('',#13082,.F.);
#13082 = EDGE_LOOP('',(#13083));
#13083 = ORIENTED_EDGE('',*,*,#13084,.T.);
#13084 = EDGE_CURVE('',#13085,#13085,#13087,.T.);
#13085 = VERTEX_POINT('',#13086);
#13086 = CARTESIAN_POINT('',(119.38,-76.7,0.));
#13087 = CIRCLE('',#13088,0.5);
#13088 = AXIS2_PLACEMENT_3D('',#13089,#13090,#13091);
#13089 = CARTESIAN_POINT('',(119.38,-76.2,0.));
#13090 = DIRECTION('',(-0.,0.,-1.));
#13091 = DIRECTION('',(-0.,-1.,0.));
#13092 = FACE_BOUND('',#13093,.F.);
#13093 = EDGE_LOOP('',(#13094));
#13094 = ORIENTED_EDGE('',*,*,#13095,.T.);
#13095 = EDGE_CURVE('',#13096,#13096,#13098,.T.);
#13096 = VERTEX_POINT('',#13097);
#13097 = CARTESIAN_POINT('',(77.2975,-62.875,0.));
#13098 = CIRCLE('',#13099,0.65);
#13099 = AXIS2_PLACEMENT_3D('',#13100,#13101,#13102);
#13100 = CARTESIAN_POINT('',(77.2975,-62.225,0.));
#13101 = DIRECTION('',(-0.,0.,-1.));
#13102 = DIRECTION('',(-0.,-1.,0.));
#13103 = FACE_BOUND('',#13104,.F.);
#13104 = EDGE_LOOP('',(#13105));
#13105 = ORIENTED_EDGE('',*,*,#13106,.T.);
#13106 = EDGE_CURVE('',#13107,#13107,#13109,.T.);
#13107 = VERTEX_POINT('',#13108);
#13108 = CARTESIAN_POINT('',(88.67,-68.88,0.));
#13109 = CIRCLE('',#13110,0.3);
#13110 = AXIS2_PLACEMENT_3D('',#13111,#13112,#13113);
#13111 = CARTESIAN_POINT('',(88.67,-68.58,0.));
#13112 = DIRECTION('',(-0.,0.,-1.));
#13113 = DIRECTION('',(-0.,-1.,0.));
#13114 = FACE_BOUND('',#13115,.F.);
#13115 = EDGE_LOOP('',(#13116));
#13116 = ORIENTED_EDGE('',*,*,#13117,.T.);
#13117 = EDGE_CURVE('',#13118,#13118,#13120,.T.);
#13118 = VERTEX_POINT('',#13119);
#13119 = CARTESIAN_POINT('',(90.17,-68.88,0.));
#13120 = CIRCLE('',#13121,0.3);
#13121 = AXIS2_PLACEMENT_3D('',#13122,#13123,#13124);
#13122 = CARTESIAN_POINT('',(90.17,-68.58,0.));
#13123 = DIRECTION('',(-0.,0.,-1.));
#13124 = DIRECTION('',(-0.,-1.,0.));
#13125 = FACE_BOUND('',#13126,.F.);
#13126 = EDGE_LOOP('',(#13127));
#13127 = ORIENTED_EDGE('',*,*,#13128,.T.);
#13128 = EDGE_CURVE('',#13129,#13129,#13131,.T.);
#13129 = VERTEX_POINT('',#13130);
#13130 = CARTESIAN_POINT('',(77.2975,-57.795,0.));
#13131 = CIRCLE('',#13132,0.65);
#13132 = AXIS2_PLACEMENT_3D('',#13133,#13134,#13135);
#13133 = CARTESIAN_POINT('',(77.2975,-57.145,0.));
#13134 = DIRECTION('',(-0.,0.,-1.));
#13135 = DIRECTION('',(-0.,-1.,0.));
#13136 = FACE_BOUND('',#13137,.F.);
#13137 = EDGE_LOOP('',(#13138));
#13138 = ORIENTED_EDGE('',*,*,#13139,.T.);
#13139 = EDGE_CURVE('',#13140,#13140,#13142,.T.);
#13140 = VERTEX_POINT('',#13141);
#13141 = CARTESIAN_POINT('',(74.93,-49.86,0.));
#13142 = CIRCLE('',#13143,1.6);
#13143 = AXIS2_PLACEMENT_3D('',#13144,#13145,#13146);
#13144 = CARTESIAN_POINT('',(74.93,-48.26,0.));
#13145 = DIRECTION('',(-0.,0.,-1.));
#13146 = DIRECTION('',(-0.,-1.,0.));
#13147 = FACE_BOUND('',#13148,.F.);
#13148 = EDGE_LOOP('',(#13149));
#13149 = ORIENTED_EDGE('',*,*,#13150,.T.);
#13150 = EDGE_CURVE('',#13151,#13151,#13153,.T.);
#13151 = VERTEX_POINT('',#13152);
#13152 = CARTESIAN_POINT('',(107.95,-66.44,0.));
#13153 = CIRCLE('',#13154,0.4);
#13154 = AXIS2_PLACEMENT_3D('',#13155,#13156,#13157);
#13155 = CARTESIAN_POINT('',(107.95,-66.04,0.));
#13156 = DIRECTION('',(-0.,0.,-1.));
#13157 = DIRECTION('',(3.5527136788E-14,-1.,-0.));
#13158 = FACE_BOUND('',#13159,.F.);
#13159 = EDGE_LOOP('',(#13160));
#13160 = ORIENTED_EDGE('',*,*,#13161,.T.);
#13161 = EDGE_CURVE('',#13162,#13162,#13164,.T.);
#13162 = VERTEX_POINT('',#13163);
#13163 = CARTESIAN_POINT('',(113.03,-66.44,0.));
#13164 = CIRCLE('',#13165,0.4);
#13165 = AXIS2_PLACEMENT_3D('',#13166,#13167,#13168);
#13166 = CARTESIAN_POINT('',(113.03,-66.04,0.));
#13167 = DIRECTION('',(-0.,0.,-1.));
#13168 = DIRECTION('',(-0.,-1.,0.));
#13169 = FACE_BOUND('',#13170,.F.);
#13170 = EDGE_LOOP('',(#13171));
#13171 = ORIENTED_EDGE('',*,*,#13172,.T.);
#13172 = EDGE_CURVE('',#13173,#13173,#13175,.T.);
#13173 = VERTEX_POINT('',#13174);
#13174 = CARTESIAN_POINT('',(111.76,-55.26,0.));
#13175 = CIRCLE('',#13176,0.65);
#13176 = AXIS2_PLACEMENT_3D('',#13177,#13178,#13179);
#13177 = CARTESIAN_POINT('',(111.76,-54.61,0.));
#13178 = DIRECTION('',(-0.,0.,-1.));
#13179 = DIRECTION('',(2.1862853408E-14,-1.,-0.));
#13180 = FACE_BOUND('',#13181,.F.);
#13181 = EDGE_LOOP('',(#13182));
#13182 = ORIENTED_EDGE('',*,*,#13183,.T.);
#13183 = EDGE_CURVE('',#13184,#13184,#13186,.T.);
#13184 = VERTEX_POINT('',#13185);
#13185 = CARTESIAN_POINT('',(116.84,-55.26,0.));
#13186 = CIRCLE('',#13187,0.65);
#13187 = AXIS2_PLACEMENT_3D('',#13188,#13189,#13190);
#13188 = CARTESIAN_POINT('',(116.84,-54.61,0.));
#13189 = DIRECTION('',(-0.,0.,-1.));
#13190 = DIRECTION('',(-0.,-1.,0.));
#13191 = FACE_BOUND('',#13192,.F.);
#13192 = EDGE_LOOP('',(#13193));
#13193 = ORIENTED_EDGE('',*,*,#13194,.T.);
#13194 = EDGE_CURVE('',#13195,#13195,#13197,.T.);
#13195 = VERTEX_POINT('',#13196);
#13196 = CARTESIAN_POINT('',(134.62,-89.4,0.));
#13197 = CIRCLE('',#13198,0.5);
#13198 = AXIS2_PLACEMENT_3D('',#13199,#13200,#13201);
#13199 = CARTESIAN_POINT('',(134.62,-88.9,0.));
#13200 = DIRECTION('',(-0.,0.,-1.));
#13201 = DIRECTION('',(-0.,-1.,0.));
#13202 = FACE_BOUND('',#13203,.F.);
#13203 = EDGE_LOOP('',(#13204));
#13204 = ORIENTED_EDGE('',*,*,#13205,.T.);
#13205 = EDGE_CURVE('',#13206,#13206,#13208,.T.);
#13206 = VERTEX_POINT('',#13207);
#13207 = CARTESIAN_POINT('',(137.16,-89.4,0.));
#13208 = CIRCLE('',#13209,0.5);
#13209 = AXIS2_PLACEMENT_3D('',#13210,#13211,#13212);
#13210 = CARTESIAN_POINT('',(137.16,-88.9,0.));
#13211 = DIRECTION('',(-0.,0.,-1.));
#13212 = DIRECTION('',(-0.,-1.,0.));
#13213 = FACE_BOUND('',#13214,.F.);
#13214 = EDGE_LOOP('',(#13215));
#13215 = ORIENTED_EDGE('',*,*,#13216,.T.);
#13216 = EDGE_CURVE('',#13217,#13217,#13219,.T.);
#13217 = VERTEX_POINT('',#13218);
#13218 = CARTESIAN_POINT('',(139.7,-89.4,0.));
#13219 = CIRCLE('',#13220,0.5);
#13220 = AXIS2_PLACEMENT_3D('',#13221,#13222,#13223);
#13221 = CARTESIAN_POINT('',(139.7,-88.9,0.));
#13222 = DIRECTION('',(-0.,0.,-1.));
#13223 = DIRECTION('',(-0.,-1.,0.));
#13224 = FACE_BOUND('',#13225,.F.);
#13225 = EDGE_LOOP('',(#13226));
#13226 = ORIENTED_EDGE('',*,*,#13227,.T.);
#13227 = EDGE_CURVE('',#13228,#13228,#13230,.T.);
#13228 = VERTEX_POINT('',#13229);
#13229 = CARTESIAN_POINT('',(142.24,-89.4,0.));
#13230 = CIRCLE('',#13231,0.5);
#13231 = AXIS2_PLACEMENT_3D('',#13232,#13233,#13234);
#13232 = CARTESIAN_POINT('',(142.24,-88.9,0.));
#13233 = DIRECTION('',(-0.,0.,-1.));
#13234 = DIRECTION('',(-0.,-1.,0.));
#13235 = FACE_BOUND('',#13236,.F.);
#13236 = EDGE_LOOP('',(#13237));
#13237 = ORIENTED_EDGE('',*,*,#13238,.T.);
#13238 = EDGE_CURVE('',#13239,#13239,#13241,.T.);
#13239 = VERTEX_POINT('',#13240);
#13240 = CARTESIAN_POINT('',(144.78,-89.4,0.));
#13241 = CIRCLE('',#13242,0.5);
#13242 = AXIS2_PLACEMENT_3D('',#13243,#13244,#13245);
#13243 = CARTESIAN_POINT('',(144.78,-88.9,0.));
#13244 = DIRECTION('',(-0.,0.,-1.));
#13245 = DIRECTION('',(-0.,-1.,0.));
#13246 = FACE_BOUND('',#13247,.F.);
#13247 = EDGE_LOOP('',(#13248));
#13248 = ORIENTED_EDGE('',*,*,#13249,.T.);
#13249 = EDGE_CURVE('',#13250,#13250,#13252,.T.);
#13250 = VERTEX_POINT('',#13251);
#13251 = CARTESIAN_POINT('',(121.92,-76.7,0.));
#13252 = CIRCLE('',#13253,0.5);
#13253 = AXIS2_PLACEMENT_3D('',#13254,#13255,#13256);
#13254 = CARTESIAN_POINT('',(121.92,-76.2,0.));
#13255 = DIRECTION('',(-0.,0.,-1.));
#13256 = DIRECTION('',(-0.,-1.,0.));
#13257 = FACE_BOUND('',#13258,.F.);
#13258 = EDGE_LOOP('',(#13259));
#13259 = ORIENTED_EDGE('',*,*,#13260,.T.);
#13260 = EDGE_CURVE('',#13261,#13261,#13263,.T.);
#13261 = VERTEX_POINT('',#13262);
#13262 = CARTESIAN_POINT('',(124.46,-76.7,0.));
#13263 = CIRCLE('',#13264,0.5);
#13264 = AXIS2_PLACEMENT_3D('',#13265,#13266,#13267);
#13265 = CARTESIAN_POINT('',(124.46,-76.2,0.));
#13266 = DIRECTION('',(-0.,0.,-1.));
#13267 = DIRECTION('',(-0.,-1.,0.));
#13268 = FACE_BOUND('',#13269,.F.);
#13269 = EDGE_LOOP('',(#13270));
#13270 = ORIENTED_EDGE('',*,*,#13271,.T.);
#13271 = EDGE_CURVE('',#13272,#13272,#13274,.T.);
#13272 = VERTEX_POINT('',#13273);
#13273 = CARTESIAN_POINT('',(147.32,-89.4,0.));
#13274 = CIRCLE('',#13275,0.5);
#13275 = AXIS2_PLACEMENT_3D('',#13276,#13277,#13278);
#13276 = CARTESIAN_POINT('',(147.32,-88.9,0.));
#13277 = DIRECTION('',(-0.,0.,-1.));
#13278 = DIRECTION('',(-0.,-1.,0.));
#13279 = FACE_BOUND('',#13280,.F.);
#13280 = EDGE_LOOP('',(#13281));
#13281 = ORIENTED_EDGE('',*,*,#13282,.T.);
#13282 = EDGE_CURVE('',#13283,#13283,#13285,.T.);
#13283 = VERTEX_POINT('',#13284);
#13284 = CARTESIAN_POINT('',(154.84,-93.31,0.));
#13285 = CIRCLE('',#13286,0.5);
#13286 = AXIS2_PLACEMENT_3D('',#13287,#13288,#13289);
#13287 = CARTESIAN_POINT('',(154.84,-92.81,0.));
#13288 = DIRECTION('',(-0.,0.,-1.));
#13289 = DIRECTION('',(-0.,-1.,0.));
#13290 = FACE_BOUND('',#13291,.F.);
#13291 = EDGE_LOOP('',(#13292));
#13292 = ORIENTED_EDGE('',*,*,#13293,.T.);
#13293 = EDGE_CURVE('',#13294,#13294,#13296,.T.);
#13294 = VERTEX_POINT('',#13295);
#13295 = CARTESIAN_POINT('',(154.84,-90.77,0.));
#13296 = CIRCLE('',#13297,0.5);
#13297 = AXIS2_PLACEMENT_3D('',#13298,#13299,#13300);
#13298 = CARTESIAN_POINT('',(154.84,-90.27,0.));
#13299 = DIRECTION('',(-0.,0.,-1.));
#13300 = DIRECTION('',(-0.,-1.,0.));
#13301 = FACE_BOUND('',#13302,.F.);
#13302 = EDGE_LOOP('',(#13303));
#13303 = ORIENTED_EDGE('',*,*,#13304,.T.);
#13304 = EDGE_CURVE('',#13305,#13305,#13307,.T.);
#13305 = VERTEX_POINT('',#13306);
#13306 = CARTESIAN_POINT('',(154.84,-88.23,0.));
#13307 = CIRCLE('',#13308,0.5);
#13308 = AXIS2_PLACEMENT_3D('',#13309,#13310,#13311);
#13309 = CARTESIAN_POINT('',(154.84,-87.73,0.));
#13310 = DIRECTION('',(-0.,0.,-1.));
#13311 = DIRECTION('',(-0.,-1.,0.));
#13312 = FACE_BOUND('',#13313,.F.);
#13313 = EDGE_LOOP('',(#13314));
#13314 = ORIENTED_EDGE('',*,*,#13315,.T.);
#13315 = EDGE_CURVE('',#13316,#13316,#13318,.T.);
#13316 = VERTEX_POINT('',#13317);
#13317 = CARTESIAN_POINT('',(154.84,-85.69,0.));
#13318 = CIRCLE('',#13319,0.5);
#13319 = AXIS2_PLACEMENT_3D('',#13320,#13321,#13322);
#13320 = CARTESIAN_POINT('',(154.84,-85.19,0.));
#13321 = DIRECTION('',(-0.,0.,-1.));
#13322 = DIRECTION('',(-0.,-1.,0.));
#13323 = FACE_BOUND('',#13324,.F.);
#13324 = EDGE_LOOP('',(#13325));
#13325 = ORIENTED_EDGE('',*,*,#13326,.T.);
#13326 = EDGE_CURVE('',#13327,#13327,#13329,.T.);
#13327 = VERTEX_POINT('',#13328);
#13328 = CARTESIAN_POINT('',(154.84,-83.15,0.));
#13329 = CIRCLE('',#13330,0.5);
#13330 = AXIS2_PLACEMENT_3D('',#13331,#13332,#13333);
#13331 = CARTESIAN_POINT('',(154.84,-82.65,0.));
#13332 = DIRECTION('',(-0.,0.,-1.));
#13333 = DIRECTION('',(-0.,-1.,0.));
#13334 = FACE_BOUND('',#13335,.F.);
#13335 = EDGE_LOOP('',(#13336));
#13336 = ORIENTED_EDGE('',*,*,#13337,.T.);
#13337 = EDGE_CURVE('',#13338,#13338,#13340,.T.);
#13338 = VERTEX_POINT('',#13339);
#13339 = CARTESIAN_POINT('',(125.735,-55.0875,0.));
#13340 = CIRCLE('',#13341,0.65);
#13341 = AXIS2_PLACEMENT_3D('',#13342,#13343,#13344);
#13342 = CARTESIAN_POINT('',(125.735,-54.4375,0.));
#13343 = DIRECTION('',(-0.,0.,-1.));
#13344 = DIRECTION('',(-0.,-1.,0.));
#13345 = FACE_BOUND('',#13346,.F.);
#13346 = EDGE_LOOP('',(#13347));
#13347 = ORIENTED_EDGE('',*,*,#13348,.T.);
#13348 = EDGE_CURVE('',#13349,#13349,#13351,.T.);
#13349 = VERTEX_POINT('',#13350);
#13350 = CARTESIAN_POINT('',(130.815,-55.0875,0.));
#13351 = CIRCLE('',#13352,0.65);
#13352 = AXIS2_PLACEMENT_3D('',#13353,#13354,#13355);
#13353 = CARTESIAN_POINT('',(130.815,-54.4375,0.));
#13354 = DIRECTION('',(-0.,0.,-1.));
#13355 = DIRECTION('',(-0.,-1.,0.));
#13356 = FACE_BOUND('',#13357,.F.);
#13357 = EDGE_LOOP('',(#13358));
#13358 = ORIENTED_EDGE('',*,*,#13359,.T.);
#13359 = EDGE_CURVE('',#13360,#13360,#13362,.T.);
#13360 = VERTEX_POINT('',#13361);
#13361 = CARTESIAN_POINT('',(140.975,-55.0875,0.));
#13362 = CIRCLE('',#13363,0.65);
#13363 = AXIS2_PLACEMENT_3D('',#13364,#13365,#13366);
#13364 = CARTESIAN_POINT('',(140.975,-54.4375,0.));
#13365 = DIRECTION('',(-0.,0.,-1.));
#13366 = DIRECTION('',(-0.,-1.,0.));
#13367 = FACE_BOUND('',#13368,.F.);
#13368 = EDGE_LOOP('',(#13369));
#13369 = ORIENTED_EDGE('',*,*,#13370,.T.);
#13370 = EDGE_CURVE('',#13371,#13371,#13373,.T.);
#13371 = VERTEX_POINT('',#13372);
#13372 = CARTESIAN_POINT('',(146.055,-55.0875,0.));
#13373 = CIRCLE('',#13374,0.65);
#13374 = AXIS2_PLACEMENT_3D('',#13375,#13376,#13377);
#13375 = CARTESIAN_POINT('',(146.055,-54.4375,0.));
#13376 = DIRECTION('',(-0.,0.,-1.));
#13377 = DIRECTION('',(-0.,-1.,0.));
#13378 = FACE_BOUND('',#13379,.F.);
#13379 = EDGE_LOOP('',(#13380));
#13380 = ORIENTED_EDGE('',*,*,#13381,.T.);
#13381 = EDGE_CURVE('',#13382,#13382,#13384,.T.);
#13382 = VERTEX_POINT('',#13383);
#13383 = CARTESIAN_POINT('',(154.945,-55.0875,0.));
#13384 = CIRCLE('',#13385,0.65);
#13385 = AXIS2_PLACEMENT_3D('',#13386,#13387,#13388);
#13386 = CARTESIAN_POINT('',(154.945,-54.4375,0.));
#13387 = DIRECTION('',(-0.,0.,-1.));
#13388 = DIRECTION('',(-0.,-1.,0.));
#13389 = FACE_BOUND('',#13390,.F.);
#13390 = EDGE_LOOP('',(#13391));
#13391 = ORIENTED_EDGE('',*,*,#13392,.T.);
#13392 = EDGE_CURVE('',#13393,#13393,#13395,.T.);
#13393 = VERTEX_POINT('',#13394);
#13394 = CARTESIAN_POINT('',(160.025,-55.0875,0.));
#13395 = CIRCLE('',#13396,0.65);
#13396 = AXIS2_PLACEMENT_3D('',#13397,#13398,#13399);
#13397 = CARTESIAN_POINT('',(160.025,-54.4375,0.));
#13398 = DIRECTION('',(-0.,0.,-1.));
#13399 = DIRECTION('',(-0.,-1.,0.));
#13400 = FACE_BOUND('',#13401,.F.);
#13401 = EDGE_LOOP('',(#13402));
#13402 = ORIENTED_EDGE('',*,*,#13403,.T.);
#13403 = EDGE_CURVE('',#13404,#13404,#13406,.T.);
#13404 = VERTEX_POINT('',#13405);
#13405 = CARTESIAN_POINT('',(167.64,-49.86,0.));
#13406 = CIRCLE('',#13407,1.6);
#13407 = AXIS2_PLACEMENT_3D('',#13408,#13409,#13410);
#13408 = CARTESIAN_POINT('',(167.64,-48.26,0.));
#13409 = DIRECTION('',(-0.,0.,-1.));
#13410 = DIRECTION('',(-0.,-1.,0.));
#13411 = PLANE('',#13412);
#13412 = AXIS2_PLACEMENT_3D('',#13413,#13414,#13415);
#13413 = CARTESIAN_POINT('',(0.,0.,0.));
#13414 = DIRECTION('',(0.,0.,1.));
#13415 = DIRECTION('',(1.,0.,-0.));
#13416 = ADVANCED_FACE('',(#13417,#13428,#13439,#13450,#13461,#13472,
    #13483,#13494,#13505,#13516,#13527,#13538,#13549,#13560,#13571,
    #13582,#13593,#13604,#13615,#13626,#13637,#13648,#13659,#13670,
    #13681,#13692,#13703,#13714,#13725,#13736,#13747,#13758,#13769,
    #13780,#13791,#13802,#13813,#13824,#13835,#13846,#13857,#13868,
    #13879,#13890,#13901,#13912,#13923,#13934,#13945,#13956,#13967,
    #13978,#13989,#14000,#14011,#14022,#14033,#14044,#14055,#14066,
    #14077,#14088,#14099,#14110,#14121,#14132,#14143,#14154,#14165,
    #14176,#14187,#14198,#14209,#14220,#14231,#14242,#14253,#14289,
    #14325,#14361,#14372,#14383,#14394,#14405,#14416,#14427,#14438,
    #14449,#14460,#14471,#14482,#14493,#14504,#14515,#14526,#14537,
    #14548,#14559,#14570,#14581,#14592,#14603,#14614,#14625,#14636,
    #14647,#14658,#14669,#14680,#14691,#14702,#14713,#14724,#14735,
    #14746),#14757,.T.);
#13417 = FACE_BOUND('',#13418,.T.);
#13418 = EDGE_LOOP('',(#13419,#13420,#13421,#13427));
#13419 = ORIENTED_EDGE('',*,*,#11982,.F.);
#13420 = ORIENTED_EDGE('',*,*,#12022,.F.);
#13421 = ORIENTED_EDGE('',*,*,#13422,.F.);
#13422 = EDGE_CURVE('',#12045,#12015,#13423,.T.);
#13423 = LINE('',#13424,#13425);
#13424 = CARTESIAN_POINT('',(71.12,-44.45,1.51));
#13425 = VECTOR('',#13426,1.);
#13426 = DIRECTION('',(1.,0.,0.));
#13427 = ORIENTED_EDGE('',*,*,#12044,.F.);
#13428 = FACE_BOUND('',#13429,.T.);
#13429 = EDGE_LOOP('',(#13430));
#13430 = ORIENTED_EDGE('',*,*,#13431,.T.);
#13431 = EDGE_CURVE('',#13432,#13432,#13434,.T.);
#13432 = VERTEX_POINT('',#13433);
#13433 = CARTESIAN_POINT('',(74.93,-142.57,1.51));
#13434 = CIRCLE('',#13435,1.6);
#13435 = AXIS2_PLACEMENT_3D('',#13436,#13437,#13438);
#13436 = CARTESIAN_POINT('',(74.93,-140.97,1.51));
#13437 = DIRECTION('',(-0.,0.,-1.));
#13438 = DIRECTION('',(-0.,-1.,0.));
#13439 = FACE_BOUND('',#13440,.T.);
#13440 = EDGE_LOOP('',(#13441));
#13441 = ORIENTED_EDGE('',*,*,#13442,.T.);
#13442 = EDGE_CURVE('',#13443,#13443,#13445,.T.);
#13443 = VERTEX_POINT('',#13444);
#13444 = CARTESIAN_POINT('',(91.44,-135.12,1.51));
#13445 = CIRCLE('',#13446,0.5);
#13446 = AXIS2_PLACEMENT_3D('',#13447,#13448,#13449);
#13447 = CARTESIAN_POINT('',(91.44,-134.62,1.51));
#13448 = DIRECTION('',(-0.,0.,-1.));
#13449 = DIRECTION('',(-0.,-1.,0.));
#13450 = FACE_BOUND('',#13451,.T.);
#13451 = EDGE_LOOP('',(#13452));
#13452 = ORIENTED_EDGE('',*,*,#13453,.T.);
#13453 = EDGE_CURVE('',#13454,#13454,#13456,.T.);
#13454 = VERTEX_POINT('',#13455);
#13455 = CARTESIAN_POINT('',(91.44,-132.58,1.51));
#13456 = CIRCLE('',#13457,0.5);
#13457 = AXIS2_PLACEMENT_3D('',#13458,#13459,#13460);
#13458 = CARTESIAN_POINT('',(91.44,-132.08,1.51));
#13459 = DIRECTION('',(-0.,0.,-1.));
#13460 = DIRECTION('',(-0.,-1.,0.));
#13461 = FACE_BOUND('',#13462,.T.);
#13462 = EDGE_LOOP('',(#13463));
#13463 = ORIENTED_EDGE('',*,*,#13464,.T.);
#13464 = EDGE_CURVE('',#13465,#13465,#13467,.T.);
#13465 = VERTEX_POINT('',#13466);
#13466 = CARTESIAN_POINT('',(73.66,-124.91,1.51));
#13467 = CIRCLE('',#13468,0.45);
#13468 = AXIS2_PLACEMENT_3D('',#13469,#13470,#13471);
#13469 = CARTESIAN_POINT('',(73.66,-124.46,1.51));
#13470 = DIRECTION('',(-0.,0.,-1.));
#13471 = DIRECTION('',(-0.,-1.,0.));
#13472 = FACE_BOUND('',#13473,.T.);
#13473 = EDGE_LOOP('',(#13474));
#13474 = ORIENTED_EDGE('',*,*,#13475,.T.);
#13475 = EDGE_CURVE('',#13476,#13476,#13478,.T.);
#13476 = VERTEX_POINT('',#13477);
#13477 = CARTESIAN_POINT('',(76.2,-124.91,1.51));
#13478 = CIRCLE('',#13479,0.45);
#13479 = AXIS2_PLACEMENT_3D('',#13480,#13481,#13482);
#13480 = CARTESIAN_POINT('',(76.2,-124.46,1.51));
#13481 = DIRECTION('',(-0.,0.,-1.));
#13482 = DIRECTION('',(-0.,-1.,0.));
#13483 = FACE_BOUND('',#13484,.T.);
#13484 = EDGE_LOOP('',(#13485));
#13485 = ORIENTED_EDGE('',*,*,#13486,.T.);
#13486 = EDGE_CURVE('',#13487,#13487,#13489,.T.);
#13487 = VERTEX_POINT('',#13488);
#13488 = CARTESIAN_POINT('',(81.28,-124.86,1.51));
#13489 = CIRCLE('',#13490,0.4);
#13490 = AXIS2_PLACEMENT_3D('',#13491,#13492,#13493);
#13491 = CARTESIAN_POINT('',(81.28,-124.46,1.51));
#13492 = DIRECTION('',(-0.,0.,-1.));
#13493 = DIRECTION('',(-0.,-1.,0.));
#13494 = FACE_BOUND('',#13495,.T.);
#13495 = EDGE_LOOP('',(#13496));
#13496 = ORIENTED_EDGE('',*,*,#13497,.T.);
#13497 = EDGE_CURVE('',#13498,#13498,#13500,.T.);
#13498 = VERTEX_POINT('',#13499);
#13499 = CARTESIAN_POINT('',(91.44,-130.04,1.51));
#13500 = CIRCLE('',#13501,0.5);
#13501 = AXIS2_PLACEMENT_3D('',#13502,#13503,#13504);
#13502 = CARTESIAN_POINT('',(91.44,-129.54,1.51));
#13503 = DIRECTION('',(-0.,0.,-1.));
#13504 = DIRECTION('',(-0.,-1.,0.));
#13505 = FACE_BOUND('',#13506,.T.);
#13506 = EDGE_LOOP('',(#13507));
#13507 = ORIENTED_EDGE('',*,*,#13508,.T.);
#13508 = EDGE_CURVE('',#13509,#13509,#13511,.T.);
#13509 = VERTEX_POINT('',#13510);
#13510 = CARTESIAN_POINT('',(91.44,-124.86,1.51));
#13511 = CIRCLE('',#13512,0.4);
#13512 = AXIS2_PLACEMENT_3D('',#13513,#13514,#13515);
#13513 = CARTESIAN_POINT('',(91.44,-124.46,1.51));
#13514 = DIRECTION('',(-0.,0.,-1.));
#13515 = DIRECTION('',(-0.,-1.,0.));
#13516 = FACE_BOUND('',#13517,.T.);
#13517 = EDGE_LOOP('',(#13518));
#13518 = ORIENTED_EDGE('',*,*,#13519,.T.);
#13519 = EDGE_CURVE('',#13520,#13520,#13522,.T.);
#13520 = VERTEX_POINT('',#13521);
#13521 = CARTESIAN_POINT('',(99.06,-132.58,1.51));
#13522 = CIRCLE('',#13523,0.5);
#13523 = AXIS2_PLACEMENT_3D('',#13524,#13525,#13526);
#13524 = CARTESIAN_POINT('',(99.06,-132.08,1.51));
#13525 = DIRECTION('',(-0.,0.,-1.));
#13526 = DIRECTION('',(-0.,-1.,0.));
#13527 = FACE_BOUND('',#13528,.T.);
#13528 = EDGE_LOOP('',(#13529));
#13529 = ORIENTED_EDGE('',*,*,#13530,.T.);
#13530 = EDGE_CURVE('',#13531,#13531,#13533,.T.);
#13531 = VERTEX_POINT('',#13532);
#13532 = CARTESIAN_POINT('',(99.06,-130.04,1.51));
#13533 = CIRCLE('',#13534,0.5);
#13534 = AXIS2_PLACEMENT_3D('',#13535,#13536,#13537);
#13535 = CARTESIAN_POINT('',(99.06,-129.54,1.51));
#13536 = DIRECTION('',(-0.,0.,-1.));
#13537 = DIRECTION('',(-0.,-1.,0.));
#13538 = FACE_BOUND('',#13539,.T.);
#13539 = EDGE_LOOP('',(#13540));
#13540 = ORIENTED_EDGE('',*,*,#13541,.T.);
#13541 = EDGE_CURVE('',#13542,#13542,#13544,.T.);
#13542 = VERTEX_POINT('',#13543);
#13543 = CARTESIAN_POINT('',(99.06,-127.5,1.51));
#13544 = CIRCLE('',#13545,0.5);
#13545 = AXIS2_PLACEMENT_3D('',#13546,#13547,#13548);
#13546 = CARTESIAN_POINT('',(99.06,-127.,1.51));
#13547 = DIRECTION('',(-0.,0.,-1.));
#13548 = DIRECTION('',(-0.,-1.,0.));
#13549 = FACE_BOUND('',#13550,.T.);
#13550 = EDGE_LOOP('',(#13551));
#13551 = ORIENTED_EDGE('',*,*,#13552,.T.);
#13552 = EDGE_CURVE('',#13553,#13553,#13555,.T.);
#13553 = VERTEX_POINT('',#13554);
#13554 = CARTESIAN_POINT('',(99.06,-124.96,1.51));
#13555 = CIRCLE('',#13556,0.5);
#13556 = AXIS2_PLACEMENT_3D('',#13557,#13558,#13559);
#13557 = CARTESIAN_POINT('',(99.06,-124.46,1.51));
#13558 = DIRECTION('',(-0.,0.,-1.));
#13559 = DIRECTION('',(-0.,-1.,0.));
#13560 = FACE_BOUND('',#13561,.T.);
#13561 = EDGE_LOOP('',(#13562));
#13562 = ORIENTED_EDGE('',*,*,#13563,.T.);
#13563 = EDGE_CURVE('',#13564,#13564,#13566,.T.);
#13564 = VERTEX_POINT('',#13565);
#13565 = CARTESIAN_POINT('',(99.06,-122.42,1.51));
#13566 = CIRCLE('',#13567,0.5);
#13567 = AXIS2_PLACEMENT_3D('',#13568,#13569,#13570);
#13568 = CARTESIAN_POINT('',(99.06,-121.92,1.51));
#13569 = DIRECTION('',(-0.,0.,-1.));
#13570 = DIRECTION('',(-0.,-1.,0.));
#13571 = FACE_BOUND('',#13572,.T.);
#13572 = EDGE_LOOP('',(#13573));
#13573 = ORIENTED_EDGE('',*,*,#13574,.T.);
#13574 = EDGE_CURVE('',#13575,#13575,#13577,.T.);
#13575 = VERTEX_POINT('',#13576);
#13576 = CARTESIAN_POINT('',(99.06,-119.88,1.51));
#13577 = CIRCLE('',#13578,0.5);
#13578 = AXIS2_PLACEMENT_3D('',#13579,#13580,#13581);
#13579 = CARTESIAN_POINT('',(99.06,-119.38,1.51));
#13580 = DIRECTION('',(-0.,0.,-1.));
#13581 = DIRECTION('',(-0.,-1.,0.));
#13582 = FACE_BOUND('',#13583,.T.);
#13583 = EDGE_LOOP('',(#13584));
#13584 = ORIENTED_EDGE('',*,*,#13585,.T.);
#13585 = EDGE_CURVE('',#13586,#13586,#13588,.T.);
#13586 = VERTEX_POINT('',#13587);
#13587 = CARTESIAN_POINT('',(73.66,-114.75,1.51));
#13588 = CIRCLE('',#13589,0.45);
#13589 = AXIS2_PLACEMENT_3D('',#13590,#13591,#13592);
#13590 = CARTESIAN_POINT('',(73.66,-114.3,1.51));
#13591 = DIRECTION('',(-0.,0.,-1.));
#13592 = DIRECTION('',(-0.,-1.,0.));
#13593 = FACE_BOUND('',#13594,.T.);
#13594 = EDGE_LOOP('',(#13595));
#13595 = ORIENTED_EDGE('',*,*,#13596,.T.);
#13596 = EDGE_CURVE('',#13597,#13597,#13599,.T.);
#13597 = VERTEX_POINT('',#13598);
#13598 = CARTESIAN_POINT('',(76.2,-114.75,1.51));
#13599 = CIRCLE('',#13600,0.45);
#13600 = AXIS2_PLACEMENT_3D('',#13601,#13602,#13603);
#13601 = CARTESIAN_POINT('',(76.2,-114.3,1.51));
#13602 = DIRECTION('',(-0.,0.,-1.));
#13603 = DIRECTION('',(-0.,-1.,0.));
#13604 = FACE_BOUND('',#13605,.T.);
#13605 = EDGE_LOOP('',(#13606));
#13606 = ORIENTED_EDGE('',*,*,#13607,.T.);
#13607 = EDGE_CURVE('',#13608,#13608,#13610,.T.);
#13608 = VERTEX_POINT('',#13609);
#13609 = CARTESIAN_POINT('',(81.28,-114.7,1.51));
#13610 = CIRCLE('',#13611,0.4);
#13611 = AXIS2_PLACEMENT_3D('',#13612,#13613,#13614);
#13612 = CARTESIAN_POINT('',(81.28,-114.3,1.51));
#13613 = DIRECTION('',(-0.,0.,-1.));
#13614 = DIRECTION('',(-0.,-1.,0.));
#13615 = FACE_BOUND('',#13616,.T.);
#13616 = EDGE_LOOP('',(#13617));
#13617 = ORIENTED_EDGE('',*,*,#13618,.T.);
#13618 = EDGE_CURVE('',#13619,#13619,#13621,.T.);
#13619 = VERTEX_POINT('',#13620);
#13620 = CARTESIAN_POINT('',(91.44,-114.7,1.51));
#13621 = CIRCLE('',#13622,0.4);
#13622 = AXIS2_PLACEMENT_3D('',#13623,#13624,#13625);
#13623 = CARTESIAN_POINT('',(91.44,-114.3,1.51));
#13624 = DIRECTION('',(-0.,0.,-1.));
#13625 = DIRECTION('',(-0.,-1.,0.));
#13626 = FACE_BOUND('',#13627,.T.);
#13627 = EDGE_LOOP('',(#13628));
#13628 = ORIENTED_EDGE('',*,*,#13629,.T.);
#13629 = EDGE_CURVE('',#13630,#13630,#13632,.T.);
#13630 = VERTEX_POINT('',#13631);
#13631 = CARTESIAN_POINT('',(99.06,-117.34,1.51));
#13632 = CIRCLE('',#13633,0.5);
#13633 = AXIS2_PLACEMENT_3D('',#13634,#13635,#13636);
#13634 = CARTESIAN_POINT('',(99.06,-116.84,1.51));
#13635 = DIRECTION('',(-0.,0.,-1.));
#13636 = DIRECTION('',(-0.,-1.,0.));
#13637 = FACE_BOUND('',#13638,.T.);
#13638 = EDGE_LOOP('',(#13639));
#13639 = ORIENTED_EDGE('',*,*,#13640,.T.);
#13640 = EDGE_CURVE('',#13641,#13641,#13643,.T.);
#13641 = VERTEX_POINT('',#13642);
#13642 = CARTESIAN_POINT('',(99.06,-114.8,1.51));
#13643 = CIRCLE('',#13644,0.5);
#13644 = AXIS2_PLACEMENT_3D('',#13645,#13646,#13647);
#13645 = CARTESIAN_POINT('',(99.06,-114.3,1.51));
#13646 = DIRECTION('',(-0.,0.,-1.));
#13647 = DIRECTION('',(-0.,-1.,0.));
#13648 = FACE_BOUND('',#13649,.T.);
#13649 = EDGE_LOOP('',(#13650));
#13650 = ORIENTED_EDGE('',*,*,#13651,.T.);
#13651 = EDGE_CURVE('',#13652,#13652,#13654,.T.);
#13652 = VERTEX_POINT('',#13653);
#13653 = CARTESIAN_POINT('',(99.06,-112.26,1.51));
#13654 = CIRCLE('',#13655,0.5);
#13655 = AXIS2_PLACEMENT_3D('',#13656,#13657,#13658);
#13656 = CARTESIAN_POINT('',(99.06,-111.76,1.51));
#13657 = DIRECTION('',(-0.,0.,-1.));
#13658 = DIRECTION('',(-0.,-1.,0.));
#13659 = FACE_BOUND('',#13660,.T.);
#13660 = EDGE_LOOP('',(#13661));
#13661 = ORIENTED_EDGE('',*,*,#13662,.T.);
#13662 = EDGE_CURVE('',#13663,#13663,#13665,.T.);
#13663 = VERTEX_POINT('',#13664);
#13664 = CARTESIAN_POINT('',(99.06,-109.72,1.51));
#13665 = CIRCLE('',#13666,0.5);
#13666 = AXIS2_PLACEMENT_3D('',#13667,#13668,#13669);
#13667 = CARTESIAN_POINT('',(99.06,-109.22,1.51));
#13668 = DIRECTION('',(-0.,0.,-1.));
#13669 = DIRECTION('',(-0.,-1.,0.));
#13670 = FACE_BOUND('',#13671,.T.);
#13671 = EDGE_LOOP('',(#13672));
#13672 = ORIENTED_EDGE('',*,*,#13673,.T.);
#13673 = EDGE_CURVE('',#13674,#13674,#13676,.T.);
#13674 = VERTEX_POINT('',#13675);
#13675 = CARTESIAN_POINT('',(99.06,-107.18,1.51));
#13676 = CIRCLE('',#13677,0.5);
#13677 = AXIS2_PLACEMENT_3D('',#13678,#13679,#13680);
#13678 = CARTESIAN_POINT('',(99.06,-106.68,1.51));
#13679 = DIRECTION('',(-0.,0.,-1.));
#13680 = DIRECTION('',(-0.,-1.,0.));
#13681 = FACE_BOUND('',#13682,.T.);
#13682 = EDGE_LOOP('',(#13683));
#13683 = ORIENTED_EDGE('',*,*,#13684,.T.);
#13684 = EDGE_CURVE('',#13685,#13685,#13687,.T.);
#13685 = VERTEX_POINT('',#13686);
#13686 = CARTESIAN_POINT('',(99.06,-104.64,1.51));
#13687 = CIRCLE('',#13688,0.5);
#13688 = AXIS2_PLACEMENT_3D('',#13689,#13690,#13691);
#13689 = CARTESIAN_POINT('',(99.06,-104.14,1.51));
#13690 = DIRECTION('',(-0.,0.,-1.));
#13691 = DIRECTION('',(-0.,-1.,0.));
#13692 = FACE_BOUND('',#13693,.T.);
#13693 = EDGE_LOOP('',(#13694));
#13694 = ORIENTED_EDGE('',*,*,#13695,.T.);
#13695 = EDGE_CURVE('',#13696,#13696,#13698,.T.);
#13696 = VERTEX_POINT('',#13697);
#13697 = CARTESIAN_POINT('',(99.06,-102.1,1.51));
#13698 = CIRCLE('',#13699,0.5);
#13699 = AXIS2_PLACEMENT_3D('',#13700,#13701,#13702);
#13700 = CARTESIAN_POINT('',(99.06,-101.6,1.51));
#13701 = DIRECTION('',(-0.,0.,-1.));
#13702 = DIRECTION('',(-0.,-1.,0.));
#13703 = FACE_BOUND('',#13704,.T.);
#13704 = EDGE_LOOP('',(#13705));
#13705 = ORIENTED_EDGE('',*,*,#13706,.T.);
#13706 = EDGE_CURVE('',#13707,#13707,#13709,.T.);
#13707 = VERTEX_POINT('',#13708);
#13708 = CARTESIAN_POINT('',(99.06,-99.56,1.51));
#13709 = CIRCLE('',#13710,0.5);
#13710 = AXIS2_PLACEMENT_3D('',#13711,#13712,#13713);
#13711 = CARTESIAN_POINT('',(99.06,-99.06,1.51));
#13712 = DIRECTION('',(-0.,0.,-1.));
#13713 = DIRECTION('',(-0.,-1.,0.));
#13714 = FACE_BOUND('',#13715,.T.);
#13715 = EDGE_LOOP('',(#13716));
#13716 = ORIENTED_EDGE('',*,*,#13717,.T.);
#13717 = EDGE_CURVE('',#13718,#13718,#13720,.T.);
#13718 = VERTEX_POINT('',#13719);
#13719 = CARTESIAN_POINT('',(99.06,-97.02,1.51));
#13720 = CIRCLE('',#13721,0.5);
#13721 = AXIS2_PLACEMENT_3D('',#13722,#13723,#13724);
#13722 = CARTESIAN_POINT('',(99.06,-96.52,1.51));
#13723 = DIRECTION('',(-0.,0.,-1.));
#13724 = DIRECTION('',(-0.,-1.,0.));
#13725 = FACE_BOUND('',#13726,.T.);
#13726 = EDGE_LOOP('',(#13727));
#13727 = ORIENTED_EDGE('',*,*,#13728,.T.);
#13728 = EDGE_CURVE('',#13729,#13729,#13731,.T.);
#13729 = VERTEX_POINT('',#13730);
#13730 = CARTESIAN_POINT('',(124.46,-132.58,1.51));
#13731 = CIRCLE('',#13732,0.5);
#13732 = AXIS2_PLACEMENT_3D('',#13733,#13734,#13735);
#13733 = CARTESIAN_POINT('',(124.46,-132.08,1.51));
#13734 = DIRECTION('',(-0.,0.,-1.));
#13735 = DIRECTION('',(-0.,-1.,0.));
#13736 = FACE_BOUND('',#13737,.T.);
#13737 = EDGE_LOOP('',(#13738));
#13738 = ORIENTED_EDGE('',*,*,#13739,.T.);
#13739 = EDGE_CURVE('',#13740,#13740,#13742,.T.);
#13740 = VERTEX_POINT('',#13741);
#13741 = CARTESIAN_POINT('',(124.46,-130.04,1.51));
#13742 = CIRCLE('',#13743,0.5);
#13743 = AXIS2_PLACEMENT_3D('',#13744,#13745,#13746);
#13744 = CARTESIAN_POINT('',(124.46,-129.54,1.51));
#13745 = DIRECTION('',(-0.,0.,-1.));
#13746 = DIRECTION('',(-0.,-1.,0.));
#13747 = FACE_BOUND('',#13748,.T.);
#13748 = EDGE_LOOP('',(#13749));
#13749 = ORIENTED_EDGE('',*,*,#13750,.T.);
#13750 = EDGE_CURVE('',#13751,#13751,#13753,.T.);
#13751 = VERTEX_POINT('',#13752);
#13752 = CARTESIAN_POINT('',(124.46,-127.5,1.51));
#13753 = CIRCLE('',#13754,0.5);
#13754 = AXIS2_PLACEMENT_3D('',#13755,#13756,#13757);
#13755 = CARTESIAN_POINT('',(124.46,-127.,1.51));
#13756 = DIRECTION('',(-0.,0.,-1.));
#13757 = DIRECTION('',(-0.,-1.,0.));
#13758 = FACE_BOUND('',#13759,.T.);
#13759 = EDGE_LOOP('',(#13760));
#13760 = ORIENTED_EDGE('',*,*,#13761,.T.);
#13761 = EDGE_CURVE('',#13762,#13762,#13764,.T.);
#13762 = VERTEX_POINT('',#13763);
#13763 = CARTESIAN_POINT('',(132.08,-127.6,1.51));
#13764 = CIRCLE('',#13765,0.6);
#13765 = AXIS2_PLACEMENT_3D('',#13766,#13767,#13768);
#13766 = CARTESIAN_POINT('',(132.08,-127.,1.51));
#13767 = DIRECTION('',(-0.,0.,-1.));
#13768 = DIRECTION('',(4.736951571734E-14,-1.,-0.));
#13769 = FACE_BOUND('',#13770,.T.);
#13770 = EDGE_LOOP('',(#13771));
#13771 = ORIENTED_EDGE('',*,*,#13772,.T.);
#13772 = EDGE_CURVE('',#13773,#13773,#13775,.T.);
#13773 = VERTEX_POINT('',#13774);
#13774 = CARTESIAN_POINT('',(124.46,-124.96,1.51));
#13775 = CIRCLE('',#13776,0.5);
#13776 = AXIS2_PLACEMENT_3D('',#13777,#13778,#13779);
#13777 = CARTESIAN_POINT('',(124.46,-124.46,1.51));
#13778 = DIRECTION('',(-0.,0.,-1.));
#13779 = DIRECTION('',(-0.,-1.,0.));
#13780 = FACE_BOUND('',#13781,.T.);
#13781 = EDGE_LOOP('',(#13782));
#13782 = ORIENTED_EDGE('',*,*,#13783,.T.);
#13783 = EDGE_CURVE('',#13784,#13784,#13786,.T.);
#13784 = VERTEX_POINT('',#13785);
#13785 = CARTESIAN_POINT('',(124.46,-122.42,1.51));
#13786 = CIRCLE('',#13787,0.5);
#13787 = AXIS2_PLACEMENT_3D('',#13788,#13789,#13790);
#13788 = CARTESIAN_POINT('',(124.46,-121.92,1.51));
#13789 = DIRECTION('',(-0.,0.,-1.));
#13790 = DIRECTION('',(-0.,-1.,0.));
#13791 = FACE_BOUND('',#13792,.T.);
#13792 = EDGE_LOOP('',(#13793));
#13793 = ORIENTED_EDGE('',*,*,#13794,.T.);
#13794 = EDGE_CURVE('',#13795,#13795,#13797,.T.);
#13795 = VERTEX_POINT('',#13796);
#13796 = CARTESIAN_POINT('',(124.46,-119.88,1.51));
#13797 = CIRCLE('',#13798,0.5);
#13798 = AXIS2_PLACEMENT_3D('',#13799,#13800,#13801);
#13799 = CARTESIAN_POINT('',(124.46,-119.38,1.51));
#13800 = DIRECTION('',(-0.,0.,-1.));
#13801 = DIRECTION('',(-0.,-1.,0.));
#13802 = FACE_BOUND('',#13803,.T.);
#13803 = EDGE_LOOP('',(#13804));
#13804 = ORIENTED_EDGE('',*,*,#13805,.T.);
#13805 = EDGE_CURVE('',#13806,#13806,#13808,.T.);
#13806 = VERTEX_POINT('',#13807);
#13807 = CARTESIAN_POINT('',(139.695,-127.375,1.51));
#13808 = CIRCLE('',#13809,0.375);
#13809 = AXIS2_PLACEMENT_3D('',#13810,#13811,#13812);
#13810 = CARTESIAN_POINT('',(139.695,-127.,1.51));
#13811 = DIRECTION('',(-0.,0.,-1.));
#13812 = DIRECTION('',(-0.,-1.,0.));
#13813 = FACE_BOUND('',#13814,.T.);
#13814 = EDGE_LOOP('',(#13815));
#13815 = ORIENTED_EDGE('',*,*,#13816,.T.);
#13816 = EDGE_CURVE('',#13817,#13817,#13819,.T.);
#13817 = VERTEX_POINT('',#13818);
#13818 = CARTESIAN_POINT('',(138.51,-122.32,1.51));
#13819 = CIRCLE('',#13820,0.4);
#13820 = AXIS2_PLACEMENT_3D('',#13821,#13822,#13823);
#13821 = CARTESIAN_POINT('',(138.51,-121.92,1.51));
#13822 = DIRECTION('',(-0.,0.,-1.));
#13823 = DIRECTION('',(-0.,-1.,0.));
#13824 = FACE_BOUND('',#13825,.T.);
#13825 = EDGE_LOOP('',(#13826));
#13826 = ORIENTED_EDGE('',*,*,#13827,.T.);
#13827 = EDGE_CURVE('',#13828,#13828,#13830,.T.);
#13828 = VERTEX_POINT('',#13829);
#13829 = CARTESIAN_POINT('',(167.64,-142.57,1.51));
#13830 = CIRCLE('',#13831,1.6);
#13831 = AXIS2_PLACEMENT_3D('',#13832,#13833,#13834);
#13832 = CARTESIAN_POINT('',(167.64,-140.97,1.51));
#13833 = DIRECTION('',(-0.,0.,-1.));
#13834 = DIRECTION('',(-0.,-1.,0.));
#13835 = FACE_BOUND('',#13836,.T.);
#13836 = EDGE_LOOP('',(#13837));
#13837 = ORIENTED_EDGE('',*,*,#13838,.T.);
#13838 = EDGE_CURVE('',#13839,#13839,#13841,.T.);
#13839 = VERTEX_POINT('',#13840);
#13840 = CARTESIAN_POINT('',(147.315,-127.375,1.51));
#13841 = CIRCLE('',#13842,0.375);
#13842 = AXIS2_PLACEMENT_3D('',#13843,#13844,#13845);
#13843 = CARTESIAN_POINT('',(147.315,-127.,1.51));
#13844 = DIRECTION('',(-0.,0.,-1.));
#13845 = DIRECTION('',(-0.,-1.,0.));
#13846 = FACE_BOUND('',#13847,.T.);
#13847 = EDGE_LOOP('',(#13848));
#13848 = ORIENTED_EDGE('',*,*,#13849,.T.);
#13849 = EDGE_CURVE('',#13850,#13850,#13852,.T.);
#13850 = VERTEX_POINT('',#13851);
#13851 = CARTESIAN_POINT('',(154.94,-127.6,1.51));
#13852 = CIRCLE('',#13853,0.6);
#13853 = AXIS2_PLACEMENT_3D('',#13854,#13855,#13856);
#13854 = CARTESIAN_POINT('',(154.94,-127.,1.51));
#13855 = DIRECTION('',(-0.,0.,-1.));
#13856 = DIRECTION('',(-0.,-1.,0.));
#13857 = FACE_BOUND('',#13858,.T.);
#13858 = EDGE_LOOP('',(#13859));
#13859 = ORIENTED_EDGE('',*,*,#13860,.T.);
#13860 = EDGE_CURVE('',#13861,#13861,#13863,.T.);
#13861 = VERTEX_POINT('',#13862);
#13862 = CARTESIAN_POINT('',(148.51,-122.32,1.51));
#13863 = CIRCLE('',#13864,0.4);
#13864 = AXIS2_PLACEMENT_3D('',#13865,#13866,#13867);
#13865 = CARTESIAN_POINT('',(148.51,-121.92,1.51));
#13866 = DIRECTION('',(-0.,0.,-1.));
#13867 = DIRECTION('',(-0.,-1.,0.));
#13868 = FACE_BOUND('',#13869,.T.);
#13869 = EDGE_LOOP('',(#13870));
#13870 = ORIENTED_EDGE('',*,*,#13871,.T.);
#13871 = EDGE_CURVE('',#13872,#13872,#13874,.T.);
#13872 = VERTEX_POINT('',#13873);
#13873 = CARTESIAN_POINT('',(124.46,-117.34,1.51));
#13874 = CIRCLE('',#13875,0.5);
#13875 = AXIS2_PLACEMENT_3D('',#13876,#13877,#13878);
#13876 = CARTESIAN_POINT('',(124.46,-116.84,1.51));
#13877 = DIRECTION('',(-0.,0.,-1.));
#13878 = DIRECTION('',(-0.,-1.,0.));
#13879 = FACE_BOUND('',#13880,.T.);
#13880 = EDGE_LOOP('',(#13881));
#13881 = ORIENTED_EDGE('',*,*,#13882,.T.);
#13882 = EDGE_CURVE('',#13883,#13883,#13885,.T.);
#13883 = VERTEX_POINT('',#13884);
#13884 = CARTESIAN_POINT('',(124.46,-114.8,1.51));
#13885 = CIRCLE('',#13886,0.5);
#13886 = AXIS2_PLACEMENT_3D('',#13887,#13888,#13889);
#13887 = CARTESIAN_POINT('',(124.46,-114.3,1.51));
#13888 = DIRECTION('',(-0.,0.,-1.));
#13889 = DIRECTION('',(-0.,-1.,0.));
#13890 = FACE_BOUND('',#13891,.T.);
#13891 = EDGE_LOOP('',(#13892));
#13892 = ORIENTED_EDGE('',*,*,#13893,.T.);
#13893 = EDGE_CURVE('',#13894,#13894,#13896,.T.);
#13894 = VERTEX_POINT('',#13895);
#13895 = CARTESIAN_POINT('',(124.46,-112.26,1.51));
#13896 = CIRCLE('',#13897,0.5);
#13897 = AXIS2_PLACEMENT_3D('',#13898,#13899,#13900);
#13898 = CARTESIAN_POINT('',(124.46,-111.76,1.51));
#13899 = DIRECTION('',(-0.,0.,-1.));
#13900 = DIRECTION('',(-0.,-1.,0.));
#13901 = FACE_BOUND('',#13902,.T.);
#13902 = EDGE_LOOP('',(#13903));
#13903 = ORIENTED_EDGE('',*,*,#13904,.T.);
#13904 = EDGE_CURVE('',#13905,#13905,#13907,.T.);
#13905 = VERTEX_POINT('',#13906);
#13906 = CARTESIAN_POINT('',(124.46,-109.72,1.51));
#13907 = CIRCLE('',#13908,0.5);
#13908 = AXIS2_PLACEMENT_3D('',#13909,#13910,#13911);
#13909 = CARTESIAN_POINT('',(124.46,-109.22,1.51));
#13910 = DIRECTION('',(-0.,0.,-1.));
#13911 = DIRECTION('',(-0.,-1.,0.));
#13912 = FACE_BOUND('',#13913,.T.);
#13913 = EDGE_LOOP('',(#13914));
#13914 = ORIENTED_EDGE('',*,*,#13915,.T.);
#13915 = EDGE_CURVE('',#13916,#13916,#13918,.T.);
#13916 = VERTEX_POINT('',#13917);
#13917 = CARTESIAN_POINT('',(124.46,-107.18,1.51));
#13918 = CIRCLE('',#13919,0.5);
#13919 = AXIS2_PLACEMENT_3D('',#13920,#13921,#13922);
#13920 = CARTESIAN_POINT('',(124.46,-106.68,1.51));
#13921 = DIRECTION('',(-0.,0.,-1.));
#13922 = DIRECTION('',(-0.,-1.,0.));
#13923 = FACE_BOUND('',#13924,.T.);
#13924 = EDGE_LOOP('',(#13925));
#13925 = ORIENTED_EDGE('',*,*,#13926,.T.);
#13926 = EDGE_CURVE('',#13927,#13927,#13929,.T.);
#13927 = VERTEX_POINT('',#13928);
#13928 = CARTESIAN_POINT('',(132.08,-112.36,1.51));
#13929 = CIRCLE('',#13930,0.6);
#13930 = AXIS2_PLACEMENT_3D('',#13931,#13932,#13933);
#13931 = CARTESIAN_POINT('',(132.08,-111.76,1.51));
#13932 = DIRECTION('',(-0.,0.,-1.));
#13933 = DIRECTION('',(4.736951571734E-14,-1.,-0.));
#13934 = FACE_BOUND('',#13935,.T.);
#13935 = EDGE_LOOP('',(#13936));
#13936 = ORIENTED_EDGE('',*,*,#13937,.T.);
#13937 = EDGE_CURVE('',#13938,#13938,#13940,.T.);
#13938 = VERTEX_POINT('',#13939);
#13939 = CARTESIAN_POINT('',(141.07,-117.44,1.51));
#13940 = CIRCLE('',#13941,0.5);
#13941 = AXIS2_PLACEMENT_3D('',#13942,#13943,#13944);
#13942 = CARTESIAN_POINT('',(141.07,-116.94,1.51));
#13943 = DIRECTION('',(-0.,0.,-1.));
#13944 = DIRECTION('',(-0.,-1.,0.));
#13945 = FACE_BOUND('',#13946,.T.);
#13946 = EDGE_LOOP('',(#13947));
#13947 = ORIENTED_EDGE('',*,*,#13948,.T.);
#13948 = EDGE_CURVE('',#13949,#13949,#13951,.T.);
#13949 = VERTEX_POINT('',#13950);
#13950 = CARTESIAN_POINT('',(143.61,-117.44,1.51));
#13951 = CIRCLE('',#13952,0.5);
#13952 = AXIS2_PLACEMENT_3D('',#13953,#13954,#13955);
#13953 = CARTESIAN_POINT('',(143.61,-116.94,1.51));
#13954 = DIRECTION('',(-0.,0.,-1.));
#13955 = DIRECTION('',(-0.,-1.,0.));
#13956 = FACE_BOUND('',#13957,.T.);
#13957 = EDGE_LOOP('',(#13958));
#13958 = ORIENTED_EDGE('',*,*,#13959,.T.);
#13959 = EDGE_CURVE('',#13960,#13960,#13962,.T.);
#13960 = VERTEX_POINT('',#13961);
#13961 = CARTESIAN_POINT('',(141.07,-107.28,1.51));
#13962 = CIRCLE('',#13963,0.5);
#13963 = AXIS2_PLACEMENT_3D('',#13964,#13965,#13966);
#13964 = CARTESIAN_POINT('',(141.07,-106.78,1.51));
#13965 = DIRECTION('',(-0.,0.,-1.));
#13966 = DIRECTION('',(-0.,-1.,0.));
#13967 = FACE_BOUND('',#13968,.T.);
#13968 = EDGE_LOOP('',(#13969));
#13969 = ORIENTED_EDGE('',*,*,#13970,.T.);
#13970 = EDGE_CURVE('',#13971,#13971,#13973,.T.);
#13971 = VERTEX_POINT('',#13972);
#13972 = CARTESIAN_POINT('',(143.61,-107.28,1.51));
#13973 = CIRCLE('',#13974,0.5);
#13974 = AXIS2_PLACEMENT_3D('',#13975,#13976,#13977);
#13975 = CARTESIAN_POINT('',(143.61,-106.78,1.51));
#13976 = DIRECTION('',(-0.,0.,-1.));
#13977 = DIRECTION('',(-0.,-1.,0.));
#13978 = FACE_BOUND('',#13979,.T.);
#13979 = EDGE_LOOP('',(#13980));
#13980 = ORIENTED_EDGE('',*,*,#13981,.T.);
#13981 = EDGE_CURVE('',#13982,#13982,#13984,.T.);
#13982 = VERTEX_POINT('',#13983);
#13983 = CARTESIAN_POINT('',(124.46,-104.64,1.51));
#13984 = CIRCLE('',#13985,0.5);
#13985 = AXIS2_PLACEMENT_3D('',#13986,#13987,#13988);
#13986 = CARTESIAN_POINT('',(124.46,-104.14,1.51));
#13987 = DIRECTION('',(-0.,0.,-1.));
#13988 = DIRECTION('',(-0.,-1.,0.));
#13989 = FACE_BOUND('',#13990,.T.);
#13990 = EDGE_LOOP('',(#13991));
#13991 = ORIENTED_EDGE('',*,*,#13992,.T.);
#13992 = EDGE_CURVE('',#13993,#13993,#13995,.T.);
#13993 = VERTEX_POINT('',#13994);
#13994 = CARTESIAN_POINT('',(124.46,-102.1,1.51));
#13995 = CIRCLE('',#13996,0.5);
#13996 = AXIS2_PLACEMENT_3D('',#13997,#13998,#13999);
#13997 = CARTESIAN_POINT('',(124.46,-101.6,1.51));
#13998 = DIRECTION('',(-0.,0.,-1.));
#13999 = DIRECTION('',(-0.,-1.,0.));
#14000 = FACE_BOUND('',#14001,.T.);
#14001 = EDGE_LOOP('',(#14002));
#14002 = ORIENTED_EDGE('',*,*,#14003,.T.);
#14003 = EDGE_CURVE('',#14004,#14004,#14006,.T.);
#14004 = VERTEX_POINT('',#14005);
#14005 = CARTESIAN_POINT('',(124.46,-99.56,1.51));
#14006 = CIRCLE('',#14007,0.5);
#14007 = AXIS2_PLACEMENT_3D('',#14008,#14009,#14010);
#14008 = CARTESIAN_POINT('',(124.46,-99.06,1.51));
#14009 = DIRECTION('',(-0.,0.,-1.));
#14010 = DIRECTION('',(-0.,-1.,0.));
#14011 = FACE_BOUND('',#14012,.T.);
#14012 = EDGE_LOOP('',(#14013));
#14013 = ORIENTED_EDGE('',*,*,#14014,.T.);
#14014 = EDGE_CURVE('',#14015,#14015,#14017,.T.);
#14015 = VERTEX_POINT('',#14016);
#14016 = CARTESIAN_POINT('',(124.46,-97.02,1.51));
#14017 = CIRCLE('',#14018,0.5);
#14018 = AXIS2_PLACEMENT_3D('',#14019,#14020,#14021);
#14019 = CARTESIAN_POINT('',(124.46,-96.52,1.51));
#14020 = DIRECTION('',(-0.,0.,-1.));
#14021 = DIRECTION('',(-0.,-1.,0.));
#14022 = FACE_BOUND('',#14023,.T.);
#14023 = EDGE_LOOP('',(#14024));
#14024 = ORIENTED_EDGE('',*,*,#14025,.T.);
#14025 = EDGE_CURVE('',#14026,#14026,#14028,.T.);
#14026 = VERTEX_POINT('',#14027);
#14027 = CARTESIAN_POINT('',(134.62,-99.56,1.51));
#14028 = CIRCLE('',#14029,0.5);
#14029 = AXIS2_PLACEMENT_3D('',#14030,#14031,#14032);
#14030 = CARTESIAN_POINT('',(134.62,-99.06,1.51));
#14031 = DIRECTION('',(-0.,0.,-1.));
#14032 = DIRECTION('',(-0.,-1.,0.));
#14033 = FACE_BOUND('',#14034,.T.);
#14034 = EDGE_LOOP('',(#14035));
#14035 = ORIENTED_EDGE('',*,*,#14036,.T.);
#14036 = EDGE_CURVE('',#14037,#14037,#14039,.T.);
#14037 = VERTEX_POINT('',#14038);
#14038 = CARTESIAN_POINT('',(137.16,-99.56,1.51));
#14039 = CIRCLE('',#14040,0.5);
#14040 = AXIS2_PLACEMENT_3D('',#14041,#14042,#14043);
#14041 = CARTESIAN_POINT('',(137.16,-99.06,1.51));
#14042 = DIRECTION('',(-0.,0.,-1.));
#14043 = DIRECTION('',(-0.,-1.,0.));
#14044 = FACE_BOUND('',#14045,.T.);
#14045 = EDGE_LOOP('',(#14046));
#14046 = ORIENTED_EDGE('',*,*,#14047,.T.);
#14047 = EDGE_CURVE('',#14048,#14048,#14050,.T.);
#14048 = VERTEX_POINT('',#14049);
#14049 = CARTESIAN_POINT('',(139.7,-99.56,1.51));
#14050 = CIRCLE('',#14051,0.5);
#14051 = AXIS2_PLACEMENT_3D('',#14052,#14053,#14054);
#14052 = CARTESIAN_POINT('',(139.7,-99.06,1.51));
#14053 = DIRECTION('',(-0.,0.,-1.));
#14054 = DIRECTION('',(-0.,-1.,0.));
#14055 = FACE_BOUND('',#14056,.T.);
#14056 = EDGE_LOOP('',(#14057));
#14057 = ORIENTED_EDGE('',*,*,#14058,.T.);
#14058 = EDGE_CURVE('',#14059,#14059,#14061,.T.);
#14059 = VERTEX_POINT('',#14060);
#14060 = CARTESIAN_POINT('',(142.24,-99.56,1.51));
#14061 = CIRCLE('',#14062,0.5);
#14062 = AXIS2_PLACEMENT_3D('',#14063,#14064,#14065);
#14063 = CARTESIAN_POINT('',(142.24,-99.06,1.51));
#14064 = DIRECTION('',(-0.,0.,-1.));
#14065 = DIRECTION('',(-0.,-1.,0.));
#14066 = FACE_BOUND('',#14067,.T.);
#14067 = EDGE_LOOP('',(#14068));
#14068 = ORIENTED_EDGE('',*,*,#14069,.T.);
#14069 = EDGE_CURVE('',#14070,#14070,#14072,.T.);
#14070 = VERTEX_POINT('',#14071);
#14071 = CARTESIAN_POINT('',(144.78,-99.56,1.51));
#14072 = CIRCLE('',#14073,0.5);
#14073 = AXIS2_PLACEMENT_3D('',#14074,#14075,#14076);
#14074 = CARTESIAN_POINT('',(144.78,-99.06,1.51));
#14075 = DIRECTION('',(-0.,0.,-1.));
#14076 = DIRECTION('',(-0.,-1.,0.));
#14077 = FACE_BOUND('',#14078,.T.);
#14078 = EDGE_LOOP('',(#14079));
#14079 = ORIENTED_EDGE('',*,*,#14080,.T.);
#14080 = EDGE_CURVE('',#14081,#14081,#14083,.T.);
#14081 = VERTEX_POINT('',#14082);
#14082 = CARTESIAN_POINT('',(146.15,-117.44,1.51));
#14083 = CIRCLE('',#14084,0.5);
#14084 = AXIS2_PLACEMENT_3D('',#14085,#14086,#14087);
#14085 = CARTESIAN_POINT('',(146.15,-116.94,1.51));
#14086 = DIRECTION('',(-0.,0.,-1.));
#14087 = DIRECTION('',(-0.,-1.,0.));
#14088 = FACE_BOUND('',#14089,.T.);
#14089 = EDGE_LOOP('',(#14090));
#14090 = ORIENTED_EDGE('',*,*,#14091,.T.);
#14091 = EDGE_CURVE('',#14092,#14092,#14094,.T.);
#14092 = VERTEX_POINT('',#14093);
#14093 = CARTESIAN_POINT('',(146.15,-107.28,1.51));
#14094 = CIRCLE('',#14095,0.5);
#14095 = AXIS2_PLACEMENT_3D('',#14096,#14097,#14098);
#14096 = CARTESIAN_POINT('',(146.15,-106.78,1.51));
#14097 = DIRECTION('',(-0.,0.,-1.));
#14098 = DIRECTION('',(-0.,-1.,0.));
#14099 = FACE_BOUND('',#14100,.T.);
#14100 = EDGE_LOOP('',(#14101));
#14101 = ORIENTED_EDGE('',*,*,#14102,.T.);
#14102 = EDGE_CURVE('',#14103,#14103,#14105,.T.);
#14103 = VERTEX_POINT('',#14104);
#14104 = CARTESIAN_POINT('',(154.94,-112.36,1.51));
#14105 = CIRCLE('',#14106,0.6);
#14106 = AXIS2_PLACEMENT_3D('',#14107,#14108,#14109);
#14107 = CARTESIAN_POINT('',(154.94,-111.76,1.51));
#14108 = DIRECTION('',(-0.,0.,-1.));
#14109 = DIRECTION('',(-0.,-1.,0.));
#14110 = FACE_BOUND('',#14111,.T.);
#14111 = EDGE_LOOP('',(#14112));
#14112 = ORIENTED_EDGE('',*,*,#14113,.T.);
#14113 = EDGE_CURVE('',#14114,#14114,#14116,.T.);
#14114 = VERTEX_POINT('',#14115);
#14115 = CARTESIAN_POINT('',(154.84,-106.01,1.51));
#14116 = CIRCLE('',#14117,0.5);
#14117 = AXIS2_PLACEMENT_3D('',#14118,#14119,#14120);
#14118 = CARTESIAN_POINT('',(154.84,-105.51,1.51));
#14119 = DIRECTION('',(-0.,0.,-1.));
#14120 = DIRECTION('',(-0.,-1.,0.));
#14121 = FACE_BOUND('',#14122,.T.);
#14122 = EDGE_LOOP('',(#14123));
#14123 = ORIENTED_EDGE('',*,*,#14124,.T.);
#14124 = EDGE_CURVE('',#14125,#14125,#14127,.T.);
#14125 = VERTEX_POINT('',#14126);
#14126 = CARTESIAN_POINT('',(154.84,-103.47,1.51));
#14127 = CIRCLE('',#14128,0.5);
#14128 = AXIS2_PLACEMENT_3D('',#14129,#14130,#14131);
#14129 = CARTESIAN_POINT('',(154.84,-102.97,1.51));
#14130 = DIRECTION('',(-0.,0.,-1.));
#14131 = DIRECTION('',(-0.,-1.,0.));
#14132 = FACE_BOUND('',#14133,.T.);
#14133 = EDGE_LOOP('',(#14134));
#14134 = ORIENTED_EDGE('',*,*,#14135,.T.);
#14135 = EDGE_CURVE('',#14136,#14136,#14138,.T.);
#14136 = VERTEX_POINT('',#14137);
#14137 = CARTESIAN_POINT('',(147.32,-99.56,1.51));
#14138 = CIRCLE('',#14139,0.5);
#14139 = AXIS2_PLACEMENT_3D('',#14140,#14141,#14142);
#14140 = CARTESIAN_POINT('',(147.32,-99.06,1.51));
#14141 = DIRECTION('',(-0.,0.,-1.));
#14142 = DIRECTION('',(-0.,-1.,0.));
#14143 = FACE_BOUND('',#14144,.T.);
#14144 = EDGE_LOOP('',(#14145));
#14145 = ORIENTED_EDGE('',*,*,#14146,.T.);
#14146 = EDGE_CURVE('',#14147,#14147,#14149,.T.);
#14147 = VERTEX_POINT('',#14148);
#14148 = CARTESIAN_POINT('',(154.84,-100.93,1.51));
#14149 = CIRCLE('',#14150,0.5);
#14150 = AXIS2_PLACEMENT_3D('',#14151,#14152,#14153);
#14151 = CARTESIAN_POINT('',(154.84,-100.43,1.51));
#14152 = DIRECTION('',(-0.,0.,-1.));
#14153 = DIRECTION('',(-0.,-1.,0.));
#14154 = FACE_BOUND('',#14155,.T.);
#14155 = EDGE_LOOP('',(#14156));
#14156 = ORIENTED_EDGE('',*,*,#14157,.T.);
#14157 = EDGE_CURVE('',#14158,#14158,#14160,.T.);
#14158 = VERTEX_POINT('',#14159);
#14159 = CARTESIAN_POINT('',(154.84,-98.39,1.51));
#14160 = CIRCLE('',#14161,0.5);
#14161 = AXIS2_PLACEMENT_3D('',#14162,#14163,#14164);
#14162 = CARTESIAN_POINT('',(154.84,-97.89,1.51));
#14163 = DIRECTION('',(-0.,0.,-1.));
#14164 = DIRECTION('',(-0.,-1.,0.));
#14165 = FACE_BOUND('',#14166,.T.);
#14166 = EDGE_LOOP('',(#14167));
#14167 = ORIENTED_EDGE('',*,*,#14168,.T.);
#14168 = EDGE_CURVE('',#14169,#14169,#14171,.T.);
#14169 = VERTEX_POINT('',#14170);
#14170 = CARTESIAN_POINT('',(154.84,-95.85,1.51));
#14171 = CIRCLE('',#14172,0.5);
#14172 = AXIS2_PLACEMENT_3D('',#14173,#14174,#14175);
#14173 = CARTESIAN_POINT('',(154.84,-95.35,1.51));
#14174 = DIRECTION('',(-0.,0.,-1.));
#14175 = DIRECTION('',(-0.,-1.,0.));
#14176 = FACE_BOUND('',#14177,.T.);
#14177 = EDGE_LOOP('',(#14178));
#14178 = ORIENTED_EDGE('',*,*,#14179,.T.);
#14179 = EDGE_CURVE('',#14180,#14180,#14182,.T.);
#14180 = VERTEX_POINT('',#14181);
#14181 = CARTESIAN_POINT('',(74.168,-94.48,1.51));
#14182 = CIRCLE('',#14183,0.5);
#14183 = AXIS2_PLACEMENT_3D('',#14184,#14185,#14186);
#14184 = CARTESIAN_POINT('',(74.168,-93.98,1.51));
#14185 = DIRECTION('',(-0.,0.,-1.));
#14186 = DIRECTION('',(-0.,-1.,0.));
#14187 = FACE_BOUND('',#14188,.T.);
#14188 = EDGE_LOOP('',(#14189));
#14189 = ORIENTED_EDGE('',*,*,#14190,.T.);
#14190 = EDGE_CURVE('',#14191,#14191,#14193,.T.);
#14191 = VERTEX_POINT('',#14192);
#14192 = CARTESIAN_POINT('',(74.168,-91.94,1.51));
#14193 = CIRCLE('',#14194,0.5);
#14194 = AXIS2_PLACEMENT_3D('',#14195,#14196,#14197);
#14195 = CARTESIAN_POINT('',(74.168,-91.44,1.51));
#14196 = DIRECTION('',(-0.,0.,-1.));
#14197 = DIRECTION('',(-0.,-1.,0.));
#14198 = FACE_BOUND('',#14199,.T.);
#14199 = EDGE_LOOP('',(#14200));
#14200 = ORIENTED_EDGE('',*,*,#14201,.T.);
#14201 = EDGE_CURVE('',#14202,#14202,#14204,.T.);
#14202 = VERTEX_POINT('',#14203);
#14203 = CARTESIAN_POINT('',(74.168,-83.812,1.51));
#14204 = CIRCLE('',#14205,0.5);
#14205 = AXIS2_PLACEMENT_3D('',#14206,#14207,#14208);
#14206 = CARTESIAN_POINT('',(74.168,-83.312,1.51));
#14207 = DIRECTION('',(-0.,0.,-1.));
#14208 = DIRECTION('',(-0.,-1.,0.));
#14209 = FACE_BOUND('',#14210,.T.);
#14210 = EDGE_LOOP('',(#14211));
#14211 = ORIENTED_EDGE('',*,*,#14212,.T.);
#14212 = EDGE_CURVE('',#14213,#14213,#14215,.T.);
#14213 = VERTEX_POINT('',#14214);
#14214 = CARTESIAN_POINT('',(92.71,-94.48,1.51));
#14215 = CIRCLE('',#14216,0.5);
#14216 = AXIS2_PLACEMENT_3D('',#14217,#14218,#14219);
#14217 = CARTESIAN_POINT('',(92.71,-93.98,1.51));
#14218 = DIRECTION('',(-0.,0.,-1.));
#14219 = DIRECTION('',(-0.,-1.,0.));
#14220 = FACE_BOUND('',#14221,.T.);
#14221 = EDGE_LOOP('',(#14222));
#14222 = ORIENTED_EDGE('',*,*,#14223,.T.);
#14223 = EDGE_CURVE('',#14224,#14224,#14226,.T.);
#14224 = VERTEX_POINT('',#14225);
#14225 = CARTESIAN_POINT('',(92.71,-91.94,1.51));
#14226 = CIRCLE('',#14227,0.5);
#14227 = AXIS2_PLACEMENT_3D('',#14228,#14229,#14230);
#14228 = CARTESIAN_POINT('',(92.71,-91.44,1.51));
#14229 = DIRECTION('',(-0.,0.,-1.));
#14230 = DIRECTION('',(-0.,-1.,0.));
#14231 = FACE_BOUND('',#14232,.T.);
#14232 = EDGE_LOOP('',(#14233));
#14233 = ORIENTED_EDGE('',*,*,#14234,.T.);
#14234 = EDGE_CURVE('',#14235,#14235,#14237,.T.);
#14235 = VERTEX_POINT('',#14236);
#14236 = CARTESIAN_POINT('',(92.71,-83.812,1.51));
#14237 = CIRCLE('',#14238,0.5);
#14238 = AXIS2_PLACEMENT_3D('',#14239,#14240,#14241);
#14239 = CARTESIAN_POINT('',(92.71,-83.312,1.51));
#14240 = DIRECTION('',(-0.,0.,-1.));
#14241 = DIRECTION('',(-0.,-1.,0.));
#14242 = FACE_BOUND('',#14243,.T.);
#14243 = EDGE_LOOP('',(#14244));
#14244 = ORIENTED_EDGE('',*,*,#14245,.T.);
#14245 = EDGE_CURVE('',#14246,#14246,#14248,.T.);
#14246 = VERTEX_POINT('',#14247);
#14247 = CARTESIAN_POINT('',(74.168,-81.272,1.51));
#14248 = CIRCLE('',#14249,0.5);
#14249 = AXIS2_PLACEMENT_3D('',#14250,#14251,#14252);
#14250 = CARTESIAN_POINT('',(74.168,-80.772,1.51));
#14251 = DIRECTION('',(-0.,0.,-1.));
#14252 = DIRECTION('',(-0.,-1.,0.));
#14253 = FACE_BOUND('',#14254,.T.);
#14254 = EDGE_LOOP('',(#14255,#14266,#14274,#14283));
#14255 = ORIENTED_EDGE('',*,*,#14256,.T.);
#14256 = EDGE_CURVE('',#14257,#14259,#14261,.T.);
#14257 = VERTEX_POINT('',#14258);
#14258 = CARTESIAN_POINT('',(79.28,-75.32,1.51));
#14259 = VERTEX_POINT('',#14260);
#14260 = CARTESIAN_POINT('',(79.28,-76.32,1.51));
#14261 = CIRCLE('',#14262,0.5);
#14262 = AXIS2_PLACEMENT_3D('',#14263,#14264,#14265);
#14263 = CARTESIAN_POINT('',(79.28,-75.82,1.51));
#14264 = DIRECTION('',(-0.,0.,-1.));
#14265 = DIRECTION('',(-0.,-1.,0.));
#14266 = ORIENTED_EDGE('',*,*,#14267,.T.);
#14267 = EDGE_CURVE('',#14259,#14268,#14270,.T.);
#14268 = VERTEX_POINT('',#14269);
#14269 = CARTESIAN_POINT('',(77.28,-76.32,1.51));
#14270 = LINE('',#14271,#14272);
#14271 = CARTESIAN_POINT('',(38.64,-76.32,1.51));
#14272 = VECTOR('',#14273,1.);
#14273 = DIRECTION('',(-1.,0.,0.));
#14274 = ORIENTED_EDGE('',*,*,#14275,.T.);
#14275 = EDGE_CURVE('',#14268,#14276,#14278,.T.);
#14276 = VERTEX_POINT('',#14277);
#14277 = CARTESIAN_POINT('',(77.28,-75.32,1.51));
#14278 = CIRCLE('',#14279,0.5);
#14279 = AXIS2_PLACEMENT_3D('',#14280,#14281,#14282);
#14280 = CARTESIAN_POINT('',(77.28,-75.82,1.51));
#14281 = DIRECTION('',(-0.,0.,-1.));
#14282 = DIRECTION('',(0.,1.,0.));
#14283 = ORIENTED_EDGE('',*,*,#14284,.T.);
#14284 = EDGE_CURVE('',#14276,#14257,#14285,.T.);
#14285 = LINE('',#14286,#14287);
#14286 = CARTESIAN_POINT('',(39.64,-75.32,1.51));
#14287 = VECTOR('',#14288,1.);
#14288 = DIRECTION('',(1.,0.,-0.));
#14289 = FACE_BOUND('',#14290,.T.);
#14290 = EDGE_LOOP('',(#14291,#14302,#14310,#14319));
#14291 = ORIENTED_EDGE('',*,*,#14292,.T.);
#14292 = EDGE_CURVE('',#14293,#14295,#14297,.T.);
#14293 = VERTEX_POINT('',#14294);
#14294 = CARTESIAN_POINT('',(75.78,-72.12,1.51));
#14295 = VERTEX_POINT('',#14296);
#14296 = CARTESIAN_POINT('',(74.78,-72.12,1.51));
#14297 = CIRCLE('',#14298,0.5);
#14298 = AXIS2_PLACEMENT_3D('',#14299,#14300,#14301);
#14299 = CARTESIAN_POINT('',(75.28,-72.12,1.51));
#14300 = DIRECTION('',(-0.,0.,-1.));
#14301 = DIRECTION('',(-1.,0.,0.));
#14302 = ORIENTED_EDGE('',*,*,#14303,.T.);
#14303 = EDGE_CURVE('',#14295,#14304,#14306,.T.);
#14304 = VERTEX_POINT('',#14305);
#14305 = CARTESIAN_POINT('',(74.78,-70.12,1.51));
#14306 = LINE('',#14307,#14308);
#14307 = CARTESIAN_POINT('',(74.78,-35.06,1.51));
#14308 = VECTOR('',#14309,1.);
#14309 = DIRECTION('',(-0.,1.,0.));
#14310 = ORIENTED_EDGE('',*,*,#14311,.T.);
#14311 = EDGE_CURVE('',#14304,#14312,#14314,.T.);
#14312 = VERTEX_POINT('',#14313);
#14313 = CARTESIAN_POINT('',(75.78,-70.12,1.51));
#14314 = CIRCLE('',#14315,0.5);
#14315 = AXIS2_PLACEMENT_3D('',#14316,#14317,#14318);
#14316 = CARTESIAN_POINT('',(75.28,-70.12,1.51));
#14317 = DIRECTION('',(0.,-0.,-1.));
#14318 = DIRECTION('',(1.,0.,-0.));
#14319 = ORIENTED_EDGE('',*,*,#14320,.T.);
#14320 = EDGE_CURVE('',#14312,#14293,#14321,.T.);
#14321 = LINE('',#14322,#14323);
#14322 = CARTESIAN_POINT('',(75.78,-36.06,1.51));
#14323 = VECTOR('',#14324,1.);
#14324 = DIRECTION('',(0.,-1.,0.));
#14325 = FACE_BOUND('',#14326,.T.);
#14326 = EDGE_LOOP('',(#14327,#14338,#14346,#14355));
#14327 = ORIENTED_EDGE('',*,*,#14328,.T.);
#14328 = EDGE_CURVE('',#14329,#14331,#14333,.T.);
#14329 = VERTEX_POINT('',#14330);
#14330 = CARTESIAN_POINT('',(81.78,-72.12,1.51));
#14331 = VERTEX_POINT('',#14332);
#14332 = CARTESIAN_POINT('',(80.78,-72.12,1.51));
#14333 = CIRCLE('',#14334,0.5);
#14334 = AXIS2_PLACEMENT_3D('',#14335,#14336,#14337);
#14335 = CARTESIAN_POINT('',(81.28,-72.12,1.51));
#14336 = DIRECTION('',(-0.,0.,-1.));
#14337 = DIRECTION('',(-1.,0.,0.));
#14338 = ORIENTED_EDGE('',*,*,#14339,.T.);
#14339 = EDGE_CURVE('',#14331,#14340,#14342,.T.);
#14340 = VERTEX_POINT('',#14341);
#14341 = CARTESIAN_POINT('',(80.78,-70.12,1.51));
#14342 = LINE('',#14343,#14344);
#14343 = CARTESIAN_POINT('',(80.78,-35.06,1.51));
#14344 = VECTOR('',#14345,1.);
#14345 = DIRECTION('',(-0.,1.,0.));
#14346 = ORIENTED_EDGE('',*,*,#14347,.T.);
#14347 = EDGE_CURVE('',#14340,#14348,#14350,.T.);
#14348 = VERTEX_POINT('',#14349);
#14349 = CARTESIAN_POINT('',(81.78,-70.12,1.51));
#14350 = CIRCLE('',#14351,0.5);
#14351 = AXIS2_PLACEMENT_3D('',#14352,#14353,#14354);
#14352 = CARTESIAN_POINT('',(81.28,-70.12,1.51));
#14353 = DIRECTION('',(0.,-0.,-1.));
#14354 = DIRECTION('',(1.,0.,-0.));
#14355 = ORIENTED_EDGE('',*,*,#14356,.T.);
#14356 = EDGE_CURVE('',#14348,#14329,#14357,.T.);
#14357 = LINE('',#14358,#14359);
#14358 = CARTESIAN_POINT('',(81.78,-36.06,1.51));
#14359 = VECTOR('',#14360,1.);
#14360 = DIRECTION('',(0.,-1.,0.));
#14361 = FACE_BOUND('',#14362,.T.);
#14362 = EDGE_LOOP('',(#14363));
#14363 = ORIENTED_EDGE('',*,*,#14364,.T.);
#14364 = EDGE_CURVE('',#14365,#14365,#14367,.T.);
#14365 = VERTEX_POINT('',#14366);
#14366 = CARTESIAN_POINT('',(92.71,-81.272,1.51));
#14367 = CIRCLE('',#14368,0.5);
#14368 = AXIS2_PLACEMENT_3D('',#14369,#14370,#14371);
#14369 = CARTESIAN_POINT('',(92.71,-80.772,1.51));
#14370 = DIRECTION('',(-0.,0.,-1.));
#14371 = DIRECTION('',(-0.,-1.,0.));
#14372 = FACE_BOUND('',#14373,.T.);
#14373 = EDGE_LOOP('',(#14374));
#14374 = ORIENTED_EDGE('',*,*,#14375,.T.);
#14375 = EDGE_CURVE('',#14376,#14376,#14378,.T.);
#14376 = VERTEX_POINT('',#14377);
#14377 = CARTESIAN_POINT('',(87.63,-76.75,1.51));
#14378 = CIRCLE('',#14379,0.55);
#14379 = AXIS2_PLACEMENT_3D('',#14380,#14381,#14382);
#14380 = CARTESIAN_POINT('',(87.63,-76.2,1.51));
#14381 = DIRECTION('',(-0.,0.,-1.));
#14382 = DIRECTION('',(-0.,-1.,0.));
#14383 = FACE_BOUND('',#14384,.T.);
#14384 = EDGE_LOOP('',(#14385));
#14385 = ORIENTED_EDGE('',*,*,#14386,.T.);
#14386 = EDGE_CURVE('',#14387,#14387,#14389,.T.);
#14387 = VERTEX_POINT('',#14388);
#14388 = CARTESIAN_POINT('',(90.17,-76.75,1.51));
#14389 = CIRCLE('',#14390,0.55);
#14390 = AXIS2_PLACEMENT_3D('',#14391,#14392,#14393);
#14391 = CARTESIAN_POINT('',(90.17,-76.2,1.51));
#14392 = DIRECTION('',(-0.,0.,-1.));
#14393 = DIRECTION('',(-0.,-1.,0.));
#14394 = FACE_BOUND('',#14395,.T.);
#14395 = EDGE_LOOP('',(#14396));
#14396 = ORIENTED_EDGE('',*,*,#14397,.T.);
#14397 = EDGE_CURVE('',#14398,#14398,#14400,.T.);
#14398 = VERTEX_POINT('',#14399);
#14399 = CARTESIAN_POINT('',(92.71,-76.75,1.51));
#14400 = CIRCLE('',#14401,0.55);
#14401 = AXIS2_PLACEMENT_3D('',#14402,#14403,#14404);
#14402 = CARTESIAN_POINT('',(92.71,-76.2,1.51));
#14403 = DIRECTION('',(-0.,0.,-1.));
#14404 = DIRECTION('',(-2.5837917664E-14,-1.,0.));
#14405 = FACE_BOUND('',#14406,.T.);
#14406 = EDGE_LOOP('',(#14407));
#14407 = ORIENTED_EDGE('',*,*,#14408,.T.);
#14408 = EDGE_CURVE('',#14409,#14409,#14411,.T.);
#14409 = VERTEX_POINT('',#14410);
#14410 = CARTESIAN_POINT('',(107.95,-76.6,1.51));
#14411 = CIRCLE('',#14412,0.4);
#14412 = AXIS2_PLACEMENT_3D('',#14413,#14414,#14415);
#14413 = CARTESIAN_POINT('',(107.95,-76.2,1.51));
#14414 = DIRECTION('',(-0.,0.,-1.));
#14415 = DIRECTION('',(3.5527136788E-14,-1.,-0.));
#14416 = FACE_BOUND('',#14417,.T.);
#14417 = EDGE_LOOP('',(#14418));
#14418 = ORIENTED_EDGE('',*,*,#14419,.T.);
#14419 = EDGE_CURVE('',#14420,#14420,#14422,.T.);
#14420 = VERTEX_POINT('',#14421);
#14421 = CARTESIAN_POINT('',(113.03,-76.6,1.51));
#14422 = CIRCLE('',#14423,0.4);
#14423 = AXIS2_PLACEMENT_3D('',#14424,#14425,#14426);
#14424 = CARTESIAN_POINT('',(113.03,-76.2,1.51));
#14425 = DIRECTION('',(-0.,0.,-1.));
#14426 = DIRECTION('',(-0.,-1.,0.));
#14427 = FACE_BOUND('',#14428,.T.);
#14428 = EDGE_LOOP('',(#14429));
#14429 = ORIENTED_EDGE('',*,*,#14430,.T.);
#14430 = EDGE_CURVE('',#14431,#14431,#14433,.T.);
#14431 = VERTEX_POINT('',#14432);
#14432 = CARTESIAN_POINT('',(119.38,-76.7,1.51));
#14433 = CIRCLE('',#14434,0.5);
#14434 = AXIS2_PLACEMENT_3D('',#14435,#14436,#14437);
#14435 = CARTESIAN_POINT('',(119.38,-76.2,1.51));
#14436 = DIRECTION('',(-0.,0.,-1.));
#14437 = DIRECTION('',(-0.,-1.,0.));
#14438 = FACE_BOUND('',#14439,.T.);
#14439 = EDGE_LOOP('',(#14440));
#14440 = ORIENTED_EDGE('',*,*,#14441,.T.);
#14441 = EDGE_CURVE('',#14442,#14442,#14444,.T.);
#14442 = VERTEX_POINT('',#14443);
#14443 = CARTESIAN_POINT('',(77.2975,-62.875,1.51));
#14444 = CIRCLE('',#14445,0.65);
#14445 = AXIS2_PLACEMENT_3D('',#14446,#14447,#14448);
#14446 = CARTESIAN_POINT('',(77.2975,-62.225,1.51));
#14447 = DIRECTION('',(-0.,0.,-1.));
#14448 = DIRECTION('',(-0.,-1.,0.));
#14449 = FACE_BOUND('',#14450,.T.);
#14450 = EDGE_LOOP('',(#14451));
#14451 = ORIENTED_EDGE('',*,*,#14452,.T.);
#14452 = EDGE_CURVE('',#14453,#14453,#14455,.T.);
#14453 = VERTEX_POINT('',#14454);
#14454 = CARTESIAN_POINT('',(88.67,-68.88,1.51));
#14455 = CIRCLE('',#14456,0.3);
#14456 = AXIS2_PLACEMENT_3D('',#14457,#14458,#14459);
#14457 = CARTESIAN_POINT('',(88.67,-68.58,1.51));
#14458 = DIRECTION('',(-0.,0.,-1.));
#14459 = DIRECTION('',(-0.,-1.,0.));
#14460 = FACE_BOUND('',#14461,.T.);
#14461 = EDGE_LOOP('',(#14462));
#14462 = ORIENTED_EDGE('',*,*,#14463,.T.);
#14463 = EDGE_CURVE('',#14464,#14464,#14466,.T.);
#14464 = VERTEX_POINT('',#14465);
#14465 = CARTESIAN_POINT('',(90.17,-68.88,1.51));
#14466 = CIRCLE('',#14467,0.3);
#14467 = AXIS2_PLACEMENT_3D('',#14468,#14469,#14470);
#14468 = CARTESIAN_POINT('',(90.17,-68.58,1.51));
#14469 = DIRECTION('',(-0.,0.,-1.));
#14470 = DIRECTION('',(-0.,-1.,0.));
#14471 = FACE_BOUND('',#14472,.T.);
#14472 = EDGE_LOOP('',(#14473));
#14473 = ORIENTED_EDGE('',*,*,#14474,.T.);
#14474 = EDGE_CURVE('',#14475,#14475,#14477,.T.);
#14475 = VERTEX_POINT('',#14476);
#14476 = CARTESIAN_POINT('',(77.2975,-57.795,1.51));
#14477 = CIRCLE('',#14478,0.65);
#14478 = AXIS2_PLACEMENT_3D('',#14479,#14480,#14481);
#14479 = CARTESIAN_POINT('',(77.2975,-57.145,1.51));
#14480 = DIRECTION('',(-0.,0.,-1.));
#14481 = DIRECTION('',(-0.,-1.,0.));
#14482 = FACE_BOUND('',#14483,.T.);
#14483 = EDGE_LOOP('',(#14484));
#14484 = ORIENTED_EDGE('',*,*,#14485,.T.);
#14485 = EDGE_CURVE('',#14486,#14486,#14488,.T.);
#14486 = VERTEX_POINT('',#14487);
#14487 = CARTESIAN_POINT('',(74.93,-49.86,1.51));
#14488 = CIRCLE('',#14489,1.6);
#14489 = AXIS2_PLACEMENT_3D('',#14490,#14491,#14492);
#14490 = CARTESIAN_POINT('',(74.93,-48.26,1.51));
#14491 = DIRECTION('',(-0.,0.,-1.));
#14492 = DIRECTION('',(-0.,-1.,0.));
#14493 = FACE_BOUND('',#14494,.T.);
#14494 = EDGE_LOOP('',(#14495));
#14495 = ORIENTED_EDGE('',*,*,#14496,.T.);
#14496 = EDGE_CURVE('',#14497,#14497,#14499,.T.);
#14497 = VERTEX_POINT('',#14498);
#14498 = CARTESIAN_POINT('',(107.95,-66.44,1.51));
#14499 = CIRCLE('',#14500,0.4);
#14500 = AXIS2_PLACEMENT_3D('',#14501,#14502,#14503);
#14501 = CARTESIAN_POINT('',(107.95,-66.04,1.51));
#14502 = DIRECTION('',(-0.,0.,-1.));
#14503 = DIRECTION('',(3.5527136788E-14,-1.,-0.));
#14504 = FACE_BOUND('',#14505,.T.);
#14505 = EDGE_LOOP('',(#14506));
#14506 = ORIENTED_EDGE('',*,*,#14507,.T.);
#14507 = EDGE_CURVE('',#14508,#14508,#14510,.T.);
#14508 = VERTEX_POINT('',#14509);
#14509 = CARTESIAN_POINT('',(113.03,-66.44,1.51));
#14510 = CIRCLE('',#14511,0.4);
#14511 = AXIS2_PLACEMENT_3D('',#14512,#14513,#14514);
#14512 = CARTESIAN_POINT('',(113.03,-66.04,1.51));
#14513 = DIRECTION('',(-0.,0.,-1.));
#14514 = DIRECTION('',(-0.,-1.,0.));
#14515 = FACE_BOUND('',#14516,.T.);
#14516 = EDGE_LOOP('',(#14517));
#14517 = ORIENTED_EDGE('',*,*,#14518,.T.);
#14518 = EDGE_CURVE('',#14519,#14519,#14521,.T.);
#14519 = VERTEX_POINT('',#14520);
#14520 = CARTESIAN_POINT('',(111.76,-55.26,1.51));
#14521 = CIRCLE('',#14522,0.65);
#14522 = AXIS2_PLACEMENT_3D('',#14523,#14524,#14525);
#14523 = CARTESIAN_POINT('',(111.76,-54.61,1.51));
#14524 = DIRECTION('',(-0.,0.,-1.));
#14525 = DIRECTION('',(2.1862853408E-14,-1.,-0.));
#14526 = FACE_BOUND('',#14527,.T.);
#14527 = EDGE_LOOP('',(#14528));
#14528 = ORIENTED_EDGE('',*,*,#14529,.T.);
#14529 = EDGE_CURVE('',#14530,#14530,#14532,.T.);
#14530 = VERTEX_POINT('',#14531);
#14531 = CARTESIAN_POINT('',(116.84,-55.26,1.51));
#14532 = CIRCLE('',#14533,0.65);
#14533 = AXIS2_PLACEMENT_3D('',#14534,#14535,#14536);
#14534 = CARTESIAN_POINT('',(116.84,-54.61,1.51));
#14535 = DIRECTION('',(-0.,0.,-1.));
#14536 = DIRECTION('',(-0.,-1.,0.));
#14537 = FACE_BOUND('',#14538,.T.);
#14538 = EDGE_LOOP('',(#14539));
#14539 = ORIENTED_EDGE('',*,*,#14540,.T.);
#14540 = EDGE_CURVE('',#14541,#14541,#14543,.T.);
#14541 = VERTEX_POINT('',#14542);
#14542 = CARTESIAN_POINT('',(134.62,-89.4,1.51));
#14543 = CIRCLE('',#14544,0.5);
#14544 = AXIS2_PLACEMENT_3D('',#14545,#14546,#14547);
#14545 = CARTESIAN_POINT('',(134.62,-88.9,1.51));
#14546 = DIRECTION('',(-0.,0.,-1.));
#14547 = DIRECTION('',(-0.,-1.,0.));
#14548 = FACE_BOUND('',#14549,.T.);
#14549 = EDGE_LOOP('',(#14550));
#14550 = ORIENTED_EDGE('',*,*,#14551,.T.);
#14551 = EDGE_CURVE('',#14552,#14552,#14554,.T.);
#14552 = VERTEX_POINT('',#14553);
#14553 = CARTESIAN_POINT('',(137.16,-89.4,1.51));
#14554 = CIRCLE('',#14555,0.5);
#14555 = AXIS2_PLACEMENT_3D('',#14556,#14557,#14558);
#14556 = CARTESIAN_POINT('',(137.16,-88.9,1.51));
#14557 = DIRECTION('',(-0.,0.,-1.));
#14558 = DIRECTION('',(-0.,-1.,0.));
#14559 = FACE_BOUND('',#14560,.T.);
#14560 = EDGE_LOOP('',(#14561));
#14561 = ORIENTED_EDGE('',*,*,#14562,.T.);
#14562 = EDGE_CURVE('',#14563,#14563,#14565,.T.);
#14563 = VERTEX_POINT('',#14564);
#14564 = CARTESIAN_POINT('',(139.7,-89.4,1.51));
#14565 = CIRCLE('',#14566,0.5);
#14566 = AXIS2_PLACEMENT_3D('',#14567,#14568,#14569);
#14567 = CARTESIAN_POINT('',(139.7,-88.9,1.51));
#14568 = DIRECTION('',(-0.,0.,-1.));
#14569 = DIRECTION('',(-0.,-1.,0.));
#14570 = FACE_BOUND('',#14571,.T.);
#14571 = EDGE_LOOP('',(#14572));
#14572 = ORIENTED_EDGE('',*,*,#14573,.T.);
#14573 = EDGE_CURVE('',#14574,#14574,#14576,.T.);
#14574 = VERTEX_POINT('',#14575);
#14575 = CARTESIAN_POINT('',(142.24,-89.4,1.51));
#14576 = CIRCLE('',#14577,0.5);
#14577 = AXIS2_PLACEMENT_3D('',#14578,#14579,#14580);
#14578 = CARTESIAN_POINT('',(142.24,-88.9,1.51));
#14579 = DIRECTION('',(-0.,0.,-1.));
#14580 = DIRECTION('',(-0.,-1.,0.));
#14581 = FACE_BOUND('',#14582,.T.);
#14582 = EDGE_LOOP('',(#14583));
#14583 = ORIENTED_EDGE('',*,*,#14584,.T.);
#14584 = EDGE_CURVE('',#14585,#14585,#14587,.T.);
#14585 = VERTEX_POINT('',#14586);
#14586 = CARTESIAN_POINT('',(144.78,-89.4,1.51));
#14587 = CIRCLE('',#14588,0.5);
#14588 = AXIS2_PLACEMENT_3D('',#14589,#14590,#14591);
#14589 = CARTESIAN_POINT('',(144.78,-88.9,1.51));
#14590 = DIRECTION('',(-0.,0.,-1.));
#14591 = DIRECTION('',(-0.,-1.,0.));
#14592 = FACE_BOUND('',#14593,.T.);
#14593 = EDGE_LOOP('',(#14594));
#14594 = ORIENTED_EDGE('',*,*,#14595,.T.);
#14595 = EDGE_CURVE('',#14596,#14596,#14598,.T.);
#14596 = VERTEX_POINT('',#14597);
#14597 = CARTESIAN_POINT('',(121.92,-76.7,1.51));
#14598 = CIRCLE('',#14599,0.5);
#14599 = AXIS2_PLACEMENT_3D('',#14600,#14601,#14602);
#14600 = CARTESIAN_POINT('',(121.92,-76.2,1.51));
#14601 = DIRECTION('',(-0.,0.,-1.));
#14602 = DIRECTION('',(-0.,-1.,0.));
#14603 = FACE_BOUND('',#14604,.T.);
#14604 = EDGE_LOOP('',(#14605));
#14605 = ORIENTED_EDGE('',*,*,#14606,.T.);
#14606 = EDGE_CURVE('',#14607,#14607,#14609,.T.);
#14607 = VERTEX_POINT('',#14608);
#14608 = CARTESIAN_POINT('',(124.46,-76.7,1.51));
#14609 = CIRCLE('',#14610,0.5);
#14610 = AXIS2_PLACEMENT_3D('',#14611,#14612,#14613);
#14611 = CARTESIAN_POINT('',(124.46,-76.2,1.51));
#14612 = DIRECTION('',(-0.,0.,-1.));
#14613 = DIRECTION('',(-0.,-1.,0.));
#14614 = FACE_BOUND('',#14615,.T.);
#14615 = EDGE_LOOP('',(#14616));
#14616 = ORIENTED_EDGE('',*,*,#14617,.T.);
#14617 = EDGE_CURVE('',#14618,#14618,#14620,.T.);
#14618 = VERTEX_POINT('',#14619);
#14619 = CARTESIAN_POINT('',(147.32,-89.4,1.51));
#14620 = CIRCLE('',#14621,0.5);
#14621 = AXIS2_PLACEMENT_3D('',#14622,#14623,#14624);
#14622 = CARTESIAN_POINT('',(147.32,-88.9,1.51));
#14623 = DIRECTION('',(-0.,0.,-1.));
#14624 = DIRECTION('',(-0.,-1.,0.));
#14625 = FACE_BOUND('',#14626,.T.);
#14626 = EDGE_LOOP('',(#14627));
#14627 = ORIENTED_EDGE('',*,*,#14628,.T.);
#14628 = EDGE_CURVE('',#14629,#14629,#14631,.T.);
#14629 = VERTEX_POINT('',#14630);
#14630 = CARTESIAN_POINT('',(154.84,-93.31,1.51));
#14631 = CIRCLE('',#14632,0.5);
#14632 = AXIS2_PLACEMENT_3D('',#14633,#14634,#14635);
#14633 = CARTESIAN_POINT('',(154.84,-92.81,1.51));
#14634 = DIRECTION('',(-0.,0.,-1.));
#14635 = DIRECTION('',(-0.,-1.,0.));
#14636 = FACE_BOUND('',#14637,.T.);
#14637 = EDGE_LOOP('',(#14638));
#14638 = ORIENTED_EDGE('',*,*,#14639,.T.);
#14639 = EDGE_CURVE('',#14640,#14640,#14642,.T.);
#14640 = VERTEX_POINT('',#14641);
#14641 = CARTESIAN_POINT('',(154.84,-90.77,1.51));
#14642 = CIRCLE('',#14643,0.5);
#14643 = AXIS2_PLACEMENT_3D('',#14644,#14645,#14646);
#14644 = CARTESIAN_POINT('',(154.84,-90.27,1.51));
#14645 = DIRECTION('',(-0.,0.,-1.));
#14646 = DIRECTION('',(-0.,-1.,0.));
#14647 = FACE_BOUND('',#14648,.T.);
#14648 = EDGE_LOOP('',(#14649));
#14649 = ORIENTED_EDGE('',*,*,#14650,.T.);
#14650 = EDGE_CURVE('',#14651,#14651,#14653,.T.);
#14651 = VERTEX_POINT('',#14652);
#14652 = CARTESIAN_POINT('',(154.84,-88.23,1.51));
#14653 = CIRCLE('',#14654,0.5);
#14654 = AXIS2_PLACEMENT_3D('',#14655,#14656,#14657);
#14655 = CARTESIAN_POINT('',(154.84,-87.73,1.51));
#14656 = DIRECTION('',(-0.,0.,-1.));
#14657 = DIRECTION('',(-0.,-1.,0.));
#14658 = FACE_BOUND('',#14659,.T.);
#14659 = EDGE_LOOP('',(#14660));
#14660 = ORIENTED_EDGE('',*,*,#14661,.T.);
#14661 = EDGE_CURVE('',#14662,#14662,#14664,.T.);
#14662 = VERTEX_POINT('',#14663);
#14663 = CARTESIAN_POINT('',(154.84,-85.69,1.51));
#14664 = CIRCLE('',#14665,0.5);
#14665 = AXIS2_PLACEMENT_3D('',#14666,#14667,#14668);
#14666 = CARTESIAN_POINT('',(154.84,-85.19,1.51));
#14667 = DIRECTION('',(-0.,0.,-1.));
#14668 = DIRECTION('',(-0.,-1.,0.));
#14669 = FACE_BOUND('',#14670,.T.);
#14670 = EDGE_LOOP('',(#14671));
#14671 = ORIENTED_EDGE('',*,*,#14672,.T.);
#14672 = EDGE_CURVE('',#14673,#14673,#14675,.T.);
#14673 = VERTEX_POINT('',#14674);
#14674 = CARTESIAN_POINT('',(154.84,-83.15,1.51));
#14675 = CIRCLE('',#14676,0.5);
#14676 = AXIS2_PLACEMENT_3D('',#14677,#14678,#14679);
#14677 = CARTESIAN_POINT('',(154.84,-82.65,1.51));
#14678 = DIRECTION('',(-0.,0.,-1.));
#14679 = DIRECTION('',(-0.,-1.,0.));
#14680 = FACE_BOUND('',#14681,.T.);
#14681 = EDGE_LOOP('',(#14682));
#14682 = ORIENTED_EDGE('',*,*,#14683,.T.);
#14683 = EDGE_CURVE('',#14684,#14684,#14686,.T.);
#14684 = VERTEX_POINT('',#14685);
#14685 = CARTESIAN_POINT('',(125.735,-55.0875,1.51));
#14686 = CIRCLE('',#14687,0.65);
#14687 = AXIS2_PLACEMENT_3D('',#14688,#14689,#14690);
#14688 = CARTESIAN_POINT('',(125.735,-54.4375,1.51));
#14689 = DIRECTION('',(-0.,0.,-1.));
#14690 = DIRECTION('',(-0.,-1.,0.));
#14691 = FACE_BOUND('',#14692,.T.);
#14692 = EDGE_LOOP('',(#14693));
#14693 = ORIENTED_EDGE('',*,*,#14694,.T.);
#14694 = EDGE_CURVE('',#14695,#14695,#14697,.T.);
#14695 = VERTEX_POINT('',#14696);
#14696 = CARTESIAN_POINT('',(130.815,-55.0875,1.51));
#14697 = CIRCLE('',#14698,0.65);
#14698 = AXIS2_PLACEMENT_3D('',#14699,#14700,#14701);
#14699 = CARTESIAN_POINT('',(130.815,-54.4375,1.51));
#14700 = DIRECTION('',(-0.,0.,-1.));
#14701 = DIRECTION('',(-0.,-1.,0.));
#14702 = FACE_BOUND('',#14703,.T.);
#14703 = EDGE_LOOP('',(#14704));
#14704 = ORIENTED_EDGE('',*,*,#14705,.T.);
#14705 = EDGE_CURVE('',#14706,#14706,#14708,.T.);
#14706 = VERTEX_POINT('',#14707);
#14707 = CARTESIAN_POINT('',(140.975,-55.0875,1.51));
#14708 = CIRCLE('',#14709,0.65);
#14709 = AXIS2_PLACEMENT_3D('',#14710,#14711,#14712);
#14710 = CARTESIAN_POINT('',(140.975,-54.4375,1.51));
#14711 = DIRECTION('',(-0.,0.,-1.));
#14712 = DIRECTION('',(-0.,-1.,0.));
#14713 = FACE_BOUND('',#14714,.T.);
#14714 = EDGE_LOOP('',(#14715));
#14715 = ORIENTED_EDGE('',*,*,#14716,.T.);
#14716 = EDGE_CURVE('',#14717,#14717,#14719,.T.);
#14717 = VERTEX_POINT('',#14718);
#14718 = CARTESIAN_POINT('',(146.055,-55.0875,1.51));
#14719 = CIRCLE('',#14720,0.65);
#14720 = AXIS2_PLACEMENT_3D('',#14721,#14722,#14723);
#14721 = CARTESIAN_POINT('',(146.055,-54.4375,1.51));
#14722 = DIRECTION('',(-0.,0.,-1.));
#14723 = DIRECTION('',(-0.,-1.,0.));
#14724 = FACE_BOUND('',#14725,.T.);
#14725 = EDGE_LOOP('',(#14726));
#14726 = ORIENTED_EDGE('',*,*,#14727,.T.);
#14727 = EDGE_CURVE('',#14728,#14728,#14730,.T.);
#14728 = VERTEX_POINT('',#14729);
#14729 = CARTESIAN_POINT('',(154.945,-55.0875,1.51));
#14730 = CIRCLE('',#14731,0.65);
#14731 = AXIS2_PLACEMENT_3D('',#14732,#14733,#14734);
#14732 = CARTESIAN_POINT('',(154.945,-54.4375,1.51));
#14733 = DIRECTION('',(-0.,0.,-1.));
#14734 = DIRECTION('',(-0.,-1.,0.));
#14735 = FACE_BOUND('',#14736,.T.);
#14736 = EDGE_LOOP('',(#14737));
#14737 = ORIENTED_EDGE('',*,*,#14738,.T.);
#14738 = EDGE_CURVE('',#14739,#14739,#14741,.T.);
#14739 = VERTEX_POINT('',#14740);
#14740 = CARTESIAN_POINT('',(160.025,-55.0875,1.51));
#14741 = CIRCLE('',#14742,0.65);
#14742 = AXIS2_PLACEMENT_3D('',#14743,#14744,#14745);
#14743 = CARTESIAN_POINT('',(160.025,-54.4375,1.51));
#14744 = DIRECTION('',(-0.,0.,-1.));
#14745 = DIRECTION('',(-0.,-1.,0.));
#14746 = FACE_BOUND('',#14747,.T.);
#14747 = EDGE_LOOP('',(#14748));
#14748 = ORIENTED_EDGE('',*,*,#14749,.T.);
#14749 = EDGE_CURVE('',#14750,#14750,#14752,.T.);
#14750 = VERTEX_POINT('',#14751);
#14751 = CARTESIAN_POINT('',(167.64,-49.86,1.51));
#14752 = CIRCLE('',#14753,1.6);
#14753 = AXIS2_PLACEMENT_3D('',#14754,#14755,#14756);
#14754 = CARTESIAN_POINT('',(167.64,-48.26,1.51));
#14755 = DIRECTION('',(-0.,0.,-1.));
#14756 = DIRECTION('',(-0.,-1.,0.));
#14757 = PLANE('',#14758);
#14758 = AXIS2_PLACEMENT_3D('',#14759,#14760,#14761);
#14759 = CARTESIAN_POINT('',(0.,0.,1.51));
#14760 = DIRECTION('',(0.,0.,1.));
#14761 = DIRECTION('',(1.,0.,-0.));
#14762 = ADVANCED_FACE('',(#14763),#14769,.T.);
#14763 = FACE_BOUND('',#14764,.T.);
#14764 = EDGE_LOOP('',(#14765,#14766,#14767,#14768));
#14765 = ORIENTED_EDGE('',*,*,#12052,.T.);
#14766 = ORIENTED_EDGE('',*,*,#13422,.T.);
#14767 = ORIENTED_EDGE('',*,*,#12012,.F.);
#14768 = ORIENTED_EDGE('',*,*,#12076,.F.);
#14769 = PLANE('',#14770);
#14770 = AXIS2_PLACEMENT_3D('',#14771,#14772,#14773);
#14771 = CARTESIAN_POINT('',(71.12,-44.45,0.));
#14772 = DIRECTION('',(0.,1.,0.));
#14773 = DIRECTION('',(1.,0.,0.));
#14774 = ADVANCED_FACE('',(#14775),#14786,.F.);
#14775 = FACE_BOUND('',#14776,.T.);
#14776 = EDGE_LOOP('',(#14777,#14778,#14784,#14785));
#14777 = ORIENTED_EDGE('',*,*,#12085,.T.);
#14778 = ORIENTED_EDGE('',*,*,#14779,.T.);
#14779 = EDGE_CURVE('',#12086,#13432,#14780,.T.);
#14780 = LINE('',#14781,#14782);
#14781 = CARTESIAN_POINT('',(74.93,-142.57,-4.6E-02));
#14782 = VECTOR('',#14783,1.);
#14783 = DIRECTION('',(0.,0.,1.));
#14784 = ORIENTED_EDGE('',*,*,#13431,.F.);
#14785 = ORIENTED_EDGE('',*,*,#14779,.F.);
#14786 = CYLINDRICAL_SURFACE('',#14787,1.6);
#14787 = AXIS2_PLACEMENT_3D('',#14788,#14789,#14790);
#14788 = CARTESIAN_POINT('',(74.93,-140.97,-4.6E-02));
#14789 = DIRECTION('',(-0.,-0.,-1.));
#14790 = DIRECTION('',(-0.,-1.,0.));
#14791 = ADVANCED_FACE('',(#14792),#14803,.F.);
#14792 = FACE_BOUND('',#14793,.T.);
#14793 = EDGE_LOOP('',(#14794,#14795,#14801,#14802));
#14794 = ORIENTED_EDGE('',*,*,#12096,.T.);
#14795 = ORIENTED_EDGE('',*,*,#14796,.T.);
#14796 = EDGE_CURVE('',#12097,#13443,#14797,.T.);
#14797 = LINE('',#14798,#14799);
#14798 = CARTESIAN_POINT('',(91.44,-135.12,-4.6E-02));
#14799 = VECTOR('',#14800,1.);
#14800 = DIRECTION('',(0.,0.,1.));
#14801 = ORIENTED_EDGE('',*,*,#13442,.F.);
#14802 = ORIENTED_EDGE('',*,*,#14796,.F.);
#14803 = CYLINDRICAL_SURFACE('',#14804,0.5);
#14804 = AXIS2_PLACEMENT_3D('',#14805,#14806,#14807);
#14805 = CARTESIAN_POINT('',(91.44,-134.62,-4.6E-02));
#14806 = DIRECTION('',(-0.,-0.,-1.));
#14807 = DIRECTION('',(-0.,-1.,0.));
#14808 = ADVANCED_FACE('',(#14809),#14820,.F.);
#14809 = FACE_BOUND('',#14810,.T.);
#14810 = EDGE_LOOP('',(#14811,#14812,#14818,#14819));
#14811 = ORIENTED_EDGE('',*,*,#12107,.T.);
#14812 = ORIENTED_EDGE('',*,*,#14813,.T.);
#14813 = EDGE_CURVE('',#12108,#13454,#14814,.T.);
#14814 = LINE('',#14815,#14816);
#14815 = CARTESIAN_POINT('',(91.44,-132.58,-4.6E-02));
#14816 = VECTOR('',#14817,1.);
#14817 = DIRECTION('',(0.,0.,1.));
#14818 = ORIENTED_EDGE('',*,*,#13453,.F.);
#14819 = ORIENTED_EDGE('',*,*,#14813,.F.);
#14820 = CYLINDRICAL_SURFACE('',#14821,0.5);
#14821 = AXIS2_PLACEMENT_3D('',#14822,#14823,#14824);
#14822 = CARTESIAN_POINT('',(91.44,-132.08,-4.6E-02));
#14823 = DIRECTION('',(-0.,-0.,-1.));
#14824 = DIRECTION('',(-0.,-1.,0.));
#14825 = ADVANCED_FACE('',(#14826),#14837,.F.);
#14826 = FACE_BOUND('',#14827,.T.);
#14827 = EDGE_LOOP('',(#14828,#14829,#14835,#14836));
#14828 = ORIENTED_EDGE('',*,*,#12118,.T.);
#14829 = ORIENTED_EDGE('',*,*,#14830,.T.);
#14830 = EDGE_CURVE('',#12119,#13465,#14831,.T.);
#14831 = LINE('',#14832,#14833);
#14832 = CARTESIAN_POINT('',(73.66,-124.91,-4.6E-02));
#14833 = VECTOR('',#14834,1.);
#14834 = DIRECTION('',(0.,0.,1.));
#14835 = ORIENTED_EDGE('',*,*,#13464,.F.);
#14836 = ORIENTED_EDGE('',*,*,#14830,.F.);
#14837 = CYLINDRICAL_SURFACE('',#14838,0.45);
#14838 = AXIS2_PLACEMENT_3D('',#14839,#14840,#14841);
#14839 = CARTESIAN_POINT('',(73.66,-124.46,-4.6E-02));
#14840 = DIRECTION('',(-0.,-0.,-1.));
#14841 = DIRECTION('',(-0.,-1.,0.));
#14842 = ADVANCED_FACE('',(#14843),#14854,.F.);
#14843 = FACE_BOUND('',#14844,.T.);
#14844 = EDGE_LOOP('',(#14845,#14846,#14852,#14853));
#14845 = ORIENTED_EDGE('',*,*,#12129,.T.);
#14846 = ORIENTED_EDGE('',*,*,#14847,.T.);
#14847 = EDGE_CURVE('',#12130,#13476,#14848,.T.);
#14848 = LINE('',#14849,#14850);
#14849 = CARTESIAN_POINT('',(76.2,-124.91,-4.6E-02));
#14850 = VECTOR('',#14851,1.);
#14851 = DIRECTION('',(0.,0.,1.));
#14852 = ORIENTED_EDGE('',*,*,#13475,.F.);
#14853 = ORIENTED_EDGE('',*,*,#14847,.F.);
#14854 = CYLINDRICAL_SURFACE('',#14855,0.45);
#14855 = AXIS2_PLACEMENT_3D('',#14856,#14857,#14858);
#14856 = CARTESIAN_POINT('',(76.2,-124.46,-4.6E-02));
#14857 = DIRECTION('',(-0.,-0.,-1.));
#14858 = DIRECTION('',(-0.,-1.,0.));
#14859 = ADVANCED_FACE('',(#14860),#14871,.F.);
#14860 = FACE_BOUND('',#14861,.T.);
#14861 = EDGE_LOOP('',(#14862,#14863,#14869,#14870));
#14862 = ORIENTED_EDGE('',*,*,#12140,.T.);
#14863 = ORIENTED_EDGE('',*,*,#14864,.T.);
#14864 = EDGE_CURVE('',#12141,#13487,#14865,.T.);
#14865 = LINE('',#14866,#14867);
#14866 = CARTESIAN_POINT('',(81.28,-124.86,-4.6E-02));
#14867 = VECTOR('',#14868,1.);
#14868 = DIRECTION('',(0.,0.,1.));
#14869 = ORIENTED_EDGE('',*,*,#13486,.F.);
#14870 = ORIENTED_EDGE('',*,*,#14864,.F.);
#14871 = CYLINDRICAL_SURFACE('',#14872,0.4);
#14872 = AXIS2_PLACEMENT_3D('',#14873,#14874,#14875);
#14873 = CARTESIAN_POINT('',(81.28,-124.46,-4.6E-02));
#14874 = DIRECTION('',(-0.,-0.,-1.));
#14875 = DIRECTION('',(-0.,-1.,0.));
#14876 = ADVANCED_FACE('',(#14877),#14888,.F.);
#14877 = FACE_BOUND('',#14878,.T.);
#14878 = EDGE_LOOP('',(#14879,#14880,#14886,#14887));
#14879 = ORIENTED_EDGE('',*,*,#12151,.T.);
#14880 = ORIENTED_EDGE('',*,*,#14881,.T.);
#14881 = EDGE_CURVE('',#12152,#13498,#14882,.T.);
#14882 = LINE('',#14883,#14884);
#14883 = CARTESIAN_POINT('',(91.44,-130.04,-4.6E-02));
#14884 = VECTOR('',#14885,1.);
#14885 = DIRECTION('',(0.,0.,1.));
#14886 = ORIENTED_EDGE('',*,*,#13497,.F.);
#14887 = ORIENTED_EDGE('',*,*,#14881,.F.);
#14888 = CYLINDRICAL_SURFACE('',#14889,0.5);
#14889 = AXIS2_PLACEMENT_3D('',#14890,#14891,#14892);
#14890 = CARTESIAN_POINT('',(91.44,-129.54,-4.6E-02));
#14891 = DIRECTION('',(-0.,-0.,-1.));
#14892 = DIRECTION('',(-0.,-1.,0.));
#14893 = ADVANCED_FACE('',(#14894),#14905,.F.);
#14894 = FACE_BOUND('',#14895,.T.);
#14895 = EDGE_LOOP('',(#14896,#14897,#14903,#14904));
#14896 = ORIENTED_EDGE('',*,*,#12162,.T.);
#14897 = ORIENTED_EDGE('',*,*,#14898,.T.);
#14898 = EDGE_CURVE('',#12163,#13509,#14899,.T.);
#14899 = LINE('',#14900,#14901);
#14900 = CARTESIAN_POINT('',(91.44,-124.86,-4.6E-02));
#14901 = VECTOR('',#14902,1.);
#14902 = DIRECTION('',(0.,0.,1.));
#14903 = ORIENTED_EDGE('',*,*,#13508,.F.);
#14904 = ORIENTED_EDGE('',*,*,#14898,.F.);
#14905 = CYLINDRICAL_SURFACE('',#14906,0.4);
#14906 = AXIS2_PLACEMENT_3D('',#14907,#14908,#14909);
#14907 = CARTESIAN_POINT('',(91.44,-124.46,-4.6E-02));
#14908 = DIRECTION('',(-0.,-0.,-1.));
#14909 = DIRECTION('',(-0.,-1.,0.));
#14910 = ADVANCED_FACE('',(#14911),#14922,.F.);
#14911 = FACE_BOUND('',#14912,.T.);
#14912 = EDGE_LOOP('',(#14913,#14914,#14920,#14921));
#14913 = ORIENTED_EDGE('',*,*,#12173,.T.);
#14914 = ORIENTED_EDGE('',*,*,#14915,.T.);
#14915 = EDGE_CURVE('',#12174,#13520,#14916,.T.);
#14916 = LINE('',#14917,#14918);
#14917 = CARTESIAN_POINT('',(99.06,-132.58,-4.6E-02));
#14918 = VECTOR('',#14919,1.);
#14919 = DIRECTION('',(0.,0.,1.));
#14920 = ORIENTED_EDGE('',*,*,#13519,.F.);
#14921 = ORIENTED_EDGE('',*,*,#14915,.F.);
#14922 = CYLINDRICAL_SURFACE('',#14923,0.5);
#14923 = AXIS2_PLACEMENT_3D('',#14924,#14925,#14926);
#14924 = CARTESIAN_POINT('',(99.06,-132.08,-4.6E-02));
#14925 = DIRECTION('',(-0.,-0.,-1.));
#14926 = DIRECTION('',(-0.,-1.,0.));
#14927 = ADVANCED_FACE('',(#14928),#14939,.F.);
#14928 = FACE_BOUND('',#14929,.T.);
#14929 = EDGE_LOOP('',(#14930,#14931,#14937,#14938));
#14930 = ORIENTED_EDGE('',*,*,#12184,.T.);
#14931 = ORIENTED_EDGE('',*,*,#14932,.T.);
#14932 = EDGE_CURVE('',#12185,#13531,#14933,.T.);
#14933 = LINE('',#14934,#14935);
#14934 = CARTESIAN_POINT('',(99.06,-130.04,-4.6E-02));
#14935 = VECTOR('',#14936,1.);
#14936 = DIRECTION('',(0.,0.,1.));
#14937 = ORIENTED_EDGE('',*,*,#13530,.F.);
#14938 = ORIENTED_EDGE('',*,*,#14932,.F.);
#14939 = CYLINDRICAL_SURFACE('',#14940,0.5);
#14940 = AXIS2_PLACEMENT_3D('',#14941,#14942,#14943);
#14941 = CARTESIAN_POINT('',(99.06,-129.54,-4.6E-02));
#14942 = DIRECTION('',(-0.,-0.,-1.));
#14943 = DIRECTION('',(-0.,-1.,0.));
#14944 = ADVANCED_FACE('',(#14945),#14956,.F.);
#14945 = FACE_BOUND('',#14946,.T.);
#14946 = EDGE_LOOP('',(#14947,#14948,#14954,#14955));
#14947 = ORIENTED_EDGE('',*,*,#12195,.T.);
#14948 = ORIENTED_EDGE('',*,*,#14949,.T.);
#14949 = EDGE_CURVE('',#12196,#13542,#14950,.T.);
#14950 = LINE('',#14951,#14952);
#14951 = CARTESIAN_POINT('',(99.06,-127.5,-4.6E-02));
#14952 = VECTOR('',#14953,1.);
#14953 = DIRECTION('',(0.,0.,1.));
#14954 = ORIENTED_EDGE('',*,*,#13541,.F.);
#14955 = ORIENTED_EDGE('',*,*,#14949,.F.);
#14956 = CYLINDRICAL_SURFACE('',#14957,0.5);
#14957 = AXIS2_PLACEMENT_3D('',#14958,#14959,#14960);
#14958 = CARTESIAN_POINT('',(99.06,-127.,-4.6E-02));
#14959 = DIRECTION('',(-0.,-0.,-1.));
#14960 = DIRECTION('',(-0.,-1.,0.));
#14961 = ADVANCED_FACE('',(#14962),#14973,.F.);
#14962 = FACE_BOUND('',#14963,.T.);
#14963 = EDGE_LOOP('',(#14964,#14965,#14971,#14972));
#14964 = ORIENTED_EDGE('',*,*,#12206,.T.);
#14965 = ORIENTED_EDGE('',*,*,#14966,.T.);
#14966 = EDGE_CURVE('',#12207,#13553,#14967,.T.);
#14967 = LINE('',#14968,#14969);
#14968 = CARTESIAN_POINT('',(99.06,-124.96,-4.6E-02));
#14969 = VECTOR('',#14970,1.);
#14970 = DIRECTION('',(0.,0.,1.));
#14971 = ORIENTED_EDGE('',*,*,#13552,.F.);
#14972 = ORIENTED_EDGE('',*,*,#14966,.F.);
#14973 = CYLINDRICAL_SURFACE('',#14974,0.5);
#14974 = AXIS2_PLACEMENT_3D('',#14975,#14976,#14977);
#14975 = CARTESIAN_POINT('',(99.06,-124.46,-4.6E-02));
#14976 = DIRECTION('',(-0.,-0.,-1.));
#14977 = DIRECTION('',(-0.,-1.,0.));
#14978 = ADVANCED_FACE('',(#14979),#14990,.F.);
#14979 = FACE_BOUND('',#14980,.T.);
#14980 = EDGE_LOOP('',(#14981,#14982,#14988,#14989));
#14981 = ORIENTED_EDGE('',*,*,#12217,.T.);
#14982 = ORIENTED_EDGE('',*,*,#14983,.T.);
#14983 = EDGE_CURVE('',#12218,#13564,#14984,.T.);
#14984 = LINE('',#14985,#14986);
#14985 = CARTESIAN_POINT('',(99.06,-122.42,-4.6E-02));
#14986 = VECTOR('',#14987,1.);
#14987 = DIRECTION('',(0.,0.,1.));
#14988 = ORIENTED_EDGE('',*,*,#13563,.F.);
#14989 = ORIENTED_EDGE('',*,*,#14983,.F.);
#14990 = CYLINDRICAL_SURFACE('',#14991,0.5);
#14991 = AXIS2_PLACEMENT_3D('',#14992,#14993,#14994);
#14992 = CARTESIAN_POINT('',(99.06,-121.92,-4.6E-02));
#14993 = DIRECTION('',(-0.,-0.,-1.));
#14994 = DIRECTION('',(-0.,-1.,0.));
#14995 = ADVANCED_FACE('',(#14996),#15007,.F.);
#14996 = FACE_BOUND('',#14997,.T.);
#14997 = EDGE_LOOP('',(#14998,#14999,#15005,#15006));
#14998 = ORIENTED_EDGE('',*,*,#12228,.T.);
#14999 = ORIENTED_EDGE('',*,*,#15000,.T.);
#15000 = EDGE_CURVE('',#12229,#13575,#15001,.T.);
#15001 = LINE('',#15002,#15003);
#15002 = CARTESIAN_POINT('',(99.06,-119.88,-4.6E-02));
#15003 = VECTOR('',#15004,1.);
#15004 = DIRECTION('',(0.,0.,1.));
#15005 = ORIENTED_EDGE('',*,*,#13574,.F.);
#15006 = ORIENTED_EDGE('',*,*,#15000,.F.);
#15007 = CYLINDRICAL_SURFACE('',#15008,0.5);
#15008 = AXIS2_PLACEMENT_3D('',#15009,#15010,#15011);
#15009 = CARTESIAN_POINT('',(99.06,-119.38,-4.6E-02));
#15010 = DIRECTION('',(-0.,-0.,-1.));
#15011 = DIRECTION('',(-0.,-1.,0.));
#15012 = ADVANCED_FACE('',(#15013),#15024,.F.);
#15013 = FACE_BOUND('',#15014,.T.);
#15014 = EDGE_LOOP('',(#15015,#15016,#15022,#15023));
#15015 = ORIENTED_EDGE('',*,*,#12239,.T.);
#15016 = ORIENTED_EDGE('',*,*,#15017,.T.);
#15017 = EDGE_CURVE('',#12240,#13586,#15018,.T.);
#15018 = LINE('',#15019,#15020);
#15019 = CARTESIAN_POINT('',(73.66,-114.75,-4.6E-02));
#15020 = VECTOR('',#15021,1.);
#15021 = DIRECTION('',(0.,0.,1.));
#15022 = ORIENTED_EDGE('',*,*,#13585,.F.);
#15023 = ORIENTED_EDGE('',*,*,#15017,.F.);
#15024 = CYLINDRICAL_SURFACE('',#15025,0.45);
#15025 = AXIS2_PLACEMENT_3D('',#15026,#15027,#15028);
#15026 = CARTESIAN_POINT('',(73.66,-114.3,-4.6E-02));
#15027 = DIRECTION('',(-0.,-0.,-1.));
#15028 = DIRECTION('',(-0.,-1.,0.));
#15029 = ADVANCED_FACE('',(#15030),#15041,.F.);
#15030 = FACE_BOUND('',#15031,.T.);
#15031 = EDGE_LOOP('',(#15032,#15033,#15039,#15040));
#15032 = ORIENTED_EDGE('',*,*,#12250,.T.);
#15033 = ORIENTED_EDGE('',*,*,#15034,.T.);
#15034 = EDGE_CURVE('',#12251,#13597,#15035,.T.);
#15035 = LINE('',#15036,#15037);
#15036 = CARTESIAN_POINT('',(76.2,-114.75,-4.6E-02));
#15037 = VECTOR('',#15038,1.);
#15038 = DIRECTION('',(0.,0.,1.));
#15039 = ORIENTED_EDGE('',*,*,#13596,.F.);
#15040 = ORIENTED_EDGE('',*,*,#15034,.F.);
#15041 = CYLINDRICAL_SURFACE('',#15042,0.45);
#15042 = AXIS2_PLACEMENT_3D('',#15043,#15044,#15045);
#15043 = CARTESIAN_POINT('',(76.2,-114.3,-4.6E-02));
#15044 = DIRECTION('',(-0.,-0.,-1.));
#15045 = DIRECTION('',(-0.,-1.,0.));
#15046 = ADVANCED_FACE('',(#15047),#15058,.F.);
#15047 = FACE_BOUND('',#15048,.T.);
#15048 = EDGE_LOOP('',(#15049,#15050,#15056,#15057));
#15049 = ORIENTED_EDGE('',*,*,#12261,.T.);
#15050 = ORIENTED_EDGE('',*,*,#15051,.T.);
#15051 = EDGE_CURVE('',#12262,#13608,#15052,.T.);
#15052 = LINE('',#15053,#15054);
#15053 = CARTESIAN_POINT('',(81.28,-114.7,-4.6E-02));
#15054 = VECTOR('',#15055,1.);
#15055 = DIRECTION('',(0.,0.,1.));
#15056 = ORIENTED_EDGE('',*,*,#13607,.F.);
#15057 = ORIENTED_EDGE('',*,*,#15051,.F.);
#15058 = CYLINDRICAL_SURFACE('',#15059,0.4);
#15059 = AXIS2_PLACEMENT_3D('',#15060,#15061,#15062);
#15060 = CARTESIAN_POINT('',(81.28,-114.3,-4.6E-02));
#15061 = DIRECTION('',(-0.,-0.,-1.));
#15062 = DIRECTION('',(-0.,-1.,0.));
#15063 = ADVANCED_FACE('',(#15064),#15075,.F.);
#15064 = FACE_BOUND('',#15065,.T.);
#15065 = EDGE_LOOP('',(#15066,#15067,#15073,#15074));
#15066 = ORIENTED_EDGE('',*,*,#12272,.T.);
#15067 = ORIENTED_EDGE('',*,*,#15068,.T.);
#15068 = EDGE_CURVE('',#12273,#13619,#15069,.T.);
#15069 = LINE('',#15070,#15071);
#15070 = CARTESIAN_POINT('',(91.44,-114.7,-4.6E-02));
#15071 = VECTOR('',#15072,1.);
#15072 = DIRECTION('',(0.,0.,1.));
#15073 = ORIENTED_EDGE('',*,*,#13618,.F.);
#15074 = ORIENTED_EDGE('',*,*,#15068,.F.);
#15075 = CYLINDRICAL_SURFACE('',#15076,0.4);
#15076 = AXIS2_PLACEMENT_3D('',#15077,#15078,#15079);
#15077 = CARTESIAN_POINT('',(91.44,-114.3,-4.6E-02));
#15078 = DIRECTION('',(-0.,-0.,-1.));
#15079 = DIRECTION('',(-0.,-1.,0.));
#15080 = ADVANCED_FACE('',(#15081),#15092,.F.);
#15081 = FACE_BOUND('',#15082,.T.);
#15082 = EDGE_LOOP('',(#15083,#15084,#15090,#15091));
#15083 = ORIENTED_EDGE('',*,*,#12283,.T.);
#15084 = ORIENTED_EDGE('',*,*,#15085,.T.);
#15085 = EDGE_CURVE('',#12284,#13630,#15086,.T.);
#15086 = LINE('',#15087,#15088);
#15087 = CARTESIAN_POINT('',(99.06,-117.34,-4.6E-02));
#15088 = VECTOR('',#15089,1.);
#15089 = DIRECTION('',(0.,0.,1.));
#15090 = ORIENTED_EDGE('',*,*,#13629,.F.);
#15091 = ORIENTED_EDGE('',*,*,#15085,.F.);
#15092 = CYLINDRICAL_SURFACE('',#15093,0.5);
#15093 = AXIS2_PLACEMENT_3D('',#15094,#15095,#15096);
#15094 = CARTESIAN_POINT('',(99.06,-116.84,-4.6E-02));
#15095 = DIRECTION('',(-0.,-0.,-1.));
#15096 = DIRECTION('',(-0.,-1.,0.));
#15097 = ADVANCED_FACE('',(#15098),#15109,.F.);
#15098 = FACE_BOUND('',#15099,.T.);
#15099 = EDGE_LOOP('',(#15100,#15101,#15107,#15108));
#15100 = ORIENTED_EDGE('',*,*,#12294,.T.);
#15101 = ORIENTED_EDGE('',*,*,#15102,.T.);
#15102 = EDGE_CURVE('',#12295,#13641,#15103,.T.);
#15103 = LINE('',#15104,#15105);
#15104 = CARTESIAN_POINT('',(99.06,-114.8,-4.6E-02));
#15105 = VECTOR('',#15106,1.);
#15106 = DIRECTION('',(0.,0.,1.));
#15107 = ORIENTED_EDGE('',*,*,#13640,.F.);
#15108 = ORIENTED_EDGE('',*,*,#15102,.F.);
#15109 = CYLINDRICAL_SURFACE('',#15110,0.5);
#15110 = AXIS2_PLACEMENT_3D('',#15111,#15112,#15113);
#15111 = CARTESIAN_POINT('',(99.06,-114.3,-4.6E-02));
#15112 = DIRECTION('',(-0.,-0.,-1.));
#15113 = DIRECTION('',(-0.,-1.,0.));
#15114 = ADVANCED_FACE('',(#15115),#15126,.F.);
#15115 = FACE_BOUND('',#15116,.T.);
#15116 = EDGE_LOOP('',(#15117,#15118,#15124,#15125));
#15117 = ORIENTED_EDGE('',*,*,#12305,.T.);
#15118 = ORIENTED_EDGE('',*,*,#15119,.T.);
#15119 = EDGE_CURVE('',#12306,#13652,#15120,.T.);
#15120 = LINE('',#15121,#15122);
#15121 = CARTESIAN_POINT('',(99.06,-112.26,-4.6E-02));
#15122 = VECTOR('',#15123,1.);
#15123 = DIRECTION('',(0.,0.,1.));
#15124 = ORIENTED_EDGE('',*,*,#13651,.F.);
#15125 = ORIENTED_EDGE('',*,*,#15119,.F.);
#15126 = CYLINDRICAL_SURFACE('',#15127,0.5);
#15127 = AXIS2_PLACEMENT_3D('',#15128,#15129,#15130);
#15128 = CARTESIAN_POINT('',(99.06,-111.76,-4.6E-02));
#15129 = DIRECTION('',(-0.,-0.,-1.));
#15130 = DIRECTION('',(-0.,-1.,0.));
#15131 = ADVANCED_FACE('',(#15132),#15143,.F.);
#15132 = FACE_BOUND('',#15133,.T.);
#15133 = EDGE_LOOP('',(#15134,#15135,#15141,#15142));
#15134 = ORIENTED_EDGE('',*,*,#12316,.T.);
#15135 = ORIENTED_EDGE('',*,*,#15136,.T.);
#15136 = EDGE_CURVE('',#12317,#13663,#15137,.T.);
#15137 = LINE('',#15138,#15139);
#15138 = CARTESIAN_POINT('',(99.06,-109.72,-4.6E-02));
#15139 = VECTOR('',#15140,1.);
#15140 = DIRECTION('',(0.,0.,1.));
#15141 = ORIENTED_EDGE('',*,*,#13662,.F.);
#15142 = ORIENTED_EDGE('',*,*,#15136,.F.);
#15143 = CYLINDRICAL_SURFACE('',#15144,0.5);
#15144 = AXIS2_PLACEMENT_3D('',#15145,#15146,#15147);
#15145 = CARTESIAN_POINT('',(99.06,-109.22,-4.6E-02));
#15146 = DIRECTION('',(-0.,-0.,-1.));
#15147 = DIRECTION('',(-0.,-1.,0.));
#15148 = ADVANCED_FACE('',(#15149),#15160,.F.);
#15149 = FACE_BOUND('',#15150,.T.);
#15150 = EDGE_LOOP('',(#15151,#15152,#15158,#15159));
#15151 = ORIENTED_EDGE('',*,*,#12327,.T.);
#15152 = ORIENTED_EDGE('',*,*,#15153,.T.);
#15153 = EDGE_CURVE('',#12328,#13674,#15154,.T.);
#15154 = LINE('',#15155,#15156);
#15155 = CARTESIAN_POINT('',(99.06,-107.18,-4.6E-02));
#15156 = VECTOR('',#15157,1.);
#15157 = DIRECTION('',(0.,0.,1.));
#15158 = ORIENTED_EDGE('',*,*,#13673,.F.);
#15159 = ORIENTED_EDGE('',*,*,#15153,.F.);
#15160 = CYLINDRICAL_SURFACE('',#15161,0.5);
#15161 = AXIS2_PLACEMENT_3D('',#15162,#15163,#15164);
#15162 = CARTESIAN_POINT('',(99.06,-106.68,-4.6E-02));
#15163 = DIRECTION('',(-0.,-0.,-1.));
#15164 = DIRECTION('',(-0.,-1.,0.));
#15165 = ADVANCED_FACE('',(#15166),#15177,.F.);
#15166 = FACE_BOUND('',#15167,.T.);
#15167 = EDGE_LOOP('',(#15168,#15169,#15175,#15176));
#15168 = ORIENTED_EDGE('',*,*,#12338,.T.);
#15169 = ORIENTED_EDGE('',*,*,#15170,.T.);
#15170 = EDGE_CURVE('',#12339,#13685,#15171,.T.);
#15171 = LINE('',#15172,#15173);
#15172 = CARTESIAN_POINT('',(99.06,-104.64,-4.6E-02));
#15173 = VECTOR('',#15174,1.);
#15174 = DIRECTION('',(0.,0.,1.));
#15175 = ORIENTED_EDGE('',*,*,#13684,.F.);
#15176 = ORIENTED_EDGE('',*,*,#15170,.F.);
#15177 = CYLINDRICAL_SURFACE('',#15178,0.5);
#15178 = AXIS2_PLACEMENT_3D('',#15179,#15180,#15181);
#15179 = CARTESIAN_POINT('',(99.06,-104.14,-4.6E-02));
#15180 = DIRECTION('',(-0.,-0.,-1.));
#15181 = DIRECTION('',(-0.,-1.,0.));
#15182 = ADVANCED_FACE('',(#15183),#15194,.F.);
#15183 = FACE_BOUND('',#15184,.T.);
#15184 = EDGE_LOOP('',(#15185,#15186,#15192,#15193));
#15185 = ORIENTED_EDGE('',*,*,#12349,.T.);
#15186 = ORIENTED_EDGE('',*,*,#15187,.T.);
#15187 = EDGE_CURVE('',#12350,#13696,#15188,.T.);
#15188 = LINE('',#15189,#15190);
#15189 = CARTESIAN_POINT('',(99.06,-102.1,-4.6E-02));
#15190 = VECTOR('',#15191,1.);
#15191 = DIRECTION('',(0.,0.,1.));
#15192 = ORIENTED_EDGE('',*,*,#13695,.F.);
#15193 = ORIENTED_EDGE('',*,*,#15187,.F.);
#15194 = CYLINDRICAL_SURFACE('',#15195,0.5);
#15195 = AXIS2_PLACEMENT_3D('',#15196,#15197,#15198);
#15196 = CARTESIAN_POINT('',(99.06,-101.6,-4.6E-02));
#15197 = DIRECTION('',(-0.,-0.,-1.));
#15198 = DIRECTION('',(-0.,-1.,0.));
#15199 = ADVANCED_FACE('',(#15200),#15211,.F.);
#15200 = FACE_BOUND('',#15201,.T.);
#15201 = EDGE_LOOP('',(#15202,#15203,#15209,#15210));
#15202 = ORIENTED_EDGE('',*,*,#12360,.T.);
#15203 = ORIENTED_EDGE('',*,*,#15204,.T.);
#15204 = EDGE_CURVE('',#12361,#13707,#15205,.T.);
#15205 = LINE('',#15206,#15207);
#15206 = CARTESIAN_POINT('',(99.06,-99.56,-4.6E-02));
#15207 = VECTOR('',#15208,1.);
#15208 = DIRECTION('',(0.,0.,1.));
#15209 = ORIENTED_EDGE('',*,*,#13706,.F.);
#15210 = ORIENTED_EDGE('',*,*,#15204,.F.);
#15211 = CYLINDRICAL_SURFACE('',#15212,0.5);
#15212 = AXIS2_PLACEMENT_3D('',#15213,#15214,#15215);
#15213 = CARTESIAN_POINT('',(99.06,-99.06,-4.6E-02));
#15214 = DIRECTION('',(-0.,-0.,-1.));
#15215 = DIRECTION('',(-0.,-1.,0.));
#15216 = ADVANCED_FACE('',(#15217),#15228,.F.);
#15217 = FACE_BOUND('',#15218,.T.);
#15218 = EDGE_LOOP('',(#15219,#15220,#15226,#15227));
#15219 = ORIENTED_EDGE('',*,*,#12371,.T.);
#15220 = ORIENTED_EDGE('',*,*,#15221,.T.);
#15221 = EDGE_CURVE('',#12372,#13718,#15222,.T.);
#15222 = LINE('',#15223,#15224);
#15223 = CARTESIAN_POINT('',(99.06,-97.02,-4.6E-02));
#15224 = VECTOR('',#15225,1.);
#15225 = DIRECTION('',(0.,0.,1.));
#15226 = ORIENTED_EDGE('',*,*,#13717,.F.);
#15227 = ORIENTED_EDGE('',*,*,#15221,.F.);
#15228 = CYLINDRICAL_SURFACE('',#15229,0.5);
#15229 = AXIS2_PLACEMENT_3D('',#15230,#15231,#15232);
#15230 = CARTESIAN_POINT('',(99.06,-96.52,-4.6E-02));
#15231 = DIRECTION('',(-0.,-0.,-1.));
#15232 = DIRECTION('',(-0.,-1.,0.));
#15233 = ADVANCED_FACE('',(#15234),#15245,.F.);
#15234 = FACE_BOUND('',#15235,.T.);
#15235 = EDGE_LOOP('',(#15236,#15237,#15243,#15244));
#15236 = ORIENTED_EDGE('',*,*,#12382,.T.);
#15237 = ORIENTED_EDGE('',*,*,#15238,.T.);
#15238 = EDGE_CURVE('',#12383,#13729,#15239,.T.);
#15239 = LINE('',#15240,#15241);
#15240 = CARTESIAN_POINT('',(124.46,-132.58,-4.6E-02));
#15241 = VECTOR('',#15242,1.);
#15242 = DIRECTION('',(0.,0.,1.));
#15243 = ORIENTED_EDGE('',*,*,#13728,.F.);
#15244 = ORIENTED_EDGE('',*,*,#15238,.F.);
#15245 = CYLINDRICAL_SURFACE('',#15246,0.5);
#15246 = AXIS2_PLACEMENT_3D('',#15247,#15248,#15249);
#15247 = CARTESIAN_POINT('',(124.46,-132.08,-4.6E-02));
#15248 = DIRECTION('',(-0.,-0.,-1.));
#15249 = DIRECTION('',(-0.,-1.,0.));
#15250 = ADVANCED_FACE('',(#15251),#15262,.F.);
#15251 = FACE_BOUND('',#15252,.T.);
#15252 = EDGE_LOOP('',(#15253,#15254,#15260,#15261));
#15253 = ORIENTED_EDGE('',*,*,#12393,.T.);
#15254 = ORIENTED_EDGE('',*,*,#15255,.T.);
#15255 = EDGE_CURVE('',#12394,#13740,#15256,.T.);
#15256 = LINE('',#15257,#15258);
#15257 = CARTESIAN_POINT('',(124.46,-130.04,-4.6E-02));
#15258 = VECTOR('',#15259,1.);
#15259 = DIRECTION('',(0.,0.,1.));
#15260 = ORIENTED_EDGE('',*,*,#13739,.F.);
#15261 = ORIENTED_EDGE('',*,*,#15255,.F.);
#15262 = CYLINDRICAL_SURFACE('',#15263,0.5);
#15263 = AXIS2_PLACEMENT_3D('',#15264,#15265,#15266);
#15264 = CARTESIAN_POINT('',(124.46,-129.54,-4.6E-02));
#15265 = DIRECTION('',(-0.,-0.,-1.));
#15266 = DIRECTION('',(-0.,-1.,0.));
#15267 = ADVANCED_FACE('',(#15268),#15279,.F.);
#15268 = FACE_BOUND('',#15269,.T.);
#15269 = EDGE_LOOP('',(#15270,#15271,#15277,#15278));
#15270 = ORIENTED_EDGE('',*,*,#12404,.T.);
#15271 = ORIENTED_EDGE('',*,*,#15272,.T.);
#15272 = EDGE_CURVE('',#12405,#13751,#15273,.T.);
#15273 = LINE('',#15274,#15275);
#15274 = CARTESIAN_POINT('',(124.46,-127.5,-4.6E-02));
#15275 = VECTOR('',#15276,1.);
#15276 = DIRECTION('',(0.,0.,1.));
#15277 = ORIENTED_EDGE('',*,*,#13750,.F.);
#15278 = ORIENTED_EDGE('',*,*,#15272,.F.);
#15279 = CYLINDRICAL_SURFACE('',#15280,0.5);
#15280 = AXIS2_PLACEMENT_3D('',#15281,#15282,#15283);
#15281 = CARTESIAN_POINT('',(124.46,-127.,-4.6E-02));
#15282 = DIRECTION('',(-0.,-0.,-1.));
#15283 = DIRECTION('',(-0.,-1.,0.));
#15284 = ADVANCED_FACE('',(#15285),#15296,.F.);
#15285 = FACE_BOUND('',#15286,.T.);
#15286 = EDGE_LOOP('',(#15287,#15288,#15294,#15295));
#15287 = ORIENTED_EDGE('',*,*,#12415,.T.);
#15288 = ORIENTED_EDGE('',*,*,#15289,.T.);
#15289 = EDGE_CURVE('',#12416,#13762,#15290,.T.);
#15290 = LINE('',#15291,#15292);
#15291 = CARTESIAN_POINT('',(132.08,-127.6,-4.6E-02));
#15292 = VECTOR('',#15293,1.);
#15293 = DIRECTION('',(0.,0.,1.));
#15294 = ORIENTED_EDGE('',*,*,#13761,.F.);
#15295 = ORIENTED_EDGE('',*,*,#15289,.F.);
#15296 = CYLINDRICAL_SURFACE('',#15297,0.6);
#15297 = AXIS2_PLACEMENT_3D('',#15298,#15299,#15300);
#15298 = CARTESIAN_POINT('',(132.08,-127.,-4.6E-02));
#15299 = DIRECTION('',(-0.,0.,-1.));
#15300 = DIRECTION('',(4.736951571734E-14,-1.,-0.));
#15301 = ADVANCED_FACE('',(#15302),#15313,.F.);
#15302 = FACE_BOUND('',#15303,.T.);
#15303 = EDGE_LOOP('',(#15304,#15305,#15311,#15312));
#15304 = ORIENTED_EDGE('',*,*,#12426,.T.);
#15305 = ORIENTED_EDGE('',*,*,#15306,.T.);
#15306 = EDGE_CURVE('',#12427,#13773,#15307,.T.);
#15307 = LINE('',#15308,#15309);
#15308 = CARTESIAN_POINT('',(124.46,-124.96,-4.6E-02));
#15309 = VECTOR('',#15310,1.);
#15310 = DIRECTION('',(0.,0.,1.));
#15311 = ORIENTED_EDGE('',*,*,#13772,.F.);
#15312 = ORIENTED_EDGE('',*,*,#15306,.F.);
#15313 = CYLINDRICAL_SURFACE('',#15314,0.5);
#15314 = AXIS2_PLACEMENT_3D('',#15315,#15316,#15317);
#15315 = CARTESIAN_POINT('',(124.46,-124.46,-4.6E-02));
#15316 = DIRECTION('',(-0.,-0.,-1.));
#15317 = DIRECTION('',(-0.,-1.,0.));
#15318 = ADVANCED_FACE('',(#15319),#15330,.F.);
#15319 = FACE_BOUND('',#15320,.T.);
#15320 = EDGE_LOOP('',(#15321,#15322,#15328,#15329));
#15321 = ORIENTED_EDGE('',*,*,#12437,.T.);
#15322 = ORIENTED_EDGE('',*,*,#15323,.T.);
#15323 = EDGE_CURVE('',#12438,#13784,#15324,.T.);
#15324 = LINE('',#15325,#15326);
#15325 = CARTESIAN_POINT('',(124.46,-122.42,-4.6E-02));
#15326 = VECTOR('',#15327,1.);
#15327 = DIRECTION('',(0.,0.,1.));
#15328 = ORIENTED_EDGE('',*,*,#13783,.F.);
#15329 = ORIENTED_EDGE('',*,*,#15323,.F.);
#15330 = CYLINDRICAL_SURFACE('',#15331,0.5);
#15331 = AXIS2_PLACEMENT_3D('',#15332,#15333,#15334);
#15332 = CARTESIAN_POINT('',(124.46,-121.92,-4.6E-02));
#15333 = DIRECTION('',(-0.,-0.,-1.));
#15334 = DIRECTION('',(-0.,-1.,0.));
#15335 = ADVANCED_FACE('',(#15336),#15347,.F.);
#15336 = FACE_BOUND('',#15337,.T.);
#15337 = EDGE_LOOP('',(#15338,#15339,#15345,#15346));
#15338 = ORIENTED_EDGE('',*,*,#12448,.T.);
#15339 = ORIENTED_EDGE('',*,*,#15340,.T.);
#15340 = EDGE_CURVE('',#12449,#13795,#15341,.T.);
#15341 = LINE('',#15342,#15343);
#15342 = CARTESIAN_POINT('',(124.46,-119.88,-4.6E-02));
#15343 = VECTOR('',#15344,1.);
#15344 = DIRECTION('',(0.,0.,1.));
#15345 = ORIENTED_EDGE('',*,*,#13794,.F.);
#15346 = ORIENTED_EDGE('',*,*,#15340,.F.);
#15347 = CYLINDRICAL_SURFACE('',#15348,0.5);
#15348 = AXIS2_PLACEMENT_3D('',#15349,#15350,#15351);
#15349 = CARTESIAN_POINT('',(124.46,-119.38,-4.6E-02));
#15350 = DIRECTION('',(-0.,-0.,-1.));
#15351 = DIRECTION('',(-0.,-1.,0.));
#15352 = ADVANCED_FACE('',(#15353),#15364,.F.);
#15353 = FACE_BOUND('',#15354,.T.);
#15354 = EDGE_LOOP('',(#15355,#15356,#15362,#15363));
#15355 = ORIENTED_EDGE('',*,*,#12459,.T.);
#15356 = ORIENTED_EDGE('',*,*,#15357,.T.);
#15357 = EDGE_CURVE('',#12460,#13806,#15358,.T.);
#15358 = LINE('',#15359,#15360);
#15359 = CARTESIAN_POINT('',(139.695,-127.375,-4.6E-02));
#15360 = VECTOR('',#15361,1.);
#15361 = DIRECTION('',(0.,0.,1.));
#15362 = ORIENTED_EDGE('',*,*,#13805,.F.);
#15363 = ORIENTED_EDGE('',*,*,#15357,.F.);
#15364 = CYLINDRICAL_SURFACE('',#15365,0.375);
#15365 = AXIS2_PLACEMENT_3D('',#15366,#15367,#15368);
#15366 = CARTESIAN_POINT('',(139.695,-127.,-4.6E-02));
#15367 = DIRECTION('',(-0.,-0.,-1.));
#15368 = DIRECTION('',(-0.,-1.,0.));
#15369 = ADVANCED_FACE('',(#15370),#15381,.F.);
#15370 = FACE_BOUND('',#15371,.T.);
#15371 = EDGE_LOOP('',(#15372,#15373,#15379,#15380));
#15372 = ORIENTED_EDGE('',*,*,#12470,.T.);
#15373 = ORIENTED_EDGE('',*,*,#15374,.T.);
#15374 = EDGE_CURVE('',#12471,#13817,#15375,.T.);
#15375 = LINE('',#15376,#15377);
#15376 = CARTESIAN_POINT('',(138.51,-122.32,-4.6E-02));
#15377 = VECTOR('',#15378,1.);
#15378 = DIRECTION('',(0.,0.,1.));
#15379 = ORIENTED_EDGE('',*,*,#13816,.F.);
#15380 = ORIENTED_EDGE('',*,*,#15374,.F.);
#15381 = CYLINDRICAL_SURFACE('',#15382,0.4);
#15382 = AXIS2_PLACEMENT_3D('',#15383,#15384,#15385);
#15383 = CARTESIAN_POINT('',(138.51,-121.92,-4.6E-02));
#15384 = DIRECTION('',(-0.,-0.,-1.));
#15385 = DIRECTION('',(-0.,-1.,0.));
#15386 = ADVANCED_FACE('',(#15387),#15398,.F.);
#15387 = FACE_BOUND('',#15388,.T.);
#15388 = EDGE_LOOP('',(#15389,#15390,#15396,#15397));
#15389 = ORIENTED_EDGE('',*,*,#12481,.T.);
#15390 = ORIENTED_EDGE('',*,*,#15391,.T.);
#15391 = EDGE_CURVE('',#12482,#13828,#15392,.T.);
#15392 = LINE('',#15393,#15394);
#15393 = CARTESIAN_POINT('',(167.64,-142.57,-4.6E-02));
#15394 = VECTOR('',#15395,1.);
#15395 = DIRECTION('',(0.,0.,1.));
#15396 = ORIENTED_EDGE('',*,*,#13827,.F.);
#15397 = ORIENTED_EDGE('',*,*,#15391,.F.);
#15398 = CYLINDRICAL_SURFACE('',#15399,1.6);
#15399 = AXIS2_PLACEMENT_3D('',#15400,#15401,#15402);
#15400 = CARTESIAN_POINT('',(167.64,-140.97,-4.6E-02));
#15401 = DIRECTION('',(-0.,-0.,-1.));
#15402 = DIRECTION('',(-0.,-1.,0.));
#15403 = ADVANCED_FACE('',(#15404),#15415,.F.);
#15404 = FACE_BOUND('',#15405,.T.);
#15405 = EDGE_LOOP('',(#15406,#15407,#15413,#15414));
#15406 = ORIENTED_EDGE('',*,*,#12492,.T.);
#15407 = ORIENTED_EDGE('',*,*,#15408,.T.);
#15408 = EDGE_CURVE('',#12493,#13839,#15409,.T.);
#15409 = LINE('',#15410,#15411);
#15410 = CARTESIAN_POINT('',(147.315,-127.375,-4.6E-02));
#15411 = VECTOR('',#15412,1.);
#15412 = DIRECTION('',(0.,0.,1.));
#15413 = ORIENTED_EDGE('',*,*,#13838,.F.);
#15414 = ORIENTED_EDGE('',*,*,#15408,.F.);
#15415 = CYLINDRICAL_SURFACE('',#15416,0.375);
#15416 = AXIS2_PLACEMENT_3D('',#15417,#15418,#15419);
#15417 = CARTESIAN_POINT('',(147.315,-127.,-4.6E-02));
#15418 = DIRECTION('',(-0.,-0.,-1.));
#15419 = DIRECTION('',(-0.,-1.,0.));
#15420 = ADVANCED_FACE('',(#15421),#15432,.F.);
#15421 = FACE_BOUND('',#15422,.T.);
#15422 = EDGE_LOOP('',(#15423,#15424,#15430,#15431));
#15423 = ORIENTED_EDGE('',*,*,#12503,.T.);
#15424 = ORIENTED_EDGE('',*,*,#15425,.T.);
#15425 = EDGE_CURVE('',#12504,#13850,#15426,.T.);
#15426 = LINE('',#15427,#15428);
#15427 = CARTESIAN_POINT('',(154.94,-127.6,-4.6E-02));
#15428 = VECTOR('',#15429,1.);
#15429 = DIRECTION('',(0.,0.,1.));
#15430 = ORIENTED_EDGE('',*,*,#13849,.F.);
#15431 = ORIENTED_EDGE('',*,*,#15425,.F.);
#15432 = CYLINDRICAL_SURFACE('',#15433,0.6);
#15433 = AXIS2_PLACEMENT_3D('',#15434,#15435,#15436);
#15434 = CARTESIAN_POINT('',(154.94,-127.,-4.6E-02));
#15435 = DIRECTION('',(-0.,-0.,-1.));
#15436 = DIRECTION('',(-0.,-1.,0.));
#15437 = ADVANCED_FACE('',(#15438),#15449,.F.);
#15438 = FACE_BOUND('',#15439,.T.);
#15439 = EDGE_LOOP('',(#15440,#15441,#15447,#15448));
#15440 = ORIENTED_EDGE('',*,*,#12514,.T.);
#15441 = ORIENTED_EDGE('',*,*,#15442,.T.);
#15442 = EDGE_CURVE('',#12515,#13861,#15443,.T.);
#15443 = LINE('',#15444,#15445);
#15444 = CARTESIAN_POINT('',(148.51,-122.32,-4.6E-02));
#15445 = VECTOR('',#15446,1.);
#15446 = DIRECTION('',(0.,0.,1.));
#15447 = ORIENTED_EDGE('',*,*,#13860,.F.);
#15448 = ORIENTED_EDGE('',*,*,#15442,.F.);
#15449 = CYLINDRICAL_SURFACE('',#15450,0.4);
#15450 = AXIS2_PLACEMENT_3D('',#15451,#15452,#15453);
#15451 = CARTESIAN_POINT('',(148.51,-121.92,-4.6E-02));
#15452 = DIRECTION('',(-0.,-0.,-1.));
#15453 = DIRECTION('',(-0.,-1.,0.));
#15454 = ADVANCED_FACE('',(#15455),#15466,.F.);
#15455 = FACE_BOUND('',#15456,.T.);
#15456 = EDGE_LOOP('',(#15457,#15458,#15464,#15465));
#15457 = ORIENTED_EDGE('',*,*,#12525,.T.);
#15458 = ORIENTED_EDGE('',*,*,#15459,.T.);
#15459 = EDGE_CURVE('',#12526,#13872,#15460,.T.);
#15460 = LINE('',#15461,#15462);
#15461 = CARTESIAN_POINT('',(124.46,-117.34,-4.6E-02));
#15462 = VECTOR('',#15463,1.);
#15463 = DIRECTION('',(0.,0.,1.));
#15464 = ORIENTED_EDGE('',*,*,#13871,.F.);
#15465 = ORIENTED_EDGE('',*,*,#15459,.F.);
#15466 = CYLINDRICAL_SURFACE('',#15467,0.5);
#15467 = AXIS2_PLACEMENT_3D('',#15468,#15469,#15470);
#15468 = CARTESIAN_POINT('',(124.46,-116.84,-4.6E-02));
#15469 = DIRECTION('',(-0.,-0.,-1.));
#15470 = DIRECTION('',(-0.,-1.,0.));
#15471 = ADVANCED_FACE('',(#15472),#15483,.F.);
#15472 = FACE_BOUND('',#15473,.T.);
#15473 = EDGE_LOOP('',(#15474,#15475,#15481,#15482));
#15474 = ORIENTED_EDGE('',*,*,#12536,.T.);
#15475 = ORIENTED_EDGE('',*,*,#15476,.T.);
#15476 = EDGE_CURVE('',#12537,#13883,#15477,.T.);
#15477 = LINE('',#15478,#15479);
#15478 = CARTESIAN_POINT('',(124.46,-114.8,-4.6E-02));
#15479 = VECTOR('',#15480,1.);
#15480 = DIRECTION('',(0.,0.,1.));
#15481 = ORIENTED_EDGE('',*,*,#13882,.F.);
#15482 = ORIENTED_EDGE('',*,*,#15476,.F.);
#15483 = CYLINDRICAL_SURFACE('',#15484,0.5);
#15484 = AXIS2_PLACEMENT_3D('',#15485,#15486,#15487);
#15485 = CARTESIAN_POINT('',(124.46,-114.3,-4.6E-02));
#15486 = DIRECTION('',(-0.,-0.,-1.));
#15487 = DIRECTION('',(-0.,-1.,0.));
#15488 = ADVANCED_FACE('',(#15489),#15500,.F.);
#15489 = FACE_BOUND('',#15490,.T.);
#15490 = EDGE_LOOP('',(#15491,#15492,#15498,#15499));
#15491 = ORIENTED_EDGE('',*,*,#12547,.T.);
#15492 = ORIENTED_EDGE('',*,*,#15493,.T.);
#15493 = EDGE_CURVE('',#12548,#13894,#15494,.T.);
#15494 = LINE('',#15495,#15496);
#15495 = CARTESIAN_POINT('',(124.46,-112.26,-4.6E-02));
#15496 = VECTOR('',#15497,1.);
#15497 = DIRECTION('',(0.,0.,1.));
#15498 = ORIENTED_EDGE('',*,*,#13893,.F.);
#15499 = ORIENTED_EDGE('',*,*,#15493,.F.);
#15500 = CYLINDRICAL_SURFACE('',#15501,0.5);
#15501 = AXIS2_PLACEMENT_3D('',#15502,#15503,#15504);
#15502 = CARTESIAN_POINT('',(124.46,-111.76,-4.6E-02));
#15503 = DIRECTION('',(-0.,-0.,-1.));
#15504 = DIRECTION('',(-0.,-1.,0.));
#15505 = ADVANCED_FACE('',(#15506),#15517,.F.);
#15506 = FACE_BOUND('',#15507,.T.);
#15507 = EDGE_LOOP('',(#15508,#15509,#15515,#15516));
#15508 = ORIENTED_EDGE('',*,*,#12558,.T.);
#15509 = ORIENTED_EDGE('',*,*,#15510,.T.);
#15510 = EDGE_CURVE('',#12559,#13905,#15511,.T.);
#15511 = LINE('',#15512,#15513);
#15512 = CARTESIAN_POINT('',(124.46,-109.72,-4.6E-02));
#15513 = VECTOR('',#15514,1.);
#15514 = DIRECTION('',(0.,0.,1.));
#15515 = ORIENTED_EDGE('',*,*,#13904,.F.);
#15516 = ORIENTED_EDGE('',*,*,#15510,.F.);
#15517 = CYLINDRICAL_SURFACE('',#15518,0.5);
#15518 = AXIS2_PLACEMENT_3D('',#15519,#15520,#15521);
#15519 = CARTESIAN_POINT('',(124.46,-109.22,-4.6E-02));
#15520 = DIRECTION('',(-0.,-0.,-1.));
#15521 = DIRECTION('',(-0.,-1.,0.));
#15522 = ADVANCED_FACE('',(#15523),#15534,.F.);
#15523 = FACE_BOUND('',#15524,.T.);
#15524 = EDGE_LOOP('',(#15525,#15526,#15532,#15533));
#15525 = ORIENTED_EDGE('',*,*,#12569,.T.);
#15526 = ORIENTED_EDGE('',*,*,#15527,.T.);
#15527 = EDGE_CURVE('',#12570,#13916,#15528,.T.);
#15528 = LINE('',#15529,#15530);
#15529 = CARTESIAN_POINT('',(124.46,-107.18,-4.6E-02));
#15530 = VECTOR('',#15531,1.);
#15531 = DIRECTION('',(0.,0.,1.));
#15532 = ORIENTED_EDGE('',*,*,#13915,.F.);
#15533 = ORIENTED_EDGE('',*,*,#15527,.F.);
#15534 = CYLINDRICAL_SURFACE('',#15535,0.5);
#15535 = AXIS2_PLACEMENT_3D('',#15536,#15537,#15538);
#15536 = CARTESIAN_POINT('',(124.46,-106.68,-4.6E-02));
#15537 = DIRECTION('',(-0.,-0.,-1.));
#15538 = DIRECTION('',(-0.,-1.,0.));
#15539 = ADVANCED_FACE('',(#15540),#15551,.F.);
#15540 = FACE_BOUND('',#15541,.T.);
#15541 = EDGE_LOOP('',(#15542,#15543,#15549,#15550));
#15542 = ORIENTED_EDGE('',*,*,#12580,.T.);
#15543 = ORIENTED_EDGE('',*,*,#15544,.T.);
#15544 = EDGE_CURVE('',#12581,#13927,#15545,.T.);
#15545 = LINE('',#15546,#15547);
#15546 = CARTESIAN_POINT('',(132.08,-112.36,-4.6E-02));
#15547 = VECTOR('',#15548,1.);
#15548 = DIRECTION('',(0.,0.,1.));
#15549 = ORIENTED_EDGE('',*,*,#13926,.F.);
#15550 = ORIENTED_EDGE('',*,*,#15544,.F.);
#15551 = CYLINDRICAL_SURFACE('',#15552,0.6);
#15552 = AXIS2_PLACEMENT_3D('',#15553,#15554,#15555);
#15553 = CARTESIAN_POINT('',(132.08,-111.76,-4.6E-02));
#15554 = DIRECTION('',(-0.,0.,-1.));
#15555 = DIRECTION('',(4.736951571734E-14,-1.,-0.));
#15556 = ADVANCED_FACE('',(#15557),#15568,.F.);
#15557 = FACE_BOUND('',#15558,.T.);
#15558 = EDGE_LOOP('',(#15559,#15560,#15566,#15567));
#15559 = ORIENTED_EDGE('',*,*,#12591,.T.);
#15560 = ORIENTED_EDGE('',*,*,#15561,.T.);
#15561 = EDGE_CURVE('',#12592,#13938,#15562,.T.);
#15562 = LINE('',#15563,#15564);
#15563 = CARTESIAN_POINT('',(141.07,-117.44,-4.6E-02));
#15564 = VECTOR('',#15565,1.);
#15565 = DIRECTION('',(0.,0.,1.));
#15566 = ORIENTED_EDGE('',*,*,#13937,.F.);
#15567 = ORIENTED_EDGE('',*,*,#15561,.F.);
#15568 = CYLINDRICAL_SURFACE('',#15569,0.5);
#15569 = AXIS2_PLACEMENT_3D('',#15570,#15571,#15572);
#15570 = CARTESIAN_POINT('',(141.07,-116.94,-4.6E-02));
#15571 = DIRECTION('',(-0.,-0.,-1.));
#15572 = DIRECTION('',(-0.,-1.,0.));
#15573 = ADVANCED_FACE('',(#15574),#15585,.F.);
#15574 = FACE_BOUND('',#15575,.T.);
#15575 = EDGE_LOOP('',(#15576,#15577,#15583,#15584));
#15576 = ORIENTED_EDGE('',*,*,#12602,.T.);
#15577 = ORIENTED_EDGE('',*,*,#15578,.T.);
#15578 = EDGE_CURVE('',#12603,#13949,#15579,.T.);
#15579 = LINE('',#15580,#15581);
#15580 = CARTESIAN_POINT('',(143.61,-117.44,-4.6E-02));
#15581 = VECTOR('',#15582,1.);
#15582 = DIRECTION('',(0.,0.,1.));
#15583 = ORIENTED_EDGE('',*,*,#13948,.F.);
#15584 = ORIENTED_EDGE('',*,*,#15578,.F.);
#15585 = CYLINDRICAL_SURFACE('',#15586,0.5);
#15586 = AXIS2_PLACEMENT_3D('',#15587,#15588,#15589);
#15587 = CARTESIAN_POINT('',(143.61,-116.94,-4.6E-02));
#15588 = DIRECTION('',(-0.,-0.,-1.));
#15589 = DIRECTION('',(-0.,-1.,0.));
#15590 = ADVANCED_FACE('',(#15591),#15602,.F.);
#15591 = FACE_BOUND('',#15592,.T.);
#15592 = EDGE_LOOP('',(#15593,#15594,#15600,#15601));
#15593 = ORIENTED_EDGE('',*,*,#12613,.T.);
#15594 = ORIENTED_EDGE('',*,*,#15595,.T.);
#15595 = EDGE_CURVE('',#12614,#13960,#15596,.T.);
#15596 = LINE('',#15597,#15598);
#15597 = CARTESIAN_POINT('',(141.07,-107.28,-4.6E-02));
#15598 = VECTOR('',#15599,1.);
#15599 = DIRECTION('',(0.,0.,1.));
#15600 = ORIENTED_EDGE('',*,*,#13959,.F.);
#15601 = ORIENTED_EDGE('',*,*,#15595,.F.);
#15602 = CYLINDRICAL_SURFACE('',#15603,0.5);
#15603 = AXIS2_PLACEMENT_3D('',#15604,#15605,#15606);
#15604 = CARTESIAN_POINT('',(141.07,-106.78,-4.6E-02));
#15605 = DIRECTION('',(-0.,-0.,-1.));
#15606 = DIRECTION('',(-0.,-1.,0.));
#15607 = ADVANCED_FACE('',(#15608),#15619,.F.);
#15608 = FACE_BOUND('',#15609,.T.);
#15609 = EDGE_LOOP('',(#15610,#15611,#15617,#15618));
#15610 = ORIENTED_EDGE('',*,*,#12624,.T.);
#15611 = ORIENTED_EDGE('',*,*,#15612,.T.);
#15612 = EDGE_CURVE('',#12625,#13971,#15613,.T.);
#15613 = LINE('',#15614,#15615);
#15614 = CARTESIAN_POINT('',(143.61,-107.28,-4.6E-02));
#15615 = VECTOR('',#15616,1.);
#15616 = DIRECTION('',(0.,0.,1.));
#15617 = ORIENTED_EDGE('',*,*,#13970,.F.);
#15618 = ORIENTED_EDGE('',*,*,#15612,.F.);
#15619 = CYLINDRICAL_SURFACE('',#15620,0.5);
#15620 = AXIS2_PLACEMENT_3D('',#15621,#15622,#15623);
#15621 = CARTESIAN_POINT('',(143.61,-106.78,-4.6E-02));
#15622 = DIRECTION('',(-0.,-0.,-1.));
#15623 = DIRECTION('',(-0.,-1.,0.));
#15624 = ADVANCED_FACE('',(#15625),#15636,.F.);
#15625 = FACE_BOUND('',#15626,.T.);
#15626 = EDGE_LOOP('',(#15627,#15628,#15634,#15635));
#15627 = ORIENTED_EDGE('',*,*,#12635,.T.);
#15628 = ORIENTED_EDGE('',*,*,#15629,.T.);
#15629 = EDGE_CURVE('',#12636,#13982,#15630,.T.);
#15630 = LINE('',#15631,#15632);
#15631 = CARTESIAN_POINT('',(124.46,-104.64,-4.6E-02));
#15632 = VECTOR('',#15633,1.);
#15633 = DIRECTION('',(0.,0.,1.));
#15634 = ORIENTED_EDGE('',*,*,#13981,.F.);
#15635 = ORIENTED_EDGE('',*,*,#15629,.F.);
#15636 = CYLINDRICAL_SURFACE('',#15637,0.5);
#15637 = AXIS2_PLACEMENT_3D('',#15638,#15639,#15640);
#15638 = CARTESIAN_POINT('',(124.46,-104.14,-4.6E-02));
#15639 = DIRECTION('',(-0.,-0.,-1.));
#15640 = DIRECTION('',(-0.,-1.,0.));
#15641 = ADVANCED_FACE('',(#15642),#15653,.F.);
#15642 = FACE_BOUND('',#15643,.T.);
#15643 = EDGE_LOOP('',(#15644,#15645,#15651,#15652));
#15644 = ORIENTED_EDGE('',*,*,#12646,.T.);
#15645 = ORIENTED_EDGE('',*,*,#15646,.T.);
#15646 = EDGE_CURVE('',#12647,#13993,#15647,.T.);
#15647 = LINE('',#15648,#15649);
#15648 = CARTESIAN_POINT('',(124.46,-102.1,-4.6E-02));
#15649 = VECTOR('',#15650,1.);
#15650 = DIRECTION('',(0.,0.,1.));
#15651 = ORIENTED_EDGE('',*,*,#13992,.F.);
#15652 = ORIENTED_EDGE('',*,*,#15646,.F.);
#15653 = CYLINDRICAL_SURFACE('',#15654,0.5);
#15654 = AXIS2_PLACEMENT_3D('',#15655,#15656,#15657);
#15655 = CARTESIAN_POINT('',(124.46,-101.6,-4.6E-02));
#15656 = DIRECTION('',(-0.,-0.,-1.));
#15657 = DIRECTION('',(-0.,-1.,0.));
#15658 = ADVANCED_FACE('',(#15659),#15670,.F.);
#15659 = FACE_BOUND('',#15660,.T.);
#15660 = EDGE_LOOP('',(#15661,#15662,#15668,#15669));
#15661 = ORIENTED_EDGE('',*,*,#12657,.T.);
#15662 = ORIENTED_EDGE('',*,*,#15663,.T.);
#15663 = EDGE_CURVE('',#12658,#14004,#15664,.T.);
#15664 = LINE('',#15665,#15666);
#15665 = CARTESIAN_POINT('',(124.46,-99.56,-4.6E-02));
#15666 = VECTOR('',#15667,1.);
#15667 = DIRECTION('',(0.,0.,1.));
#15668 = ORIENTED_EDGE('',*,*,#14003,.F.);
#15669 = ORIENTED_EDGE('',*,*,#15663,.F.);
#15670 = CYLINDRICAL_SURFACE('',#15671,0.5);
#15671 = AXIS2_PLACEMENT_3D('',#15672,#15673,#15674);
#15672 = CARTESIAN_POINT('',(124.46,-99.06,-4.6E-02));
#15673 = DIRECTION('',(-0.,-0.,-1.));
#15674 = DIRECTION('',(-0.,-1.,0.));
#15675 = ADVANCED_FACE('',(#15676),#15687,.F.);
#15676 = FACE_BOUND('',#15677,.T.);
#15677 = EDGE_LOOP('',(#15678,#15679,#15685,#15686));
#15678 = ORIENTED_EDGE('',*,*,#12668,.T.);
#15679 = ORIENTED_EDGE('',*,*,#15680,.T.);
#15680 = EDGE_CURVE('',#12669,#14015,#15681,.T.);
#15681 = LINE('',#15682,#15683);
#15682 = CARTESIAN_POINT('',(124.46,-97.02,-4.6E-02));
#15683 = VECTOR('',#15684,1.);
#15684 = DIRECTION('',(0.,0.,1.));
#15685 = ORIENTED_EDGE('',*,*,#14014,.F.);
#15686 = ORIENTED_EDGE('',*,*,#15680,.F.);
#15687 = CYLINDRICAL_SURFACE('',#15688,0.5);
#15688 = AXIS2_PLACEMENT_3D('',#15689,#15690,#15691);
#15689 = CARTESIAN_POINT('',(124.46,-96.52,-4.6E-02));
#15690 = DIRECTION('',(-0.,-0.,-1.));
#15691 = DIRECTION('',(-0.,-1.,0.));
#15692 = ADVANCED_FACE('',(#15693),#15704,.F.);
#15693 = FACE_BOUND('',#15694,.T.);
#15694 = EDGE_LOOP('',(#15695,#15696,#15702,#15703));
#15695 = ORIENTED_EDGE('',*,*,#12679,.T.);
#15696 = ORIENTED_EDGE('',*,*,#15697,.T.);
#15697 = EDGE_CURVE('',#12680,#14026,#15698,.T.);
#15698 = LINE('',#15699,#15700);
#15699 = CARTESIAN_POINT('',(134.62,-99.56,-4.6E-02));
#15700 = VECTOR('',#15701,1.);
#15701 = DIRECTION('',(0.,0.,1.));
#15702 = ORIENTED_EDGE('',*,*,#14025,.F.);
#15703 = ORIENTED_EDGE('',*,*,#15697,.F.);
#15704 = CYLINDRICAL_SURFACE('',#15705,0.5);
#15705 = AXIS2_PLACEMENT_3D('',#15706,#15707,#15708);
#15706 = CARTESIAN_POINT('',(134.62,-99.06,-4.6E-02));
#15707 = DIRECTION('',(-0.,-0.,-1.));
#15708 = DIRECTION('',(-0.,-1.,0.));
#15709 = ADVANCED_FACE('',(#15710),#15721,.F.);
#15710 = FACE_BOUND('',#15711,.T.);
#15711 = EDGE_LOOP('',(#15712,#15713,#15719,#15720));
#15712 = ORIENTED_EDGE('',*,*,#12690,.T.);
#15713 = ORIENTED_EDGE('',*,*,#15714,.T.);
#15714 = EDGE_CURVE('',#12691,#14037,#15715,.T.);
#15715 = LINE('',#15716,#15717);
#15716 = CARTESIAN_POINT('',(137.16,-99.56,-4.6E-02));
#15717 = VECTOR('',#15718,1.);
#15718 = DIRECTION('',(0.,0.,1.));
#15719 = ORIENTED_EDGE('',*,*,#14036,.F.);
#15720 = ORIENTED_EDGE('',*,*,#15714,.F.);
#15721 = CYLINDRICAL_SURFACE('',#15722,0.5);
#15722 = AXIS2_PLACEMENT_3D('',#15723,#15724,#15725);
#15723 = CARTESIAN_POINT('',(137.16,-99.06,-4.6E-02));
#15724 = DIRECTION('',(-0.,-0.,-1.));
#15725 = DIRECTION('',(-0.,-1.,0.));
#15726 = ADVANCED_FACE('',(#15727),#15738,.F.);
#15727 = FACE_BOUND('',#15728,.T.);
#15728 = EDGE_LOOP('',(#15729,#15730,#15736,#15737));
#15729 = ORIENTED_EDGE('',*,*,#12701,.T.);
#15730 = ORIENTED_EDGE('',*,*,#15731,.T.);
#15731 = EDGE_CURVE('',#12702,#14048,#15732,.T.);
#15732 = LINE('',#15733,#15734);
#15733 = CARTESIAN_POINT('',(139.7,-99.56,-4.6E-02));
#15734 = VECTOR('',#15735,1.);
#15735 = DIRECTION('',(0.,0.,1.));
#15736 = ORIENTED_EDGE('',*,*,#14047,.F.);
#15737 = ORIENTED_EDGE('',*,*,#15731,.F.);
#15738 = CYLINDRICAL_SURFACE('',#15739,0.5);
#15739 = AXIS2_PLACEMENT_3D('',#15740,#15741,#15742);
#15740 = CARTESIAN_POINT('',(139.7,-99.06,-4.6E-02));
#15741 = DIRECTION('',(-0.,-0.,-1.));
#15742 = DIRECTION('',(-0.,-1.,0.));
#15743 = ADVANCED_FACE('',(#15744),#15755,.F.);
#15744 = FACE_BOUND('',#15745,.T.);
#15745 = EDGE_LOOP('',(#15746,#15747,#15753,#15754));
#15746 = ORIENTED_EDGE('',*,*,#12712,.T.);
#15747 = ORIENTED_EDGE('',*,*,#15748,.T.);
#15748 = EDGE_CURVE('',#12713,#14059,#15749,.T.);
#15749 = LINE('',#15750,#15751);
#15750 = CARTESIAN_POINT('',(142.24,-99.56,-4.6E-02));
#15751 = VECTOR('',#15752,1.);
#15752 = DIRECTION('',(0.,0.,1.));
#15753 = ORIENTED_EDGE('',*,*,#14058,.F.);
#15754 = ORIENTED_EDGE('',*,*,#15748,.F.);
#15755 = CYLINDRICAL_SURFACE('',#15756,0.5);
#15756 = AXIS2_PLACEMENT_3D('',#15757,#15758,#15759);
#15757 = CARTESIAN_POINT('',(142.24,-99.06,-4.6E-02));
#15758 = DIRECTION('',(-0.,-0.,-1.));
#15759 = DIRECTION('',(-0.,-1.,0.));
#15760 = ADVANCED_FACE('',(#15761),#15772,.F.);
#15761 = FACE_BOUND('',#15762,.T.);
#15762 = EDGE_LOOP('',(#15763,#15764,#15770,#15771));
#15763 = ORIENTED_EDGE('',*,*,#12723,.T.);
#15764 = ORIENTED_EDGE('',*,*,#15765,.T.);
#15765 = EDGE_CURVE('',#12724,#14070,#15766,.T.);
#15766 = LINE('',#15767,#15768);
#15767 = CARTESIAN_POINT('',(144.78,-99.56,-4.6E-02));
#15768 = VECTOR('',#15769,1.);
#15769 = DIRECTION('',(0.,0.,1.));
#15770 = ORIENTED_EDGE('',*,*,#14069,.F.);
#15771 = ORIENTED_EDGE('',*,*,#15765,.F.);
#15772 = CYLINDRICAL_SURFACE('',#15773,0.5);
#15773 = AXIS2_PLACEMENT_3D('',#15774,#15775,#15776);
#15774 = CARTESIAN_POINT('',(144.78,-99.06,-4.6E-02));
#15775 = DIRECTION('',(-0.,-0.,-1.));
#15776 = DIRECTION('',(-0.,-1.,0.));
#15777 = ADVANCED_FACE('',(#15778),#15789,.F.);
#15778 = FACE_BOUND('',#15779,.T.);
#15779 = EDGE_LOOP('',(#15780,#15781,#15787,#15788));
#15780 = ORIENTED_EDGE('',*,*,#12734,.T.);
#15781 = ORIENTED_EDGE('',*,*,#15782,.T.);
#15782 = EDGE_CURVE('',#12735,#14081,#15783,.T.);
#15783 = LINE('',#15784,#15785);
#15784 = CARTESIAN_POINT('',(146.15,-117.44,-4.6E-02));
#15785 = VECTOR('',#15786,1.);
#15786 = DIRECTION('',(0.,0.,1.));
#15787 = ORIENTED_EDGE('',*,*,#14080,.F.);
#15788 = ORIENTED_EDGE('',*,*,#15782,.F.);
#15789 = CYLINDRICAL_SURFACE('',#15790,0.5);
#15790 = AXIS2_PLACEMENT_3D('',#15791,#15792,#15793);
#15791 = CARTESIAN_POINT('',(146.15,-116.94,-4.6E-02));
#15792 = DIRECTION('',(-0.,-0.,-1.));
#15793 = DIRECTION('',(-0.,-1.,0.));
#15794 = ADVANCED_FACE('',(#15795),#15806,.F.);
#15795 = FACE_BOUND('',#15796,.T.);
#15796 = EDGE_LOOP('',(#15797,#15798,#15804,#15805));
#15797 = ORIENTED_EDGE('',*,*,#12745,.T.);
#15798 = ORIENTED_EDGE('',*,*,#15799,.T.);
#15799 = EDGE_CURVE('',#12746,#14092,#15800,.T.);
#15800 = LINE('',#15801,#15802);
#15801 = CARTESIAN_POINT('',(146.15,-107.28,-4.6E-02));
#15802 = VECTOR('',#15803,1.);
#15803 = DIRECTION('',(0.,0.,1.));
#15804 = ORIENTED_EDGE('',*,*,#14091,.F.);
#15805 = ORIENTED_EDGE('',*,*,#15799,.F.);
#15806 = CYLINDRICAL_SURFACE('',#15807,0.5);
#15807 = AXIS2_PLACEMENT_3D('',#15808,#15809,#15810);
#15808 = CARTESIAN_POINT('',(146.15,-106.78,-4.6E-02));
#15809 = DIRECTION('',(-0.,-0.,-1.));
#15810 = DIRECTION('',(-0.,-1.,0.));
#15811 = ADVANCED_FACE('',(#15812),#15823,.F.);
#15812 = FACE_BOUND('',#15813,.T.);
#15813 = EDGE_LOOP('',(#15814,#15815,#15821,#15822));
#15814 = ORIENTED_EDGE('',*,*,#12756,.T.);
#15815 = ORIENTED_EDGE('',*,*,#15816,.T.);
#15816 = EDGE_CURVE('',#12757,#14103,#15817,.T.);
#15817 = LINE('',#15818,#15819);
#15818 = CARTESIAN_POINT('',(154.94,-112.36,-4.6E-02));
#15819 = VECTOR('',#15820,1.);
#15820 = DIRECTION('',(0.,0.,1.));
#15821 = ORIENTED_EDGE('',*,*,#14102,.F.);
#15822 = ORIENTED_EDGE('',*,*,#15816,.F.);
#15823 = CYLINDRICAL_SURFACE('',#15824,0.6);
#15824 = AXIS2_PLACEMENT_3D('',#15825,#15826,#15827);
#15825 = CARTESIAN_POINT('',(154.94,-111.76,-4.6E-02));
#15826 = DIRECTION('',(-0.,-0.,-1.));
#15827 = DIRECTION('',(-0.,-1.,0.));
#15828 = ADVANCED_FACE('',(#15829),#15840,.F.);
#15829 = FACE_BOUND('',#15830,.T.);
#15830 = EDGE_LOOP('',(#15831,#15832,#15838,#15839));
#15831 = ORIENTED_EDGE('',*,*,#12767,.T.);
#15832 = ORIENTED_EDGE('',*,*,#15833,.T.);
#15833 = EDGE_CURVE('',#12768,#14114,#15834,.T.);
#15834 = LINE('',#15835,#15836);
#15835 = CARTESIAN_POINT('',(154.84,-106.01,-4.6E-02));
#15836 = VECTOR('',#15837,1.);
#15837 = DIRECTION('',(0.,0.,1.));
#15838 = ORIENTED_EDGE('',*,*,#14113,.F.);
#15839 = ORIENTED_EDGE('',*,*,#15833,.F.);
#15840 = CYLINDRICAL_SURFACE('',#15841,0.5);
#15841 = AXIS2_PLACEMENT_3D('',#15842,#15843,#15844);
#15842 = CARTESIAN_POINT('',(154.84,-105.51,-4.6E-02));
#15843 = DIRECTION('',(-0.,-0.,-1.));
#15844 = DIRECTION('',(-0.,-1.,0.));
#15845 = ADVANCED_FACE('',(#15846),#15857,.F.);
#15846 = FACE_BOUND('',#15847,.T.);
#15847 = EDGE_LOOP('',(#15848,#15849,#15855,#15856));
#15848 = ORIENTED_EDGE('',*,*,#12778,.T.);
#15849 = ORIENTED_EDGE('',*,*,#15850,.T.);
#15850 = EDGE_CURVE('',#12779,#14125,#15851,.T.);
#15851 = LINE('',#15852,#15853);
#15852 = CARTESIAN_POINT('',(154.84,-103.47,-4.6E-02));
#15853 = VECTOR('',#15854,1.);
#15854 = DIRECTION('',(0.,0.,1.));
#15855 = ORIENTED_EDGE('',*,*,#14124,.F.);
#15856 = ORIENTED_EDGE('',*,*,#15850,.F.);
#15857 = CYLINDRICAL_SURFACE('',#15858,0.5);
#15858 = AXIS2_PLACEMENT_3D('',#15859,#15860,#15861);
#15859 = CARTESIAN_POINT('',(154.84,-102.97,-4.6E-02));
#15860 = DIRECTION('',(-0.,-0.,-1.));
#15861 = DIRECTION('',(-0.,-1.,0.));
#15862 = ADVANCED_FACE('',(#15863),#15874,.F.);
#15863 = FACE_BOUND('',#15864,.T.);
#15864 = EDGE_LOOP('',(#15865,#15866,#15872,#15873));
#15865 = ORIENTED_EDGE('',*,*,#12789,.T.);
#15866 = ORIENTED_EDGE('',*,*,#15867,.T.);
#15867 = EDGE_CURVE('',#12790,#14136,#15868,.T.);
#15868 = LINE('',#15869,#15870);
#15869 = CARTESIAN_POINT('',(147.32,-99.56,-4.6E-02));
#15870 = VECTOR('',#15871,1.);
#15871 = DIRECTION('',(0.,0.,1.));
#15872 = ORIENTED_EDGE('',*,*,#14135,.F.);
#15873 = ORIENTED_EDGE('',*,*,#15867,.F.);
#15874 = CYLINDRICAL_SURFACE('',#15875,0.5);
#15875 = AXIS2_PLACEMENT_3D('',#15876,#15877,#15878);
#15876 = CARTESIAN_POINT('',(147.32,-99.06,-4.6E-02));
#15877 = DIRECTION('',(-0.,-0.,-1.));
#15878 = DIRECTION('',(-0.,-1.,0.));
#15879 = ADVANCED_FACE('',(#15880),#15891,.F.);
#15880 = FACE_BOUND('',#15881,.T.);
#15881 = EDGE_LOOP('',(#15882,#15883,#15889,#15890));
#15882 = ORIENTED_EDGE('',*,*,#12800,.T.);
#15883 = ORIENTED_EDGE('',*,*,#15884,.T.);
#15884 = EDGE_CURVE('',#12801,#14147,#15885,.T.);
#15885 = LINE('',#15886,#15887);
#15886 = CARTESIAN_POINT('',(154.84,-100.93,-4.6E-02));
#15887 = VECTOR('',#15888,1.);
#15888 = DIRECTION('',(0.,0.,1.));
#15889 = ORIENTED_EDGE('',*,*,#14146,.F.);
#15890 = ORIENTED_EDGE('',*,*,#15884,.F.);
#15891 = CYLINDRICAL_SURFACE('',#15892,0.5);
#15892 = AXIS2_PLACEMENT_3D('',#15893,#15894,#15895);
#15893 = CARTESIAN_POINT('',(154.84,-100.43,-4.6E-02));
#15894 = DIRECTION('',(-0.,-0.,-1.));
#15895 = DIRECTION('',(-0.,-1.,0.));
#15896 = ADVANCED_FACE('',(#15897),#15908,.F.);
#15897 = FACE_BOUND('',#15898,.T.);
#15898 = EDGE_LOOP('',(#15899,#15900,#15906,#15907));
#15899 = ORIENTED_EDGE('',*,*,#12811,.T.);
#15900 = ORIENTED_EDGE('',*,*,#15901,.T.);
#15901 = EDGE_CURVE('',#12812,#14158,#15902,.T.);
#15902 = LINE('',#15903,#15904);
#15903 = CARTESIAN_POINT('',(154.84,-98.39,-4.6E-02));
#15904 = VECTOR('',#15905,1.);
#15905 = DIRECTION('',(0.,0.,1.));
#15906 = ORIENTED_EDGE('',*,*,#14157,.F.);
#15907 = ORIENTED_EDGE('',*,*,#15901,.F.);
#15908 = CYLINDRICAL_SURFACE('',#15909,0.5);
#15909 = AXIS2_PLACEMENT_3D('',#15910,#15911,#15912);
#15910 = CARTESIAN_POINT('',(154.84,-97.89,-4.6E-02));
#15911 = DIRECTION('',(-0.,-0.,-1.));
#15912 = DIRECTION('',(-0.,-1.,0.));
#15913 = ADVANCED_FACE('',(#15914),#15925,.F.);
#15914 = FACE_BOUND('',#15915,.T.);
#15915 = EDGE_LOOP('',(#15916,#15917,#15923,#15924));
#15916 = ORIENTED_EDGE('',*,*,#12822,.T.);
#15917 = ORIENTED_EDGE('',*,*,#15918,.T.);
#15918 = EDGE_CURVE('',#12823,#14169,#15919,.T.);
#15919 = LINE('',#15920,#15921);
#15920 = CARTESIAN_POINT('',(154.84,-95.85,-4.6E-02));
#15921 = VECTOR('',#15922,1.);
#15922 = DIRECTION('',(0.,0.,1.));
#15923 = ORIENTED_EDGE('',*,*,#14168,.F.);
#15924 = ORIENTED_EDGE('',*,*,#15918,.F.);
#15925 = CYLINDRICAL_SURFACE('',#15926,0.5);
#15926 = AXIS2_PLACEMENT_3D('',#15927,#15928,#15929);
#15927 = CARTESIAN_POINT('',(154.84,-95.35,-4.6E-02));
#15928 = DIRECTION('',(-0.,-0.,-1.));
#15929 = DIRECTION('',(-0.,-1.,0.));
#15930 = ADVANCED_FACE('',(#15931),#15942,.F.);
#15931 = FACE_BOUND('',#15932,.T.);
#15932 = EDGE_LOOP('',(#15933,#15934,#15940,#15941));
#15933 = ORIENTED_EDGE('',*,*,#12833,.T.);
#15934 = ORIENTED_EDGE('',*,*,#15935,.T.);
#15935 = EDGE_CURVE('',#12834,#14180,#15936,.T.);
#15936 = LINE('',#15937,#15938);
#15937 = CARTESIAN_POINT('',(74.168,-94.48,-4.6E-02));
#15938 = VECTOR('',#15939,1.);
#15939 = DIRECTION('',(0.,0.,1.));
#15940 = ORIENTED_EDGE('',*,*,#14179,.F.);
#15941 = ORIENTED_EDGE('',*,*,#15935,.F.);
#15942 = CYLINDRICAL_SURFACE('',#15943,0.5);
#15943 = AXIS2_PLACEMENT_3D('',#15944,#15945,#15946);
#15944 = CARTESIAN_POINT('',(74.168,-93.98,-4.6E-02));
#15945 = DIRECTION('',(-0.,-0.,-1.));
#15946 = DIRECTION('',(-0.,-1.,0.));
#15947 = ADVANCED_FACE('',(#15948),#15959,.F.);
#15948 = FACE_BOUND('',#15949,.T.);
#15949 = EDGE_LOOP('',(#15950,#15951,#15957,#15958));
#15950 = ORIENTED_EDGE('',*,*,#12844,.T.);
#15951 = ORIENTED_EDGE('',*,*,#15952,.T.);
#15952 = EDGE_CURVE('',#12845,#14191,#15953,.T.);
#15953 = LINE('',#15954,#15955);
#15954 = CARTESIAN_POINT('',(74.168,-91.94,-4.6E-02));
#15955 = VECTOR('',#15956,1.);
#15956 = DIRECTION('',(0.,0.,1.));
#15957 = ORIENTED_EDGE('',*,*,#14190,.F.);
#15958 = ORIENTED_EDGE('',*,*,#15952,.F.);
#15959 = CYLINDRICAL_SURFACE('',#15960,0.5);
#15960 = AXIS2_PLACEMENT_3D('',#15961,#15962,#15963);
#15961 = CARTESIAN_POINT('',(74.168,-91.44,-4.6E-02));
#15962 = DIRECTION('',(-0.,-0.,-1.));
#15963 = DIRECTION('',(-0.,-1.,0.));
#15964 = ADVANCED_FACE('',(#15965),#15976,.F.);
#15965 = FACE_BOUND('',#15966,.T.);
#15966 = EDGE_LOOP('',(#15967,#15968,#15974,#15975));
#15967 = ORIENTED_EDGE('',*,*,#12855,.T.);
#15968 = ORIENTED_EDGE('',*,*,#15969,.T.);
#15969 = EDGE_CURVE('',#12856,#14202,#15970,.T.);
#15970 = LINE('',#15971,#15972);
#15971 = CARTESIAN_POINT('',(74.168,-83.812,-4.6E-02));
#15972 = VECTOR('',#15973,1.);
#15973 = DIRECTION('',(0.,0.,1.));
#15974 = ORIENTED_EDGE('',*,*,#14201,.F.);
#15975 = ORIENTED_EDGE('',*,*,#15969,.F.);
#15976 = CYLINDRICAL_SURFACE('',#15977,0.5);
#15977 = AXIS2_PLACEMENT_3D('',#15978,#15979,#15980);
#15978 = CARTESIAN_POINT('',(74.168,-83.312,-4.6E-02));
#15979 = DIRECTION('',(-0.,-0.,-1.));
#15980 = DIRECTION('',(-0.,-1.,0.));
#15981 = ADVANCED_FACE('',(#15982),#15993,.F.);
#15982 = FACE_BOUND('',#15983,.T.);
#15983 = EDGE_LOOP('',(#15984,#15985,#15991,#15992));
#15984 = ORIENTED_EDGE('',*,*,#12866,.T.);
#15985 = ORIENTED_EDGE('',*,*,#15986,.T.);
#15986 = EDGE_CURVE('',#12867,#14213,#15987,.T.);
#15987 = LINE('',#15988,#15989);
#15988 = CARTESIAN_POINT('',(92.71,-94.48,-4.6E-02));
#15989 = VECTOR('',#15990,1.);
#15990 = DIRECTION('',(0.,0.,1.));
#15991 = ORIENTED_EDGE('',*,*,#14212,.F.);
#15992 = ORIENTED_EDGE('',*,*,#15986,.F.);
#15993 = CYLINDRICAL_SURFACE('',#15994,0.5);
#15994 = AXIS2_PLACEMENT_3D('',#15995,#15996,#15997);
#15995 = CARTESIAN_POINT('',(92.71,-93.98,-4.6E-02));
#15996 = DIRECTION('',(-0.,-0.,-1.));
#15997 = DIRECTION('',(-0.,-1.,0.));
#15998 = ADVANCED_FACE('',(#15999),#16010,.F.);
#15999 = FACE_BOUND('',#16000,.T.);
#16000 = EDGE_LOOP('',(#16001,#16002,#16008,#16009));
#16001 = ORIENTED_EDGE('',*,*,#12877,.T.);
#16002 = ORIENTED_EDGE('',*,*,#16003,.T.);
#16003 = EDGE_CURVE('',#12878,#14224,#16004,.T.);
#16004 = LINE('',#16005,#16006);
#16005 = CARTESIAN_POINT('',(92.71,-91.94,-4.6E-02));
#16006 = VECTOR('',#16007,1.);
#16007 = DIRECTION('',(0.,0.,1.));
#16008 = ORIENTED_EDGE('',*,*,#14223,.F.);
#16009 = ORIENTED_EDGE('',*,*,#16003,.F.);
#16010 = CYLINDRICAL_SURFACE('',#16011,0.5);
#16011 = AXIS2_PLACEMENT_3D('',#16012,#16013,#16014);
#16012 = CARTESIAN_POINT('',(92.71,-91.44,-4.6E-02));
#16013 = DIRECTION('',(-0.,-0.,-1.));
#16014 = DIRECTION('',(-0.,-1.,0.));
#16015 = ADVANCED_FACE('',(#16016),#16027,.F.);
#16016 = FACE_BOUND('',#16017,.T.);
#16017 = EDGE_LOOP('',(#16018,#16019,#16025,#16026));
#16018 = ORIENTED_EDGE('',*,*,#12888,.T.);
#16019 = ORIENTED_EDGE('',*,*,#16020,.T.);
#16020 = EDGE_CURVE('',#12889,#14235,#16021,.T.);
#16021 = LINE('',#16022,#16023);
#16022 = CARTESIAN_POINT('',(92.71,-83.812,-4.6E-02));
#16023 = VECTOR('',#16024,1.);
#16024 = DIRECTION('',(0.,0.,1.));
#16025 = ORIENTED_EDGE('',*,*,#14234,.F.);
#16026 = ORIENTED_EDGE('',*,*,#16020,.F.);
#16027 = CYLINDRICAL_SURFACE('',#16028,0.5);
#16028 = AXIS2_PLACEMENT_3D('',#16029,#16030,#16031);
#16029 = CARTESIAN_POINT('',(92.71,-83.312,-4.6E-02));
#16030 = DIRECTION('',(-0.,-0.,-1.));
#16031 = DIRECTION('',(-0.,-1.,0.));
#16032 = ADVANCED_FACE('',(#16033),#16044,.F.);
#16033 = FACE_BOUND('',#16034,.T.);
#16034 = EDGE_LOOP('',(#16035,#16036,#16042,#16043));
#16035 = ORIENTED_EDGE('',*,*,#12899,.T.);
#16036 = ORIENTED_EDGE('',*,*,#16037,.T.);
#16037 = EDGE_CURVE('',#12900,#14246,#16038,.T.);
#16038 = LINE('',#16039,#16040);
#16039 = CARTESIAN_POINT('',(74.168,-81.272,-4.6E-02));
#16040 = VECTOR('',#16041,1.);
#16041 = DIRECTION('',(0.,0.,1.));
#16042 = ORIENTED_EDGE('',*,*,#14245,.F.);
#16043 = ORIENTED_EDGE('',*,*,#16037,.F.);
#16044 = CYLINDRICAL_SURFACE('',#16045,0.5);
#16045 = AXIS2_PLACEMENT_3D('',#16046,#16047,#16048);
#16046 = CARTESIAN_POINT('',(74.168,-80.772,-4.6E-02));
#16047 = DIRECTION('',(-0.,-0.,-1.));
#16048 = DIRECTION('',(-0.,-1.,0.));
#16049 = ADVANCED_FACE('',(#16050),#16066,.F.);
#16050 = FACE_BOUND('',#16051,.T.);
#16051 = EDGE_LOOP('',(#16052,#16053,#16059,#16060));
#16052 = ORIENTED_EDGE('',*,*,#12910,.T.);
#16053 = ORIENTED_EDGE('',*,*,#16054,.T.);
#16054 = EDGE_CURVE('',#12913,#14259,#16055,.T.);
#16055 = LINE('',#16056,#16057);
#16056 = CARTESIAN_POINT('',(79.28,-76.32,-4.6E-02));
#16057 = VECTOR('',#16058,1.);
#16058 = DIRECTION('',(0.,0.,1.));
#16059 = ORIENTED_EDGE('',*,*,#14256,.F.);
#16060 = ORIENTED_EDGE('',*,*,#16061,.F.);
#16061 = EDGE_CURVE('',#12911,#14257,#16062,.T.);
#16062 = LINE('',#16063,#16064);
#16063 = CARTESIAN_POINT('',(79.28,-75.32,-4.6E-02));
#16064 = VECTOR('',#16065,1.);
#16065 = DIRECTION('',(0.,0.,1.));
#16066 = CYLINDRICAL_SURFACE('',#16067,0.5);
#16067 = AXIS2_PLACEMENT_3D('',#16068,#16069,#16070);
#16068 = CARTESIAN_POINT('',(79.28,-75.82,-4.6E-02));
#16069 = DIRECTION('',(-0.,-0.,-1.));
#16070 = DIRECTION('',(-0.,-1.,0.));
#16071 = ADVANCED_FACE('',(#16072),#16083,.T.);
#16072 = FACE_BOUND('',#16073,.T.);
#16073 = EDGE_LOOP('',(#16074,#16075,#16076,#16077));
#16074 = ORIENTED_EDGE('',*,*,#12938,.T.);
#16075 = ORIENTED_EDGE('',*,*,#16061,.T.);
#16076 = ORIENTED_EDGE('',*,*,#14284,.F.);
#16077 = ORIENTED_EDGE('',*,*,#16078,.F.);
#16078 = EDGE_CURVE('',#12930,#14276,#16079,.T.);
#16079 = LINE('',#16080,#16081);
#16080 = CARTESIAN_POINT('',(77.28,-75.32,-4.6E-02));
#16081 = VECTOR('',#16082,1.);
#16082 = DIRECTION('',(0.,0.,1.));
#16083 = PLANE('',#16084);
#16084 = AXIS2_PLACEMENT_3D('',#16085,#16086,#16087);
#16085 = CARTESIAN_POINT('',(79.28,-75.32,-4.6E-02));
#16086 = DIRECTION('',(0.,-1.,0.));
#16087 = DIRECTION('',(-1.,0.,0.));
#16088 = ADVANCED_FACE('',(#16089),#16100,.F.);
#16089 = FACE_BOUND('',#16090,.T.);
#16090 = EDGE_LOOP('',(#16091,#16092,#16093,#16094));
#16091 = ORIENTED_EDGE('',*,*,#12929,.T.);
#16092 = ORIENTED_EDGE('',*,*,#16078,.T.);
#16093 = ORIENTED_EDGE('',*,*,#14275,.F.);
#16094 = ORIENTED_EDGE('',*,*,#16095,.F.);
#16095 = EDGE_CURVE('',#12922,#14268,#16096,.T.);
#16096 = LINE('',#16097,#16098);
#16097 = CARTESIAN_POINT('',(77.28,-76.32,-4.6E-02));
#16098 = VECTOR('',#16099,1.);
#16099 = DIRECTION('',(0.,0.,1.));
#16100 = CYLINDRICAL_SURFACE('',#16101,0.5);
#16101 = AXIS2_PLACEMENT_3D('',#16102,#16103,#16104);
#16102 = CARTESIAN_POINT('',(77.28,-75.82,-4.6E-02));
#16103 = DIRECTION('',(-0.,0.,-1.));
#16104 = DIRECTION('',(0.,1.,0.));
#16105 = ADVANCED_FACE('',(#16106),#16112,.T.);
#16106 = FACE_BOUND('',#16107,.T.);
#16107 = EDGE_LOOP('',(#16108,#16109,#16110,#16111));
#16108 = ORIENTED_EDGE('',*,*,#12921,.T.);
#16109 = ORIENTED_EDGE('',*,*,#16095,.T.);
#16110 = ORIENTED_EDGE('',*,*,#14267,.F.);
#16111 = ORIENTED_EDGE('',*,*,#16054,.F.);
#16112 = PLANE('',#16113);
#16113 = AXIS2_PLACEMENT_3D('',#16114,#16115,#16116);
#16114 = CARTESIAN_POINT('',(77.28,-76.32,-4.6E-02));
#16115 = DIRECTION('',(0.,1.,0.));
#16116 = DIRECTION('',(1.,0.,0.));
#16117 = ADVANCED_FACE('',(#16118),#16134,.F.);
#16118 = FACE_BOUND('',#16119,.T.);
#16119 = EDGE_LOOP('',(#16120,#16121,#16127,#16128));
#16120 = ORIENTED_EDGE('',*,*,#12946,.T.);
#16121 = ORIENTED_EDGE('',*,*,#16122,.T.);
#16122 = EDGE_CURVE('',#12949,#14295,#16123,.T.);
#16123 = LINE('',#16124,#16125);
#16124 = CARTESIAN_POINT('',(74.78,-72.12,-4.6E-02));
#16125 = VECTOR('',#16126,1.);
#16126 = DIRECTION('',(0.,0.,1.));
#16127 = ORIENTED_EDGE('',*,*,#14292,.F.);
#16128 = ORIENTED_EDGE('',*,*,#16129,.F.);
#16129 = EDGE_CURVE('',#12947,#14293,#16130,.T.);
#16130 = LINE('',#16131,#16132);
#16131 = CARTESIAN_POINT('',(75.78,-72.12,-4.6E-02));
#16132 = VECTOR('',#16133,1.);
#16133 = DIRECTION('',(0.,0.,1.));
#16134 = CYLINDRICAL_SURFACE('',#16135,0.5);
#16135 = AXIS2_PLACEMENT_3D('',#16136,#16137,#16138);
#16136 = CARTESIAN_POINT('',(75.28,-72.12,-4.6E-02));
#16137 = DIRECTION('',(-0.,-0.,-1.));
#16138 = DIRECTION('',(-1.,0.,-0.));
#16139 = ADVANCED_FACE('',(#16140),#16151,.T.);
#16140 = FACE_BOUND('',#16141,.T.);
#16141 = EDGE_LOOP('',(#16142,#16143,#16144,#16145));
#16142 = ORIENTED_EDGE('',*,*,#12974,.T.);
#16143 = ORIENTED_EDGE('',*,*,#16129,.T.);
#16144 = ORIENTED_EDGE('',*,*,#14320,.F.);
#16145 = ORIENTED_EDGE('',*,*,#16146,.F.);
#16146 = EDGE_CURVE('',#12966,#14312,#16147,.T.);
#16147 = LINE('',#16148,#16149);
#16148 = CARTESIAN_POINT('',(75.78,-70.12,-4.6E-02));
#16149 = VECTOR('',#16150,1.);
#16150 = DIRECTION('',(0.,0.,1.));
#16151 = PLANE('',#16152);
#16152 = AXIS2_PLACEMENT_3D('',#16153,#16154,#16155);
#16153 = CARTESIAN_POINT('',(75.78,-72.12,-4.6E-02));
#16154 = DIRECTION('',(-1.,0.,0.));
#16155 = DIRECTION('',(0.,1.,0.));
#16156 = ADVANCED_FACE('',(#16157),#16168,.F.);
#16157 = FACE_BOUND('',#16158,.T.);
#16158 = EDGE_LOOP('',(#16159,#16160,#16161,#16162));
#16159 = ORIENTED_EDGE('',*,*,#12965,.T.);
#16160 = ORIENTED_EDGE('',*,*,#16146,.T.);
#16161 = ORIENTED_EDGE('',*,*,#14311,.F.);
#16162 = ORIENTED_EDGE('',*,*,#16163,.F.);
#16163 = EDGE_CURVE('',#12958,#14304,#16164,.T.);
#16164 = LINE('',#16165,#16166);
#16165 = CARTESIAN_POINT('',(74.78,-70.12,-4.6E-02));
#16166 = VECTOR('',#16167,1.);
#16167 = DIRECTION('',(0.,0.,1.));
#16168 = CYLINDRICAL_SURFACE('',#16169,0.5);
#16169 = AXIS2_PLACEMENT_3D('',#16170,#16171,#16172);
#16170 = CARTESIAN_POINT('',(75.28,-70.12,-4.6E-02));
#16171 = DIRECTION('',(-0.,-0.,-1.));
#16172 = DIRECTION('',(1.,0.,-0.));
#16173 = ADVANCED_FACE('',(#16174),#16180,.T.);
#16174 = FACE_BOUND('',#16175,.T.);
#16175 = EDGE_LOOP('',(#16176,#16177,#16178,#16179));
#16176 = ORIENTED_EDGE('',*,*,#12957,.T.);
#16177 = ORIENTED_EDGE('',*,*,#16163,.T.);
#16178 = ORIENTED_EDGE('',*,*,#14303,.F.);
#16179 = ORIENTED_EDGE('',*,*,#16122,.F.);
#16180 = PLANE('',#16181);
#16181 = AXIS2_PLACEMENT_3D('',#16182,#16183,#16184);
#16182 = CARTESIAN_POINT('',(74.78,-70.12,-4.6E-02));
#16183 = DIRECTION('',(1.,0.,-0.));
#16184 = DIRECTION('',(0.,-1.,0.));
#16185 = ADVANCED_FACE('',(#16186),#16202,.F.);
#16186 = FACE_BOUND('',#16187,.T.);
#16187 = EDGE_LOOP('',(#16188,#16189,#16195,#16196));
#16188 = ORIENTED_EDGE('',*,*,#12982,.T.);
#16189 = ORIENTED_EDGE('',*,*,#16190,.T.);
#16190 = EDGE_CURVE('',#12985,#14331,#16191,.T.);
#16191 = LINE('',#16192,#16193);
#16192 = CARTESIAN_POINT('',(80.78,-72.12,-4.6E-02));
#16193 = VECTOR('',#16194,1.);
#16194 = DIRECTION('',(0.,0.,1.));
#16195 = ORIENTED_EDGE('',*,*,#14328,.F.);
#16196 = ORIENTED_EDGE('',*,*,#16197,.F.);
#16197 = EDGE_CURVE('',#12983,#14329,#16198,.T.);
#16198 = LINE('',#16199,#16200);
#16199 = CARTESIAN_POINT('',(81.78,-72.12,-4.6E-02));
#16200 = VECTOR('',#16201,1.);
#16201 = DIRECTION('',(0.,0.,1.));
#16202 = CYLINDRICAL_SURFACE('',#16203,0.5);
#16203 = AXIS2_PLACEMENT_3D('',#16204,#16205,#16206);
#16204 = CARTESIAN_POINT('',(81.28,-72.12,-4.6E-02));
#16205 = DIRECTION('',(-0.,-0.,-1.));
#16206 = DIRECTION('',(-1.,0.,-0.));
#16207 = ADVANCED_FACE('',(#16208),#16219,.T.);
#16208 = FACE_BOUND('',#16209,.T.);
#16209 = EDGE_LOOP('',(#16210,#16211,#16212,#16213));
#16210 = ORIENTED_EDGE('',*,*,#13010,.T.);
#16211 = ORIENTED_EDGE('',*,*,#16197,.T.);
#16212 = ORIENTED_EDGE('',*,*,#14356,.F.);
#16213 = ORIENTED_EDGE('',*,*,#16214,.F.);
#16214 = EDGE_CURVE('',#13002,#14348,#16215,.T.);
#16215 = LINE('',#16216,#16217);
#16216 = CARTESIAN_POINT('',(81.78,-70.12,-4.6E-02));
#16217 = VECTOR('',#16218,1.);
#16218 = DIRECTION('',(0.,0.,1.));
#16219 = PLANE('',#16220);
#16220 = AXIS2_PLACEMENT_3D('',#16221,#16222,#16223);
#16221 = CARTESIAN_POINT('',(81.78,-72.12,-4.6E-02));
#16222 = DIRECTION('',(-1.,0.,0.));
#16223 = DIRECTION('',(0.,1.,0.));
#16224 = ADVANCED_FACE('',(#16225),#16236,.F.);
#16225 = FACE_BOUND('',#16226,.T.);
#16226 = EDGE_LOOP('',(#16227,#16228,#16229,#16230));
#16227 = ORIENTED_EDGE('',*,*,#13001,.T.);
#16228 = ORIENTED_EDGE('',*,*,#16214,.T.);
#16229 = ORIENTED_EDGE('',*,*,#14347,.F.);
#16230 = ORIENTED_EDGE('',*,*,#16231,.F.);
#16231 = EDGE_CURVE('',#12994,#14340,#16232,.T.);
#16232 = LINE('',#16233,#16234);
#16233 = CARTESIAN_POINT('',(80.78,-70.12,-4.6E-02));
#16234 = VECTOR('',#16235,1.);
#16235 = DIRECTION('',(0.,0.,1.));
#16236 = CYLINDRICAL_SURFACE('',#16237,0.5);
#16237 = AXIS2_PLACEMENT_3D('',#16238,#16239,#16240);
#16238 = CARTESIAN_POINT('',(81.28,-70.12,-4.6E-02));
#16239 = DIRECTION('',(-0.,-0.,-1.));
#16240 = DIRECTION('',(1.,0.,-0.));
#16241 = ADVANCED_FACE('',(#16242),#16248,.T.);
#16242 = FACE_BOUND('',#16243,.T.);
#16243 = EDGE_LOOP('',(#16244,#16245,#16246,#16247));
#16244 = ORIENTED_EDGE('',*,*,#12993,.T.);
#16245 = ORIENTED_EDGE('',*,*,#16231,.T.);
#16246 = ORIENTED_EDGE('',*,*,#14339,.F.);
#16247 = ORIENTED_EDGE('',*,*,#16190,.F.);
#16248 = PLANE('',#16249);
#16249 = AXIS2_PLACEMENT_3D('',#16250,#16251,#16252);
#16250 = CARTESIAN_POINT('',(80.78,-70.12,-4.6E-02));
#16251 = DIRECTION('',(1.,0.,-0.));
#16252 = DIRECTION('',(0.,-1.,0.));
#16253 = ADVANCED_FACE('',(#16254),#16265,.F.);
#16254 = FACE_BOUND('',#16255,.T.);
#16255 = EDGE_LOOP('',(#16256,#16257,#16263,#16264));
#16256 = ORIENTED_EDGE('',*,*,#13018,.T.);
#16257 = ORIENTED_EDGE('',*,*,#16258,.T.);
#16258 = EDGE_CURVE('',#13019,#14365,#16259,.T.);
#16259 = LINE('',#16260,#16261);
#16260 = CARTESIAN_POINT('',(92.71,-81.272,-4.6E-02));
#16261 = VECTOR('',#16262,1.);
#16262 = DIRECTION('',(0.,0.,1.));
#16263 = ORIENTED_EDGE('',*,*,#14364,.F.);
#16264 = ORIENTED_EDGE('',*,*,#16258,.F.);
#16265 = CYLINDRICAL_SURFACE('',#16266,0.5);
#16266 = AXIS2_PLACEMENT_3D('',#16267,#16268,#16269);
#16267 = CARTESIAN_POINT('',(92.71,-80.772,-4.6E-02));
#16268 = DIRECTION('',(-0.,-0.,-1.));
#16269 = DIRECTION('',(-0.,-1.,0.));
#16270 = ADVANCED_FACE('',(#16271),#16282,.F.);
#16271 = FACE_BOUND('',#16272,.T.);
#16272 = EDGE_LOOP('',(#16273,#16274,#16280,#16281));
#16273 = ORIENTED_EDGE('',*,*,#13029,.T.);
#16274 = ORIENTED_EDGE('',*,*,#16275,.T.);
#16275 = EDGE_CURVE('',#13030,#14376,#16276,.T.);
#16276 = LINE('',#16277,#16278);
#16277 = CARTESIAN_POINT('',(87.63,-76.75,-4.6E-02));
#16278 = VECTOR('',#16279,1.);
#16279 = DIRECTION('',(0.,0.,1.));
#16280 = ORIENTED_EDGE('',*,*,#14375,.F.);
#16281 = ORIENTED_EDGE('',*,*,#16275,.F.);
#16282 = CYLINDRICAL_SURFACE('',#16283,0.55);
#16283 = AXIS2_PLACEMENT_3D('',#16284,#16285,#16286);
#16284 = CARTESIAN_POINT('',(87.63,-76.2,-4.6E-02));
#16285 = DIRECTION('',(-0.,-0.,-1.));
#16286 = DIRECTION('',(-0.,-1.,0.));
#16287 = ADVANCED_FACE('',(#16288),#16299,.F.);
#16288 = FACE_BOUND('',#16289,.T.);
#16289 = EDGE_LOOP('',(#16290,#16291,#16297,#16298));
#16290 = ORIENTED_EDGE('',*,*,#13040,.T.);
#16291 = ORIENTED_EDGE('',*,*,#16292,.T.);
#16292 = EDGE_CURVE('',#13041,#14387,#16293,.T.);
#16293 = LINE('',#16294,#16295);
#16294 = CARTESIAN_POINT('',(90.17,-76.75,-4.6E-02));
#16295 = VECTOR('',#16296,1.);
#16296 = DIRECTION('',(0.,0.,1.));
#16297 = ORIENTED_EDGE('',*,*,#14386,.F.);
#16298 = ORIENTED_EDGE('',*,*,#16292,.F.);
#16299 = CYLINDRICAL_SURFACE('',#16300,0.55);
#16300 = AXIS2_PLACEMENT_3D('',#16301,#16302,#16303);
#16301 = CARTESIAN_POINT('',(90.17,-76.2,-4.6E-02));
#16302 = DIRECTION('',(-0.,-0.,-1.));
#16303 = DIRECTION('',(-0.,-1.,0.));
#16304 = ADVANCED_FACE('',(#16305),#16316,.F.);
#16305 = FACE_BOUND('',#16306,.T.);
#16306 = EDGE_LOOP('',(#16307,#16308,#16314,#16315));
#16307 = ORIENTED_EDGE('',*,*,#13051,.T.);
#16308 = ORIENTED_EDGE('',*,*,#16309,.T.);
#16309 = EDGE_CURVE('',#13052,#14398,#16310,.T.);
#16310 = LINE('',#16311,#16312);
#16311 = CARTESIAN_POINT('',(92.71,-76.75,-4.6E-02));
#16312 = VECTOR('',#16313,1.);
#16313 = DIRECTION('',(0.,0.,1.));
#16314 = ORIENTED_EDGE('',*,*,#14397,.F.);
#16315 = ORIENTED_EDGE('',*,*,#16309,.F.);
#16316 = CYLINDRICAL_SURFACE('',#16317,0.55);
#16317 = AXIS2_PLACEMENT_3D('',#16318,#16319,#16320);
#16318 = CARTESIAN_POINT('',(92.71,-76.2,-4.6E-02));
#16319 = DIRECTION('',(-0.,-0.,-1.));
#16320 = DIRECTION('',(-2.5837917664E-14,-1.,0.));
#16321 = ADVANCED_FACE('',(#16322),#16333,.F.);
#16322 = FACE_BOUND('',#16323,.T.);
#16323 = EDGE_LOOP('',(#16324,#16325,#16331,#16332));
#16324 = ORIENTED_EDGE('',*,*,#13062,.T.);
#16325 = ORIENTED_EDGE('',*,*,#16326,.T.);
#16326 = EDGE_CURVE('',#13063,#14409,#16327,.T.);
#16327 = LINE('',#16328,#16329);
#16328 = CARTESIAN_POINT('',(107.95,-76.6,-4.6E-02));
#16329 = VECTOR('',#16330,1.);
#16330 = DIRECTION('',(0.,0.,1.));
#16331 = ORIENTED_EDGE('',*,*,#14408,.F.);
#16332 = ORIENTED_EDGE('',*,*,#16326,.F.);
#16333 = CYLINDRICAL_SURFACE('',#16334,0.4);
#16334 = AXIS2_PLACEMENT_3D('',#16335,#16336,#16337);
#16335 = CARTESIAN_POINT('',(107.95,-76.2,-4.6E-02));
#16336 = DIRECTION('',(-0.,0.,-1.));
#16337 = DIRECTION('',(3.5527136788E-14,-1.,-0.));
#16338 = ADVANCED_FACE('',(#16339),#16350,.F.);
#16339 = FACE_BOUND('',#16340,.T.);
#16340 = EDGE_LOOP('',(#16341,#16342,#16348,#16349));
#16341 = ORIENTED_EDGE('',*,*,#13073,.T.);
#16342 = ORIENTED_EDGE('',*,*,#16343,.T.);
#16343 = EDGE_CURVE('',#13074,#14420,#16344,.T.);
#16344 = LINE('',#16345,#16346);
#16345 = CARTESIAN_POINT('',(113.03,-76.6,-4.6E-02));
#16346 = VECTOR('',#16347,1.);
#16347 = DIRECTION('',(0.,0.,1.));
#16348 = ORIENTED_EDGE('',*,*,#14419,.F.);
#16349 = ORIENTED_EDGE('',*,*,#16343,.F.);
#16350 = CYLINDRICAL_SURFACE('',#16351,0.4);
#16351 = AXIS2_PLACEMENT_3D('',#16352,#16353,#16354);
#16352 = CARTESIAN_POINT('',(113.03,-76.2,-4.6E-02));
#16353 = DIRECTION('',(-0.,-0.,-1.));
#16354 = DIRECTION('',(-0.,-1.,0.));
#16355 = ADVANCED_FACE('',(#16356),#16367,.F.);
#16356 = FACE_BOUND('',#16357,.T.);
#16357 = EDGE_LOOP('',(#16358,#16359,#16365,#16366));
#16358 = ORIENTED_EDGE('',*,*,#13084,.T.);
#16359 = ORIENTED_EDGE('',*,*,#16360,.T.);
#16360 = EDGE_CURVE('',#13085,#14431,#16361,.T.);
#16361 = LINE('',#16362,#16363);
#16362 = CARTESIAN_POINT('',(119.38,-76.7,-4.6E-02));
#16363 = VECTOR('',#16364,1.);
#16364 = DIRECTION('',(0.,0.,1.));
#16365 = ORIENTED_EDGE('',*,*,#14430,.F.);
#16366 = ORIENTED_EDGE('',*,*,#16360,.F.);
#16367 = CYLINDRICAL_SURFACE('',#16368,0.5);
#16368 = AXIS2_PLACEMENT_3D('',#16369,#16370,#16371);
#16369 = CARTESIAN_POINT('',(119.38,-76.2,-4.6E-02));
#16370 = DIRECTION('',(-0.,-0.,-1.));
#16371 = DIRECTION('',(-0.,-1.,0.));
#16372 = ADVANCED_FACE('',(#16373),#16384,.F.);
#16373 = FACE_BOUND('',#16374,.T.);
#16374 = EDGE_LOOP('',(#16375,#16376,#16382,#16383));
#16375 = ORIENTED_EDGE('',*,*,#13095,.T.);
#16376 = ORIENTED_EDGE('',*,*,#16377,.T.);
#16377 = EDGE_CURVE('',#13096,#14442,#16378,.T.);
#16378 = LINE('',#16379,#16380);
#16379 = CARTESIAN_POINT('',(77.2975,-62.875,-4.6E-02));
#16380 = VECTOR('',#16381,1.);
#16381 = DIRECTION('',(0.,0.,1.));
#16382 = ORIENTED_EDGE('',*,*,#14441,.F.);
#16383 = ORIENTED_EDGE('',*,*,#16377,.F.);
#16384 = CYLINDRICAL_SURFACE('',#16385,0.65);
#16385 = AXIS2_PLACEMENT_3D('',#16386,#16387,#16388);
#16386 = CARTESIAN_POINT('',(77.2975,-62.225,-4.6E-02));
#16387 = DIRECTION('',(-0.,-0.,-1.));
#16388 = DIRECTION('',(-0.,-1.,0.));
#16389 = ADVANCED_FACE('',(#16390),#16401,.F.);
#16390 = FACE_BOUND('',#16391,.T.);
#16391 = EDGE_LOOP('',(#16392,#16393,#16399,#16400));
#16392 = ORIENTED_EDGE('',*,*,#13106,.T.);
#16393 = ORIENTED_EDGE('',*,*,#16394,.T.);
#16394 = EDGE_CURVE('',#13107,#14453,#16395,.T.);
#16395 = LINE('',#16396,#16397);
#16396 = CARTESIAN_POINT('',(88.67,-68.88,-4.6E-02));
#16397 = VECTOR('',#16398,1.);
#16398 = DIRECTION('',(0.,0.,1.));
#16399 = ORIENTED_EDGE('',*,*,#14452,.F.);
#16400 = ORIENTED_EDGE('',*,*,#16394,.F.);
#16401 = CYLINDRICAL_SURFACE('',#16402,0.3);
#16402 = AXIS2_PLACEMENT_3D('',#16403,#16404,#16405);
#16403 = CARTESIAN_POINT('',(88.67,-68.58,-4.6E-02));
#16404 = DIRECTION('',(-0.,-0.,-1.));
#16405 = DIRECTION('',(-0.,-1.,0.));
#16406 = ADVANCED_FACE('',(#16407),#16418,.F.);
#16407 = FACE_BOUND('',#16408,.T.);
#16408 = EDGE_LOOP('',(#16409,#16410,#16416,#16417));
#16409 = ORIENTED_EDGE('',*,*,#13117,.T.);
#16410 = ORIENTED_EDGE('',*,*,#16411,.T.);
#16411 = EDGE_CURVE('',#13118,#14464,#16412,.T.);
#16412 = LINE('',#16413,#16414);
#16413 = CARTESIAN_POINT('',(90.17,-68.88,-4.6E-02));
#16414 = VECTOR('',#16415,1.);
#16415 = DIRECTION('',(0.,0.,1.));
#16416 = ORIENTED_EDGE('',*,*,#14463,.F.);
#16417 = ORIENTED_EDGE('',*,*,#16411,.F.);
#16418 = CYLINDRICAL_SURFACE('',#16419,0.3);
#16419 = AXIS2_PLACEMENT_3D('',#16420,#16421,#16422);
#16420 = CARTESIAN_POINT('',(90.17,-68.58,-4.6E-02));
#16421 = DIRECTION('',(-0.,-0.,-1.));
#16422 = DIRECTION('',(-0.,-1.,0.));
#16423 = ADVANCED_FACE('',(#16424),#16435,.F.);
#16424 = FACE_BOUND('',#16425,.T.);
#16425 = EDGE_LOOP('',(#16426,#16427,#16433,#16434));
#16426 = ORIENTED_EDGE('',*,*,#13128,.T.);
#16427 = ORIENTED_EDGE('',*,*,#16428,.T.);
#16428 = EDGE_CURVE('',#13129,#14475,#16429,.T.);
#16429 = LINE('',#16430,#16431);
#16430 = CARTESIAN_POINT('',(77.2975,-57.795,-4.6E-02));
#16431 = VECTOR('',#16432,1.);
#16432 = DIRECTION('',(0.,0.,1.));
#16433 = ORIENTED_EDGE('',*,*,#14474,.F.);
#16434 = ORIENTED_EDGE('',*,*,#16428,.F.);
#16435 = CYLINDRICAL_SURFACE('',#16436,0.65);
#16436 = AXIS2_PLACEMENT_3D('',#16437,#16438,#16439);
#16437 = CARTESIAN_POINT('',(77.2975,-57.145,-4.6E-02));
#16438 = DIRECTION('',(-0.,-0.,-1.));
#16439 = DIRECTION('',(-0.,-1.,0.));
#16440 = ADVANCED_FACE('',(#16441),#16452,.F.);
#16441 = FACE_BOUND('',#16442,.T.);
#16442 = EDGE_LOOP('',(#16443,#16444,#16450,#16451));
#16443 = ORIENTED_EDGE('',*,*,#13139,.T.);
#16444 = ORIENTED_EDGE('',*,*,#16445,.T.);
#16445 = EDGE_CURVE('',#13140,#14486,#16446,.T.);
#16446 = LINE('',#16447,#16448);
#16447 = CARTESIAN_POINT('',(74.93,-49.86,-4.6E-02));
#16448 = VECTOR('',#16449,1.);
#16449 = DIRECTION('',(0.,0.,1.));
#16450 = ORIENTED_EDGE('',*,*,#14485,.F.);
#16451 = ORIENTED_EDGE('',*,*,#16445,.F.);
#16452 = CYLINDRICAL_SURFACE('',#16453,1.6);
#16453 = AXIS2_PLACEMENT_3D('',#16454,#16455,#16456);
#16454 = CARTESIAN_POINT('',(74.93,-48.26,-4.6E-02));
#16455 = DIRECTION('',(-0.,-0.,-1.));
#16456 = DIRECTION('',(-0.,-1.,0.));
#16457 = ADVANCED_FACE('',(#16458),#16469,.F.);
#16458 = FACE_BOUND('',#16459,.T.);
#16459 = EDGE_LOOP('',(#16460,#16461,#16467,#16468));
#16460 = ORIENTED_EDGE('',*,*,#13150,.T.);
#16461 = ORIENTED_EDGE('',*,*,#16462,.T.);
#16462 = EDGE_CURVE('',#13151,#14497,#16463,.T.);
#16463 = LINE('',#16464,#16465);
#16464 = CARTESIAN_POINT('',(107.95,-66.44,-4.6E-02));
#16465 = VECTOR('',#16466,1.);
#16466 = DIRECTION('',(0.,0.,1.));
#16467 = ORIENTED_EDGE('',*,*,#14496,.F.);
#16468 = ORIENTED_EDGE('',*,*,#16462,.F.);
#16469 = CYLINDRICAL_SURFACE('',#16470,0.4);
#16470 = AXIS2_PLACEMENT_3D('',#16471,#16472,#16473);
#16471 = CARTESIAN_POINT('',(107.95,-66.04,-4.6E-02));
#16472 = DIRECTION('',(-0.,0.,-1.));
#16473 = DIRECTION('',(3.5527136788E-14,-1.,-0.));
#16474 = ADVANCED_FACE('',(#16475),#16486,.F.);
#16475 = FACE_BOUND('',#16476,.T.);
#16476 = EDGE_LOOP('',(#16477,#16478,#16484,#16485));
#16477 = ORIENTED_EDGE('',*,*,#13161,.T.);
#16478 = ORIENTED_EDGE('',*,*,#16479,.T.);
#16479 = EDGE_CURVE('',#13162,#14508,#16480,.T.);
#16480 = LINE('',#16481,#16482);
#16481 = CARTESIAN_POINT('',(113.03,-66.44,-4.6E-02));
#16482 = VECTOR('',#16483,1.);
#16483 = DIRECTION('',(0.,0.,1.));
#16484 = ORIENTED_EDGE('',*,*,#14507,.F.);
#16485 = ORIENTED_EDGE('',*,*,#16479,.F.);
#16486 = CYLINDRICAL_SURFACE('',#16487,0.4);
#16487 = AXIS2_PLACEMENT_3D('',#16488,#16489,#16490);
#16488 = CARTESIAN_POINT('',(113.03,-66.04,-4.6E-02));
#16489 = DIRECTION('',(-0.,-0.,-1.));
#16490 = DIRECTION('',(-0.,-1.,0.));
#16491 = ADVANCED_FACE('',(#16492),#16503,.F.);
#16492 = FACE_BOUND('',#16493,.T.);
#16493 = EDGE_LOOP('',(#16494,#16495,#16501,#16502));
#16494 = ORIENTED_EDGE('',*,*,#13172,.T.);
#16495 = ORIENTED_EDGE('',*,*,#16496,.T.);
#16496 = EDGE_CURVE('',#13173,#14519,#16497,.T.);
#16497 = LINE('',#16498,#16499);
#16498 = CARTESIAN_POINT('',(111.76,-55.26,-4.6E-02));
#16499 = VECTOR('',#16500,1.);
#16500 = DIRECTION('',(0.,0.,1.));
#16501 = ORIENTED_EDGE('',*,*,#14518,.F.);
#16502 = ORIENTED_EDGE('',*,*,#16496,.F.);
#16503 = CYLINDRICAL_SURFACE('',#16504,0.65);
#16504 = AXIS2_PLACEMENT_3D('',#16505,#16506,#16507);
#16505 = CARTESIAN_POINT('',(111.76,-54.61,-4.6E-02));
#16506 = DIRECTION('',(-0.,0.,-1.));
#16507 = DIRECTION('',(2.1862853408E-14,-1.,-0.));
#16508 = ADVANCED_FACE('',(#16509),#16520,.F.);
#16509 = FACE_BOUND('',#16510,.T.);
#16510 = EDGE_LOOP('',(#16511,#16512,#16518,#16519));
#16511 = ORIENTED_EDGE('',*,*,#13183,.T.);
#16512 = ORIENTED_EDGE('',*,*,#16513,.T.);
#16513 = EDGE_CURVE('',#13184,#14530,#16514,.T.);
#16514 = LINE('',#16515,#16516);
#16515 = CARTESIAN_POINT('',(116.84,-55.26,-4.6E-02));
#16516 = VECTOR('',#16517,1.);
#16517 = DIRECTION('',(0.,0.,1.));
#16518 = ORIENTED_EDGE('',*,*,#14529,.F.);
#16519 = ORIENTED_EDGE('',*,*,#16513,.F.);
#16520 = CYLINDRICAL_SURFACE('',#16521,0.65);
#16521 = AXIS2_PLACEMENT_3D('',#16522,#16523,#16524);
#16522 = CARTESIAN_POINT('',(116.84,-54.61,-4.6E-02));
#16523 = DIRECTION('',(-0.,-0.,-1.));
#16524 = DIRECTION('',(-0.,-1.,0.));
#16525 = ADVANCED_FACE('',(#16526),#16537,.F.);
#16526 = FACE_BOUND('',#16527,.T.);
#16527 = EDGE_LOOP('',(#16528,#16529,#16535,#16536));
#16528 = ORIENTED_EDGE('',*,*,#13194,.T.);
#16529 = ORIENTED_EDGE('',*,*,#16530,.T.);
#16530 = EDGE_CURVE('',#13195,#14541,#16531,.T.);
#16531 = LINE('',#16532,#16533);
#16532 = CARTESIAN_POINT('',(134.62,-89.4,-4.6E-02));
#16533 = VECTOR('',#16534,1.);
#16534 = DIRECTION('',(0.,0.,1.));
#16535 = ORIENTED_EDGE('',*,*,#14540,.F.);
#16536 = ORIENTED_EDGE('',*,*,#16530,.F.);
#16537 = CYLINDRICAL_SURFACE('',#16538,0.5);
#16538 = AXIS2_PLACEMENT_3D('',#16539,#16540,#16541);
#16539 = CARTESIAN_POINT('',(134.62,-88.9,-4.6E-02));
#16540 = DIRECTION('',(-0.,-0.,-1.));
#16541 = DIRECTION('',(-0.,-1.,0.));
#16542 = ADVANCED_FACE('',(#16543),#16554,.F.);
#16543 = FACE_BOUND('',#16544,.T.);
#16544 = EDGE_LOOP('',(#16545,#16546,#16552,#16553));
#16545 = ORIENTED_EDGE('',*,*,#13205,.T.);
#16546 = ORIENTED_EDGE('',*,*,#16547,.T.);
#16547 = EDGE_CURVE('',#13206,#14552,#16548,.T.);
#16548 = LINE('',#16549,#16550);
#16549 = CARTESIAN_POINT('',(137.16,-89.4,-4.6E-02));
#16550 = VECTOR('',#16551,1.);
#16551 = DIRECTION('',(0.,0.,1.));
#16552 = ORIENTED_EDGE('',*,*,#14551,.F.);
#16553 = ORIENTED_EDGE('',*,*,#16547,.F.);
#16554 = CYLINDRICAL_SURFACE('',#16555,0.5);
#16555 = AXIS2_PLACEMENT_3D('',#16556,#16557,#16558);
#16556 = CARTESIAN_POINT('',(137.16,-88.9,-4.6E-02));
#16557 = DIRECTION('',(-0.,-0.,-1.));
#16558 = DIRECTION('',(-0.,-1.,0.));
#16559 = ADVANCED_FACE('',(#16560),#16571,.F.);
#16560 = FACE_BOUND('',#16561,.T.);
#16561 = EDGE_LOOP('',(#16562,#16563,#16569,#16570));
#16562 = ORIENTED_EDGE('',*,*,#13216,.T.);
#16563 = ORIENTED_EDGE('',*,*,#16564,.T.);
#16564 = EDGE_CURVE('',#13217,#14563,#16565,.T.);
#16565 = LINE('',#16566,#16567);
#16566 = CARTESIAN_POINT('',(139.7,-89.4,-4.6E-02));
#16567 = VECTOR('',#16568,1.);
#16568 = DIRECTION('',(0.,0.,1.));
#16569 = ORIENTED_EDGE('',*,*,#14562,.F.);
#16570 = ORIENTED_EDGE('',*,*,#16564,.F.);
#16571 = CYLINDRICAL_SURFACE('',#16572,0.5);
#16572 = AXIS2_PLACEMENT_3D('',#16573,#16574,#16575);
#16573 = CARTESIAN_POINT('',(139.7,-88.9,-4.6E-02));
#16574 = DIRECTION('',(-0.,-0.,-1.));
#16575 = DIRECTION('',(-0.,-1.,0.));
#16576 = ADVANCED_FACE('',(#16577),#16588,.F.);
#16577 = FACE_BOUND('',#16578,.T.);
#16578 = EDGE_LOOP('',(#16579,#16580,#16586,#16587));
#16579 = ORIENTED_EDGE('',*,*,#13227,.T.);
#16580 = ORIENTED_EDGE('',*,*,#16581,.T.);
#16581 = EDGE_CURVE('',#13228,#14574,#16582,.T.);
#16582 = LINE('',#16583,#16584);
#16583 = CARTESIAN_POINT('',(142.24,-89.4,-4.6E-02));
#16584 = VECTOR('',#16585,1.);
#16585 = DIRECTION('',(0.,0.,1.));
#16586 = ORIENTED_EDGE('',*,*,#14573,.F.);
#16587 = ORIENTED_EDGE('',*,*,#16581,.F.);
#16588 = CYLINDRICAL_SURFACE('',#16589,0.5);
#16589 = AXIS2_PLACEMENT_3D('',#16590,#16591,#16592);
#16590 = CARTESIAN_POINT('',(142.24,-88.9,-4.6E-02));
#16591 = DIRECTION('',(-0.,-0.,-1.));
#16592 = DIRECTION('',(-0.,-1.,0.));
#16593 = ADVANCED_FACE('',(#16594),#16605,.F.);
#16594 = FACE_BOUND('',#16595,.T.);
#16595 = EDGE_LOOP('',(#16596,#16597,#16603,#16604));
#16596 = ORIENTED_EDGE('',*,*,#13238,.T.);
#16597 = ORIENTED_EDGE('',*,*,#16598,.T.);
#16598 = EDGE_CURVE('',#13239,#14585,#16599,.T.);
#16599 = LINE('',#16600,#16601);
#16600 = CARTESIAN_POINT('',(144.78,-89.4,-4.6E-02));
#16601 = VECTOR('',#16602,1.);
#16602 = DIRECTION('',(0.,0.,1.));
#16603 = ORIENTED_EDGE('',*,*,#14584,.F.);
#16604 = ORIENTED_EDGE('',*,*,#16598,.F.);
#16605 = CYLINDRICAL_SURFACE('',#16606,0.5);
#16606 = AXIS2_PLACEMENT_3D('',#16607,#16608,#16609);
#16607 = CARTESIAN_POINT('',(144.78,-88.9,-4.6E-02));
#16608 = DIRECTION('',(-0.,-0.,-1.));
#16609 = DIRECTION('',(-0.,-1.,0.));
#16610 = ADVANCED_FACE('',(#16611),#16622,.F.);
#16611 = FACE_BOUND('',#16612,.T.);
#16612 = EDGE_LOOP('',(#16613,#16614,#16620,#16621));
#16613 = ORIENTED_EDGE('',*,*,#13249,.T.);
#16614 = ORIENTED_EDGE('',*,*,#16615,.T.);
#16615 = EDGE_CURVE('',#13250,#14596,#16616,.T.);
#16616 = LINE('',#16617,#16618);
#16617 = CARTESIAN_POINT('',(121.92,-76.7,-4.6E-02));
#16618 = VECTOR('',#16619,1.);
#16619 = DIRECTION('',(0.,0.,1.));
#16620 = ORIENTED_EDGE('',*,*,#14595,.F.);
#16621 = ORIENTED_EDGE('',*,*,#16615,.F.);
#16622 = CYLINDRICAL_SURFACE('',#16623,0.5);
#16623 = AXIS2_PLACEMENT_3D('',#16624,#16625,#16626);
#16624 = CARTESIAN_POINT('',(121.92,-76.2,-4.6E-02));
#16625 = DIRECTION('',(-0.,-0.,-1.));
#16626 = DIRECTION('',(-0.,-1.,0.));
#16627 = ADVANCED_FACE('',(#16628),#16639,.F.);
#16628 = FACE_BOUND('',#16629,.T.);
#16629 = EDGE_LOOP('',(#16630,#16631,#16637,#16638));
#16630 = ORIENTED_EDGE('',*,*,#13260,.T.);
#16631 = ORIENTED_EDGE('',*,*,#16632,.T.);
#16632 = EDGE_CURVE('',#13261,#14607,#16633,.T.);
#16633 = LINE('',#16634,#16635);
#16634 = CARTESIAN_POINT('',(124.46,-76.7,-4.6E-02));
#16635 = VECTOR('',#16636,1.);
#16636 = DIRECTION('',(0.,0.,1.));
#16637 = ORIENTED_EDGE('',*,*,#14606,.F.);
#16638 = ORIENTED_EDGE('',*,*,#16632,.F.);
#16639 = CYLINDRICAL_SURFACE('',#16640,0.5);
#16640 = AXIS2_PLACEMENT_3D('',#16641,#16642,#16643);
#16641 = CARTESIAN_POINT('',(124.46,-76.2,-4.6E-02));
#16642 = DIRECTION('',(-0.,-0.,-1.));
#16643 = DIRECTION('',(-0.,-1.,0.));
#16644 = ADVANCED_FACE('',(#16645),#16656,.F.);
#16645 = FACE_BOUND('',#16646,.T.);
#16646 = EDGE_LOOP('',(#16647,#16648,#16654,#16655));
#16647 = ORIENTED_EDGE('',*,*,#13271,.T.);
#16648 = ORIENTED_EDGE('',*,*,#16649,.T.);
#16649 = EDGE_CURVE('',#13272,#14618,#16650,.T.);
#16650 = LINE('',#16651,#16652);
#16651 = CARTESIAN_POINT('',(147.32,-89.4,-4.6E-02));
#16652 = VECTOR('',#16653,1.);
#16653 = DIRECTION('',(0.,0.,1.));
#16654 = ORIENTED_EDGE('',*,*,#14617,.F.);
#16655 = ORIENTED_EDGE('',*,*,#16649,.F.);
#16656 = CYLINDRICAL_SURFACE('',#16657,0.5);
#16657 = AXIS2_PLACEMENT_3D('',#16658,#16659,#16660);
#16658 = CARTESIAN_POINT('',(147.32,-88.9,-4.6E-02));
#16659 = DIRECTION('',(-0.,-0.,-1.));
#16660 = DIRECTION('',(-0.,-1.,0.));
#16661 = ADVANCED_FACE('',(#16662),#16673,.F.);
#16662 = FACE_BOUND('',#16663,.T.);
#16663 = EDGE_LOOP('',(#16664,#16665,#16671,#16672));
#16664 = ORIENTED_EDGE('',*,*,#13282,.T.);
#16665 = ORIENTED_EDGE('',*,*,#16666,.T.);
#16666 = EDGE_CURVE('',#13283,#14629,#16667,.T.);
#16667 = LINE('',#16668,#16669);
#16668 = CARTESIAN_POINT('',(154.84,-93.31,-4.6E-02));
#16669 = VECTOR('',#16670,1.);
#16670 = DIRECTION('',(0.,0.,1.));
#16671 = ORIENTED_EDGE('',*,*,#14628,.F.);
#16672 = ORIENTED_EDGE('',*,*,#16666,.F.);
#16673 = CYLINDRICAL_SURFACE('',#16674,0.5);
#16674 = AXIS2_PLACEMENT_3D('',#16675,#16676,#16677);
#16675 = CARTESIAN_POINT('',(154.84,-92.81,-4.6E-02));
#16676 = DIRECTION('',(-0.,-0.,-1.));
#16677 = DIRECTION('',(-0.,-1.,0.));
#16678 = ADVANCED_FACE('',(#16679),#16690,.F.);
#16679 = FACE_BOUND('',#16680,.T.);
#16680 = EDGE_LOOP('',(#16681,#16682,#16688,#16689));
#16681 = ORIENTED_EDGE('',*,*,#13293,.T.);
#16682 = ORIENTED_EDGE('',*,*,#16683,.T.);
#16683 = EDGE_CURVE('',#13294,#14640,#16684,.T.);
#16684 = LINE('',#16685,#16686);
#16685 = CARTESIAN_POINT('',(154.84,-90.77,-4.6E-02));
#16686 = VECTOR('',#16687,1.);
#16687 = DIRECTION('',(0.,0.,1.));
#16688 = ORIENTED_EDGE('',*,*,#14639,.F.);
#16689 = ORIENTED_EDGE('',*,*,#16683,.F.);
#16690 = CYLINDRICAL_SURFACE('',#16691,0.5);
#16691 = AXIS2_PLACEMENT_3D('',#16692,#16693,#16694);
#16692 = CARTESIAN_POINT('',(154.84,-90.27,-4.6E-02));
#16693 = DIRECTION('',(-0.,-0.,-1.));
#16694 = DIRECTION('',(-0.,-1.,0.));
#16695 = ADVANCED_FACE('',(#16696),#16707,.F.);
#16696 = FACE_BOUND('',#16697,.T.);
#16697 = EDGE_LOOP('',(#16698,#16699,#16705,#16706));
#16698 = ORIENTED_EDGE('',*,*,#13304,.T.);
#16699 = ORIENTED_EDGE('',*,*,#16700,.T.);
#16700 = EDGE_CURVE('',#13305,#14651,#16701,.T.);
#16701 = LINE('',#16702,#16703);
#16702 = CARTESIAN_POINT('',(154.84,-88.23,-4.6E-02));
#16703 = VECTOR('',#16704,1.);
#16704 = DIRECTION('',(0.,0.,1.));
#16705 = ORIENTED_EDGE('',*,*,#14650,.F.);
#16706 = ORIENTED_EDGE('',*,*,#16700,.F.);
#16707 = CYLINDRICAL_SURFACE('',#16708,0.5);
#16708 = AXIS2_PLACEMENT_3D('',#16709,#16710,#16711);
#16709 = CARTESIAN_POINT('',(154.84,-87.73,-4.6E-02));
#16710 = DIRECTION('',(-0.,-0.,-1.));
#16711 = DIRECTION('',(-0.,-1.,0.));
#16712 = ADVANCED_FACE('',(#16713),#16724,.F.);
#16713 = FACE_BOUND('',#16714,.T.);
#16714 = EDGE_LOOP('',(#16715,#16716,#16722,#16723));
#16715 = ORIENTED_EDGE('',*,*,#13315,.T.);
#16716 = ORIENTED_EDGE('',*,*,#16717,.T.);
#16717 = EDGE_CURVE('',#13316,#14662,#16718,.T.);
#16718 = LINE('',#16719,#16720);
#16719 = CARTESIAN_POINT('',(154.84,-85.69,-4.6E-02));
#16720 = VECTOR('',#16721,1.);
#16721 = DIRECTION('',(0.,0.,1.));
#16722 = ORIENTED_EDGE('',*,*,#14661,.F.);
#16723 = ORIENTED_EDGE('',*,*,#16717,.F.);
#16724 = CYLINDRICAL_SURFACE('',#16725,0.5);
#16725 = AXIS2_PLACEMENT_3D('',#16726,#16727,#16728);
#16726 = CARTESIAN_POINT('',(154.84,-85.19,-4.6E-02));
#16727 = DIRECTION('',(-0.,-0.,-1.));
#16728 = DIRECTION('',(-0.,-1.,0.));
#16729 = ADVANCED_FACE('',(#16730),#16741,.F.);
#16730 = FACE_BOUND('',#16731,.T.);
#16731 = EDGE_LOOP('',(#16732,#16733,#16739,#16740));
#16732 = ORIENTED_EDGE('',*,*,#13326,.T.);
#16733 = ORIENTED_EDGE('',*,*,#16734,.T.);
#16734 = EDGE_CURVE('',#13327,#14673,#16735,.T.);
#16735 = LINE('',#16736,#16737);
#16736 = CARTESIAN_POINT('',(154.84,-83.15,-4.6E-02));
#16737 = VECTOR('',#16738,1.);
#16738 = DIRECTION('',(0.,0.,1.));
#16739 = ORIENTED_EDGE('',*,*,#14672,.F.);
#16740 = ORIENTED_EDGE('',*,*,#16734,.F.);
#16741 = CYLINDRICAL_SURFACE('',#16742,0.5);
#16742 = AXIS2_PLACEMENT_3D('',#16743,#16744,#16745);
#16743 = CARTESIAN_POINT('',(154.84,-82.65,-4.6E-02));
#16744 = DIRECTION('',(-0.,-0.,-1.));
#16745 = DIRECTION('',(-0.,-1.,0.));
#16746 = ADVANCED_FACE('',(#16747),#16758,.F.);
#16747 = FACE_BOUND('',#16748,.T.);
#16748 = EDGE_LOOP('',(#16749,#16750,#16756,#16757));
#16749 = ORIENTED_EDGE('',*,*,#13337,.T.);
#16750 = ORIENTED_EDGE('',*,*,#16751,.T.);
#16751 = EDGE_CURVE('',#13338,#14684,#16752,.T.);
#16752 = LINE('',#16753,#16754);
#16753 = CARTESIAN_POINT('',(125.735,-55.0875,-4.6E-02));
#16754 = VECTOR('',#16755,1.);
#16755 = DIRECTION('',(0.,0.,1.));
#16756 = ORIENTED_EDGE('',*,*,#14683,.F.);
#16757 = ORIENTED_EDGE('',*,*,#16751,.F.);
#16758 = CYLINDRICAL_SURFACE('',#16759,0.65);
#16759 = AXIS2_PLACEMENT_3D('',#16760,#16761,#16762);
#16760 = CARTESIAN_POINT('',(125.735,-54.4375,-4.6E-02));
#16761 = DIRECTION('',(-0.,-0.,-1.));
#16762 = DIRECTION('',(-0.,-1.,0.));
#16763 = ADVANCED_FACE('',(#16764),#16775,.F.);
#16764 = FACE_BOUND('',#16765,.T.);
#16765 = EDGE_LOOP('',(#16766,#16767,#16773,#16774));
#16766 = ORIENTED_EDGE('',*,*,#13348,.T.);
#16767 = ORIENTED_EDGE('',*,*,#16768,.T.);
#16768 = EDGE_CURVE('',#13349,#14695,#16769,.T.);
#16769 = LINE('',#16770,#16771);
#16770 = CARTESIAN_POINT('',(130.815,-55.0875,-4.6E-02));
#16771 = VECTOR('',#16772,1.);
#16772 = DIRECTION('',(0.,0.,1.));
#16773 = ORIENTED_EDGE('',*,*,#14694,.F.);
#16774 = ORIENTED_EDGE('',*,*,#16768,.F.);
#16775 = CYLINDRICAL_SURFACE('',#16776,0.65);
#16776 = AXIS2_PLACEMENT_3D('',#16777,#16778,#16779);
#16777 = CARTESIAN_POINT('',(130.815,-54.4375,-4.6E-02));
#16778 = DIRECTION('',(-0.,-0.,-1.));
#16779 = DIRECTION('',(-0.,-1.,0.));
#16780 = ADVANCED_FACE('',(#16781),#16792,.F.);
#16781 = FACE_BOUND('',#16782,.T.);
#16782 = EDGE_LOOP('',(#16783,#16784,#16790,#16791));
#16783 = ORIENTED_EDGE('',*,*,#13359,.T.);
#16784 = ORIENTED_EDGE('',*,*,#16785,.T.);
#16785 = EDGE_CURVE('',#13360,#14706,#16786,.T.);
#16786 = LINE('',#16787,#16788);
#16787 = CARTESIAN_POINT('',(140.975,-55.0875,-4.6E-02));
#16788 = VECTOR('',#16789,1.);
#16789 = DIRECTION('',(0.,0.,1.));
#16790 = ORIENTED_EDGE('',*,*,#14705,.F.);
#16791 = ORIENTED_EDGE('',*,*,#16785,.F.);
#16792 = CYLINDRICAL_SURFACE('',#16793,0.65);
#16793 = AXIS2_PLACEMENT_3D('',#16794,#16795,#16796);
#16794 = CARTESIAN_POINT('',(140.975,-54.4375,-4.6E-02));
#16795 = DIRECTION('',(-0.,-0.,-1.));
#16796 = DIRECTION('',(-0.,-1.,0.));
#16797 = ADVANCED_FACE('',(#16798),#16809,.F.);
#16798 = FACE_BOUND('',#16799,.T.);
#16799 = EDGE_LOOP('',(#16800,#16801,#16807,#16808));
#16800 = ORIENTED_EDGE('',*,*,#13370,.T.);
#16801 = ORIENTED_EDGE('',*,*,#16802,.T.);
#16802 = EDGE_CURVE('',#13371,#14717,#16803,.T.);
#16803 = LINE('',#16804,#16805);
#16804 = CARTESIAN_POINT('',(146.055,-55.0875,-4.6E-02));
#16805 = VECTOR('',#16806,1.);
#16806 = DIRECTION('',(0.,0.,1.));
#16807 = ORIENTED_EDGE('',*,*,#14716,.F.);
#16808 = ORIENTED_EDGE('',*,*,#16802,.F.);
#16809 = CYLINDRICAL_SURFACE('',#16810,0.65);
#16810 = AXIS2_PLACEMENT_3D('',#16811,#16812,#16813);
#16811 = CARTESIAN_POINT('',(146.055,-54.4375,-4.6E-02));
#16812 = DIRECTION('',(-0.,-0.,-1.));
#16813 = DIRECTION('',(-0.,-1.,0.));
#16814 = ADVANCED_FACE('',(#16815),#16826,.F.);
#16815 = FACE_BOUND('',#16816,.T.);
#16816 = EDGE_LOOP('',(#16817,#16818,#16824,#16825));
#16817 = ORIENTED_EDGE('',*,*,#13381,.T.);
#16818 = ORIENTED_EDGE('',*,*,#16819,.T.);
#16819 = EDGE_CURVE('',#13382,#14728,#16820,.T.);
#16820 = LINE('',#16821,#16822);
#16821 = CARTESIAN_POINT('',(154.945,-55.0875,-4.6E-02));
#16822 = VECTOR('',#16823,1.);
#16823 = DIRECTION('',(0.,0.,1.));
#16824 = ORIENTED_EDGE('',*,*,#14727,.F.);
#16825 = ORIENTED_EDGE('',*,*,#16819,.F.);
#16826 = CYLINDRICAL_SURFACE('',#16827,0.65);
#16827 = AXIS2_PLACEMENT_3D('',#16828,#16829,#16830);
#16828 = CARTESIAN_POINT('',(154.945,-54.4375,-4.6E-02));
#16829 = DIRECTION('',(-0.,-0.,-1.));
#16830 = DIRECTION('',(-0.,-1.,0.));
#16831 = ADVANCED_FACE('',(#16832),#16843,.F.);
#16832 = FACE_BOUND('',#16833,.T.);
#16833 = EDGE_LOOP('',(#16834,#16835,#16841,#16842));
#16834 = ORIENTED_EDGE('',*,*,#13392,.T.);
#16835 = ORIENTED_EDGE('',*,*,#16836,.T.);
#16836 = EDGE_CURVE('',#13393,#14739,#16837,.T.);
#16837 = LINE('',#16838,#16839);
#16838 = CARTESIAN_POINT('',(160.025,-55.0875,-4.6E-02));
#16839 = VECTOR('',#16840,1.);
#16840 = DIRECTION('',(0.,0.,1.));
#16841 = ORIENTED_EDGE('',*,*,#14738,.F.);
#16842 = ORIENTED_EDGE('',*,*,#16836,.F.);
#16843 = CYLINDRICAL_SURFACE('',#16844,0.65);
#16844 = AXIS2_PLACEMENT_3D('',#16845,#16846,#16847);
#16845 = CARTESIAN_POINT('',(160.025,-54.4375,-4.6E-02));
#16846 = DIRECTION('',(-0.,-0.,-1.));
#16847 = DIRECTION('',(-0.,-1.,0.));
#16848 = ADVANCED_FACE('',(#16849),#16860,.F.);
#16849 = FACE_BOUND('',#16850,.T.);
#16850 = EDGE_LOOP('',(#16851,#16852,#16858,#16859));
#16851 = ORIENTED_EDGE('',*,*,#13403,.T.);
#16852 = ORIENTED_EDGE('',*,*,#16853,.T.);
#16853 = EDGE_CURVE('',#13404,#14750,#16854,.T.);
#16854 = LINE('',#16855,#16856);
#16855 = CARTESIAN_POINT('',(167.64,-49.86,-4.6E-02));
#16856 = VECTOR('',#16857,1.);
#16857 = DIRECTION('',(0.,0.,1.));
#16858 = ORIENTED_EDGE('',*,*,#14749,.F.);
#16859 = ORIENTED_EDGE('',*,*,#16853,.F.);
#16860 = CYLINDRICAL_SURFACE('',#16861,1.6);
#16861 = AXIS2_PLACEMENT_3D('',#16862,#16863,#16864);
#16862 = CARTESIAN_POINT('',(167.64,-48.26,-4.6E-02));
#16863 = DIRECTION('',(-0.,-0.,-1.));
#16864 = DIRECTION('',(-0.,-1.,0.));
#16865 = ( GEOMETRIC_REPRESENTATION_CONTEXT(3) 
GLOBAL_UNCERTAINTY_ASSIGNED_CONTEXT((#16869)) 
GLOBAL_UNIT_ASSIGNED_CONTEXT((#16866,#16867,#16868)) 
REPRESENTATION_CONTEXT('Context #1',
  '3D Context with UNIT and UNCERTAINTY') );
#16866 = ( LENGTH_UNIT() NAMED_UNIT(*) SI_UNIT(.MILLI.,.METRE.) );
#16867 = ( NAMED_UNIT(*) PLANE_ANGLE_UNIT() SI_UNIT($,.RADIAN.) );
#16868 = ( NAMED_UNIT(*) SI_UNIT($,.STERADIAN.) SOLID_ANGLE_UNIT() );
#16869 = UNCERTAINTY_MEASURE_WITH_UNIT(LENGTH_MEASURE(1.E-07),#16866,
  'distance_accuracy_value','confusion accuracy');
#16870 = CONTEXT_DEPENDENT_SHAPE_REPRESENTATION(#16871,#16873);
#16871 = ( REPRESENTATION_RELATIONSHIP('','',#11965,#10) 
REPRESENTATION_RELATIONSHIP_WITH_TRANSFORMATION(#16872) 
SHAPE_REPRESENTATION_RELATIONSHIP() );
#16872 = ITEM_DEFINED_TRANSFORMATION('','',#11,#95);
#16873 = PRODUCT_DEFINITION_SHAPE('Placement','Placement of an item',
  #16874);
#16874 = NEXT_ASSEMBLY_USAGE_OCCURRENCE('21','=>[0:1:1:12]','',#5,#11960
  ,$);
#16875 = PRODUCT_RELATED_PRODUCT_CATEGORY('part',$,(#11962));
#16876 = MECHANICAL_DESIGN_GEOMETRIC_PRESENTATION_REPRESENTATION('',(
    #16877,#16885,#16892,#16899,#16906,#16913,#16920,#16927,#16934,
    #16941,#16948,#16955,#16962,#16969,#16976,#16983,#16990,#16997,
    #17004,#17011,#17018,#17025,#17032,#17040,#17047,#17054,#17061,
    #17068,#17075,#17082,#17089,#17096,#17103,#17110,#17117,#17124,
    #17131,#17138,#17145,#17152,#17159,#17166,#17173,#17180,#17187,
    #17194,#17201,#17208,#17215,#17222,#17229,#17236,#17243,#17250,
    #17257,#17264,#17271,#17278,#17285,#17292,#17299,#17306,#17313,
    #17320,#17327,#17334,#17341,#17348,#17355,#17362,#17369,#17376,
    #17383,#17390,#17397,#17404),#9291);
#16877 = STYLED_ITEM('color',(#16878),#7187);
#16878 = PRESENTATION_STYLE_ASSIGNMENT((#16879));
#16879 = SURFACE_STYLE_USAGE(.BOTH.,#16880);
#16880 = SURFACE_SIDE_STYLE('',(#16881));
#16881 = SURFACE_STYLE_FILL_AREA(#16882);
#16882 = FILL_AREA_STYLE('',(#16883));
#16883 = FILL_AREA_STYLE_COLOUR('',#16884);
#16884 = COLOUR_RGB('',0.147999998088,0.144999993226,0.144999993226);
#16885 = STYLED_ITEM('color',(#16886),#7227);
#16886 = PRESENTATION_STYLE_ASSIGNMENT((#16887));
#16887 = SURFACE_STYLE_USAGE(.BOTH.,#16888);
#16888 = SURFACE_SIDE_STYLE('',(#16889));
#16889 = SURFACE_STYLE_FILL_AREA(#16890);
#16890 = FILL_AREA_STYLE('',(#16891));
#16891 = FILL_AREA_STYLE_COLOUR('',#16884);
#16892 = STYLED_ITEM('color',(#16893),#7258);
#16893 = PRESENTATION_STYLE_ASSIGNMENT((#16894));
#16894 = SURFACE_STYLE_USAGE(.BOTH.,#16895);
#16895 = SURFACE_SIDE_STYLE('',(#16896));
#16896 = SURFACE_STYLE_FILL_AREA(#16897);
#16897 = FILL_AREA_STYLE('',(#16898));
#16898 = FILL_AREA_STYLE_COLOUR('',#16884);
#16899 = STYLED_ITEM('color',(#16900),#7289);
#16900 = PRESENTATION_STYLE_ASSIGNMENT((#16901));
#16901 = SURFACE_STYLE_USAGE(.BOTH.,#16902);
#16902 = SURFACE_SIDE_STYLE('',(#16903));
#16903 = SURFACE_STYLE_FILL_AREA(#16904);
#16904 = FILL_AREA_STYLE('',(#16905));
#16905 = FILL_AREA_STYLE_COLOUR('',#16884);
#16906 = STYLED_ITEM('color',(#16907),#7536);
#16907 = PRESENTATION_STYLE_ASSIGNMENT((#16908));
#16908 = SURFACE_STYLE_USAGE(.BOTH.,#16909);
#16909 = SURFACE_SIDE_STYLE('',(#16910));
#16910 = SURFACE_STYLE_FILL_AREA(#16911);
#16911 = FILL_AREA_STYLE('',(#16912));
#16912 = FILL_AREA_STYLE_COLOUR('',#16884);
#16913 = STYLED_ITEM('color',(#16914),#7783);
#16914 = PRESENTATION_STYLE_ASSIGNMENT((#16915));
#16915 = SURFACE_STYLE_USAGE(.BOTH.,#16916);
#16916 = SURFACE_SIDE_STYLE('',(#16917));
#16917 = SURFACE_STYLE_FILL_AREA(#16918);
#16918 = FILL_AREA_STYLE('',(#16919));
#16919 = FILL_AREA_STYLE_COLOUR('',#16884);
#16920 = STYLED_ITEM('color',(#16921),#7800);
#16921 = PRESENTATION_STYLE_ASSIGNMENT((#16922));
#16922 = SURFACE_STYLE_USAGE(.BOTH.,#16923);
#16923 = SURFACE_SIDE_STYLE('',(#16924));
#16924 = SURFACE_STYLE_FILL_AREA(#16925);
#16925 = FILL_AREA_STYLE('',(#16926));
#16926 = FILL_AREA_STYLE_COLOUR('',#16884);
#16927 = STYLED_ITEM('color',(#16928),#7817);
#16928 = PRESENTATION_STYLE_ASSIGNMENT((#16929));
#16929 = SURFACE_STYLE_USAGE(.BOTH.,#16930);
#16930 = SURFACE_SIDE_STYLE('',(#16931));
#16931 = SURFACE_STYLE_FILL_AREA(#16932);
#16932 = FILL_AREA_STYLE('',(#16933));
#16933 = FILL_AREA_STYLE_COLOUR('',#16884);
#16934 = STYLED_ITEM('color',(#16935),#7834);
#16935 = PRESENTATION_STYLE_ASSIGNMENT((#16936));
#16936 = SURFACE_STYLE_USAGE(.BOTH.,#16937);
#16937 = SURFACE_SIDE_STYLE('',(#16938));
#16938 = SURFACE_STYLE_FILL_AREA(#16939);
#16939 = FILL_AREA_STYLE('',(#16940));
#16940 = FILL_AREA_STYLE_COLOUR('',#16884);
#16941 = STYLED_ITEM('color',(#16942),#7851);
#16942 = PRESENTATION_STYLE_ASSIGNMENT((#16943));
#16943 = SURFACE_STYLE_USAGE(.BOTH.,#16944);
#16944 = SURFACE_SIDE_STYLE('',(#16945));
#16945 = SURFACE_STYLE_FILL_AREA(#16946);
#16946 = FILL_AREA_STYLE('',(#16947));
#16947 = FILL_AREA_STYLE_COLOUR('',#16884);
#16948 = STYLED_ITEM('color',(#16949),#7868);
#16949 = PRESENTATION_STYLE_ASSIGNMENT((#16950));
#16950 = SURFACE_STYLE_USAGE(.BOTH.,#16951);
#16951 = SURFACE_SIDE_STYLE('',(#16952));
#16952 = SURFACE_STYLE_FILL_AREA(#16953);
#16953 = FILL_AREA_STYLE('',(#16954));
#16954 = FILL_AREA_STYLE_COLOUR('',#16884);
#16955 = STYLED_ITEM('color',(#16956),#7885);
#16956 = PRESENTATION_STYLE_ASSIGNMENT((#16957));
#16957 = SURFACE_STYLE_USAGE(.BOTH.,#16958);
#16958 = SURFACE_SIDE_STYLE('',(#16959));
#16959 = SURFACE_STYLE_FILL_AREA(#16960);
#16960 = FILL_AREA_STYLE('',(#16961));
#16961 = FILL_AREA_STYLE_COLOUR('',#16884);
#16962 = STYLED_ITEM('color',(#16963),#7902);
#16963 = PRESENTATION_STYLE_ASSIGNMENT((#16964));
#16964 = SURFACE_STYLE_USAGE(.BOTH.,#16965);
#16965 = SURFACE_SIDE_STYLE('',(#16966));
#16966 = SURFACE_STYLE_FILL_AREA(#16967);
#16967 = FILL_AREA_STYLE('',(#16968));
#16968 = FILL_AREA_STYLE_COLOUR('',#16884);
#16969 = STYLED_ITEM('color',(#16970),#7919);
#16970 = PRESENTATION_STYLE_ASSIGNMENT((#16971));
#16971 = SURFACE_STYLE_USAGE(.BOTH.,#16972);
#16972 = SURFACE_SIDE_STYLE('',(#16973));
#16973 = SURFACE_STYLE_FILL_AREA(#16974);
#16974 = FILL_AREA_STYLE('',(#16975));
#16975 = FILL_AREA_STYLE_COLOUR('',#16884);
#16976 = STYLED_ITEM('color',(#16977),#7936);
#16977 = PRESENTATION_STYLE_ASSIGNMENT((#16978));
#16978 = SURFACE_STYLE_USAGE(.BOTH.,#16979);
#16979 = SURFACE_SIDE_STYLE('',(#16980));
#16980 = SURFACE_STYLE_FILL_AREA(#16981);
#16981 = FILL_AREA_STYLE('',(#16982));
#16982 = FILL_AREA_STYLE_COLOUR('',#16884);
#16983 = STYLED_ITEM('color',(#16984),#7953);
#16984 = PRESENTATION_STYLE_ASSIGNMENT((#16985));
#16985 = SURFACE_STYLE_USAGE(.BOTH.,#16986);
#16986 = SURFACE_SIDE_STYLE('',(#16987));
#16987 = SURFACE_STYLE_FILL_AREA(#16988);
#16988 = FILL_AREA_STYLE('',(#16989));
#16989 = FILL_AREA_STYLE_COLOUR('',#16884);
#16990 = STYLED_ITEM('color',(#16991),#7970);
#16991 = PRESENTATION_STYLE_ASSIGNMENT((#16992));
#16992 = SURFACE_STYLE_USAGE(.BOTH.,#16993);
#16993 = SURFACE_SIDE_STYLE('',(#16994));
#16994 = SURFACE_STYLE_FILL_AREA(#16995);
#16995 = FILL_AREA_STYLE('',(#16996));
#16996 = FILL_AREA_STYLE_COLOUR('',#16884);
#16997 = STYLED_ITEM('color',(#16998),#7987);
#16998 = PRESENTATION_STYLE_ASSIGNMENT((#16999));
#16999 = SURFACE_STYLE_USAGE(.BOTH.,#17000);
#17000 = SURFACE_SIDE_STYLE('',(#17001));
#17001 = SURFACE_STYLE_FILL_AREA(#17002);
#17002 = FILL_AREA_STYLE('',(#17003));
#17003 = FILL_AREA_STYLE_COLOUR('',#16884);
#17004 = STYLED_ITEM('color',(#17005),#8004);
#17005 = PRESENTATION_STYLE_ASSIGNMENT((#17006));
#17006 = SURFACE_STYLE_USAGE(.BOTH.,#17007);
#17007 = SURFACE_SIDE_STYLE('',(#17008));
#17008 = SURFACE_STYLE_FILL_AREA(#17009);
#17009 = FILL_AREA_STYLE('',(#17010));
#17010 = FILL_AREA_STYLE_COLOUR('',#16884);
#17011 = STYLED_ITEM('color',(#17012),#8021);
#17012 = PRESENTATION_STYLE_ASSIGNMENT((#17013));
#17013 = SURFACE_STYLE_USAGE(.BOTH.,#17014);
#17014 = SURFACE_SIDE_STYLE('',(#17015));
#17015 = SURFACE_STYLE_FILL_AREA(#17016);
#17016 = FILL_AREA_STYLE('',(#17017));
#17017 = FILL_AREA_STYLE_COLOUR('',#16884);
#17018 = STYLED_ITEM('color',(#17019),#8038);
#17019 = PRESENTATION_STYLE_ASSIGNMENT((#17020));
#17020 = SURFACE_STYLE_USAGE(.BOTH.,#17021);
#17021 = SURFACE_SIDE_STYLE('',(#17022));
#17022 = SURFACE_STYLE_FILL_AREA(#17023);
#17023 = FILL_AREA_STYLE('',(#17024));
#17024 = FILL_AREA_STYLE_COLOUR('',#16884);
#17025 = STYLED_ITEM('color',(#17026),#8055);
#17026 = PRESENTATION_STYLE_ASSIGNMENT((#17027));
#17027 = SURFACE_STYLE_USAGE(.BOTH.,#17028);
#17028 = SURFACE_SIDE_STYLE('',(#17029));
#17029 = SURFACE_STYLE_FILL_AREA(#17030);
#17030 = FILL_AREA_STYLE('',(#17031));
#17031 = FILL_AREA_STYLE_COLOUR('',#16884);
#17032 = STYLED_ITEM('color',(#17033),#8067);
#17033 = PRESENTATION_STYLE_ASSIGNMENT((#17034));
#17034 = SURFACE_STYLE_USAGE(.BOTH.,#17035);
#17035 = SURFACE_SIDE_STYLE('',(#17036));
#17036 = SURFACE_STYLE_FILL_AREA(#17037);
#17037 = FILL_AREA_STYLE('',(#17038));
#17038 = FILL_AREA_STYLE_COLOUR('',#17039);
#17039 = COLOUR_RGB('',0.859000020776,0.737999965183,0.495999988746);
#17040 = STYLED_ITEM('color',(#17041),#8098);
#17041 = PRESENTATION_STYLE_ASSIGNMENT((#17042));
#17042 = SURFACE_STYLE_USAGE(.BOTH.,#17043);
#17043 = SURFACE_SIDE_STYLE('',(#17044));
#17044 = SURFACE_STYLE_FILL_AREA(#17045);
#17045 = FILL_AREA_STYLE('',(#17046));
#17046 = FILL_AREA_STYLE_COLOUR('',#17039);
#17047 = STYLED_ITEM('color',(#17048),#8122);
#17048 = PRESENTATION_STYLE_ASSIGNMENT((#17049));
#17049 = SURFACE_STYLE_USAGE(.BOTH.,#17050);
#17050 = SURFACE_SIDE_STYLE('',(#17051));
#17051 = SURFACE_STYLE_FILL_AREA(#17052);
#17052 = FILL_AREA_STYLE('',(#17053));
#17053 = FILL_AREA_STYLE_COLOUR('',#17039);
#17054 = STYLED_ITEM('color',(#17055),#8146);
#17055 = PRESENTATION_STYLE_ASSIGNMENT((#17056));
#17056 = SURFACE_STYLE_USAGE(.BOTH.,#17057);
#17057 = SURFACE_SIDE_STYLE('',(#17058));
#17058 = SURFACE_STYLE_FILL_AREA(#17059);
#17059 = FILL_AREA_STYLE('',(#17060));
#17060 = FILL_AREA_STYLE_COLOUR('',#17039);
#17061 = STYLED_ITEM('color',(#17062),#8163);
#17062 = PRESENTATION_STYLE_ASSIGNMENT((#17063));
#17063 = SURFACE_STYLE_USAGE(.BOTH.,#17064);
#17064 = SURFACE_SIDE_STYLE('',(#17065));
#17065 = SURFACE_STYLE_FILL_AREA(#17066);
#17066 = FILL_AREA_STYLE('',(#17067));
#17067 = FILL_AREA_STYLE_COLOUR('',#17039);
#17068 = STYLED_ITEM('color',(#17069),#8194);
#17069 = PRESENTATION_STYLE_ASSIGNMENT((#17070));
#17070 = SURFACE_STYLE_USAGE(.BOTH.,#17071);
#17071 = SURFACE_SIDE_STYLE('',(#17072));
#17072 = SURFACE_STYLE_FILL_AREA(#17073);
#17073 = FILL_AREA_STYLE('',(#17074));
#17074 = FILL_AREA_STYLE_COLOUR('',#17039);
#17075 = STYLED_ITEM('color',(#17076),#8218);
#17076 = PRESENTATION_STYLE_ASSIGNMENT((#17077));
#17077 = SURFACE_STYLE_USAGE(.BOTH.,#17078);
#17078 = SURFACE_SIDE_STYLE('',(#17079));
#17079 = SURFACE_STYLE_FILL_AREA(#17080);
#17080 = FILL_AREA_STYLE('',(#17081));
#17081 = FILL_AREA_STYLE_COLOUR('',#17039);
#17082 = STYLED_ITEM('color',(#17083),#8242);
#17083 = PRESENTATION_STYLE_ASSIGNMENT((#17084));
#17084 = SURFACE_STYLE_USAGE(.BOTH.,#17085);
#17085 = SURFACE_SIDE_STYLE('',(#17086));
#17086 = SURFACE_STYLE_FILL_AREA(#17087);
#17087 = FILL_AREA_STYLE('',(#17088));
#17088 = FILL_AREA_STYLE_COLOUR('',#17039);
#17089 = STYLED_ITEM('color',(#17090),#8259);
#17090 = PRESENTATION_STYLE_ASSIGNMENT((#17091));
#17091 = SURFACE_STYLE_USAGE(.BOTH.,#17092);
#17092 = SURFACE_SIDE_STYLE('',(#17093));
#17093 = SURFACE_STYLE_FILL_AREA(#17094);
#17094 = FILL_AREA_STYLE('',(#17095));
#17095 = FILL_AREA_STYLE_COLOUR('',#17039);
#17096 = STYLED_ITEM('color',(#17097),#8290);
#17097 = PRESENTATION_STYLE_ASSIGNMENT((#17098));
#17098 = SURFACE_STYLE_USAGE(.BOTH.,#17099);
#17099 = SURFACE_SIDE_STYLE('',(#17100));
#17100 = SURFACE_STYLE_FILL_AREA(#17101);
#17101 = FILL_AREA_STYLE('',(#17102));
#17102 = FILL_AREA_STYLE_COLOUR('',#17039);
#17103 = STYLED_ITEM('color',(#17104),#8314);
#17104 = PRESENTATION_STYLE_ASSIGNMENT((#17105));
#17105 = SURFACE_STYLE_USAGE(.BOTH.,#17106);
#17106 = SURFACE_SIDE_STYLE('',(#17107));
#17107 = SURFACE_STYLE_FILL_AREA(#17108);
#17108 = FILL_AREA_STYLE('',(#17109));
#17109 = FILL_AREA_STYLE_COLOUR('',#17039);
#17110 = STYLED_ITEM('color',(#17111),#8338);
#17111 = PRESENTATION_STYLE_ASSIGNMENT((#17112));
#17112 = SURFACE_STYLE_USAGE(.BOTH.,#17113);
#17113 = SURFACE_SIDE_STYLE('',(#17114));
#17114 = SURFACE_STYLE_FILL_AREA(#17115);
#17115 = FILL_AREA_STYLE('',(#17116));
#17116 = FILL_AREA_STYLE_COLOUR('',#17039);
#17117 = STYLED_ITEM('color',(#17118),#8355);
#17118 = PRESENTATION_STYLE_ASSIGNMENT((#17119));
#17119 = SURFACE_STYLE_USAGE(.BOTH.,#17120);
#17120 = SURFACE_SIDE_STYLE('',(#17121));
#17121 = SURFACE_STYLE_FILL_AREA(#17122);
#17122 = FILL_AREA_STYLE('',(#17123));
#17123 = FILL_AREA_STYLE_COLOUR('',#17039);
#17124 = STYLED_ITEM('color',(#17125),#8386);
#17125 = PRESENTATION_STYLE_ASSIGNMENT((#17126));
#17126 = SURFACE_STYLE_USAGE(.BOTH.,#17127);
#17127 = SURFACE_SIDE_STYLE('',(#17128));
#17128 = SURFACE_STYLE_FILL_AREA(#17129);
#17129 = FILL_AREA_STYLE('',(#17130));
#17130 = FILL_AREA_STYLE_COLOUR('',#17039);
#17131 = STYLED_ITEM('color',(#17132),#8410);
#17132 = PRESENTATION_STYLE_ASSIGNMENT((#17133));
#17133 = SURFACE_STYLE_USAGE(.BOTH.,#17134);
#17134 = SURFACE_SIDE_STYLE('',(#17135));
#17135 = SURFACE_STYLE_FILL_AREA(#17136);
#17136 = FILL_AREA_STYLE('',(#17137));
#17137 = FILL_AREA_STYLE_COLOUR('',#17039);
#17138 = STYLED_ITEM('color',(#17139),#8434);
#17139 = PRESENTATION_STYLE_ASSIGNMENT((#17140));
#17140 = SURFACE_STYLE_USAGE(.BOTH.,#17141);
#17141 = SURFACE_SIDE_STYLE('',(#17142));
#17142 = SURFACE_STYLE_FILL_AREA(#17143);
#17143 = FILL_AREA_STYLE('',(#17144));
#17144 = FILL_AREA_STYLE_COLOUR('',#17039);
#17145 = STYLED_ITEM('color',(#17146),#8451);
#17146 = PRESENTATION_STYLE_ASSIGNMENT((#17147));
#17147 = SURFACE_STYLE_USAGE(.BOTH.,#17148);
#17148 = SURFACE_SIDE_STYLE('',(#17149));
#17149 = SURFACE_STYLE_FILL_AREA(#17150);
#17150 = FILL_AREA_STYLE('',(#17151));
#17151 = FILL_AREA_STYLE_COLOUR('',#17039);
#17152 = STYLED_ITEM('color',(#17153),#8482);
#17153 = PRESENTATION_STYLE_ASSIGNMENT((#17154));
#17154 = SURFACE_STYLE_USAGE(.BOTH.,#17155);
#17155 = SURFACE_SIDE_STYLE('',(#17156));
#17156 = SURFACE_STYLE_FILL_AREA(#17157);
#17157 = FILL_AREA_STYLE('',(#17158));
#17158 = FILL_AREA_STYLE_COLOUR('',#17039);
#17159 = STYLED_ITEM('color',(#17160),#8506);
#17160 = PRESENTATION_STYLE_ASSIGNMENT((#17161));
#17161 = SURFACE_STYLE_USAGE(.BOTH.,#17162);
#17162 = SURFACE_SIDE_STYLE('',(#17163));
#17163 = SURFACE_STYLE_FILL_AREA(#17164);
#17164 = FILL_AREA_STYLE('',(#17165));
#17165 = FILL_AREA_STYLE_COLOUR('',#17039);
#17166 = STYLED_ITEM('color',(#17167),#8530);
#17167 = PRESENTATION_STYLE_ASSIGNMENT((#17168));
#17168 = SURFACE_STYLE_USAGE(.BOTH.,#17169);
#17169 = SURFACE_SIDE_STYLE('',(#17170));
#17170 = SURFACE_STYLE_FILL_AREA(#17171);
#17171 = FILL_AREA_STYLE('',(#17172));
#17172 = FILL_AREA_STYLE_COLOUR('',#17039);
#17173 = STYLED_ITEM('color',(#17174),#8547);
#17174 = PRESENTATION_STYLE_ASSIGNMENT((#17175));
#17175 = SURFACE_STYLE_USAGE(.BOTH.,#17176);
#17176 = SURFACE_SIDE_STYLE('',(#17177));
#17177 = SURFACE_STYLE_FILL_AREA(#17178);
#17178 = FILL_AREA_STYLE('',(#17179));
#17179 = FILL_AREA_STYLE_COLOUR('',#17039);
#17180 = STYLED_ITEM('color',(#17181),#8578);
#17181 = PRESENTATION_STYLE_ASSIGNMENT((#17182));
#17182 = SURFACE_STYLE_USAGE(.BOTH.,#17183);
#17183 = SURFACE_SIDE_STYLE('',(#17184));
#17184 = SURFACE_STYLE_FILL_AREA(#17185);
#17185 = FILL_AREA_STYLE('',(#17186));
#17186 = FILL_AREA_STYLE_COLOUR('',#17039);
#17187 = STYLED_ITEM('color',(#17188),#8602);
#17188 = PRESENTATION_STYLE_ASSIGNMENT((#17189));
#17189 = SURFACE_STYLE_USAGE(.BOTH.,#17190);
#17190 = SURFACE_SIDE_STYLE('',(#17191));
#17191 = SURFACE_STYLE_FILL_AREA(#17192);
#17192 = FILL_AREA_STYLE('',(#17193));
#17193 = FILL_AREA_STYLE_COLOUR('',#17039);
#17194 = STYLED_ITEM('color',(#17195),#8626);
#17195 = PRESENTATION_STYLE_ASSIGNMENT((#17196));
#17196 = SURFACE_STYLE_USAGE(.BOTH.,#17197);
#17197 = SURFACE_SIDE_STYLE('',(#17198));
#17198 = SURFACE_STYLE_FILL_AREA(#17199);
#17199 = FILL_AREA_STYLE('',(#17200));
#17200 = FILL_AREA_STYLE_COLOUR('',#17039);
#17201 = STYLED_ITEM('color',(#17202),#8643);
#17202 = PRESENTATION_STYLE_ASSIGNMENT((#17203));
#17203 = SURFACE_STYLE_USAGE(.BOTH.,#17204);
#17204 = SURFACE_SIDE_STYLE('',(#17205));
#17205 = SURFACE_STYLE_FILL_AREA(#17206);
#17206 = FILL_AREA_STYLE('',(#17207));
#17207 = FILL_AREA_STYLE_COLOUR('',#17039);
#17208 = STYLED_ITEM('color',(#17209),#8674);
#17209 = PRESENTATION_STYLE_ASSIGNMENT((#17210));
#17210 = SURFACE_STYLE_USAGE(.BOTH.,#17211);
#17211 = SURFACE_SIDE_STYLE('',(#17212));
#17212 = SURFACE_STYLE_FILL_AREA(#17213);
#17213 = FILL_AREA_STYLE('',(#17214));
#17214 = FILL_AREA_STYLE_COLOUR('',#17039);
#17215 = STYLED_ITEM('color',(#17216),#8698);
#17216 = PRESENTATION_STYLE_ASSIGNMENT((#17217));
#17217 = SURFACE_STYLE_USAGE(.BOTH.,#17218);
#17218 = SURFACE_SIDE_STYLE('',(#17219));
#17219 = SURFACE_STYLE_FILL_AREA(#17220);
#17220 = FILL_AREA_STYLE('',(#17221));
#17221 = FILL_AREA_STYLE_COLOUR('',#17039);
#17222 = STYLED_ITEM('color',(#17223),#8722);
#17223 = PRESENTATION_STYLE_ASSIGNMENT((#17224));
#17224 = SURFACE_STYLE_USAGE(.BOTH.,#17225);
#17225 = SURFACE_SIDE_STYLE('',(#17226));
#17226 = SURFACE_STYLE_FILL_AREA(#17227);
#17227 = FILL_AREA_STYLE('',(#17228));
#17228 = FILL_AREA_STYLE_COLOUR('',#17039);
#17229 = STYLED_ITEM('color',(#17230),#8739);
#17230 = PRESENTATION_STYLE_ASSIGNMENT((#17231));
#17231 = SURFACE_STYLE_USAGE(.BOTH.,#17232);
#17232 = SURFACE_SIDE_STYLE('',(#17233));
#17233 = SURFACE_STYLE_FILL_AREA(#17234);
#17234 = FILL_AREA_STYLE('',(#17235));
#17235 = FILL_AREA_STYLE_COLOUR('',#17039);
#17236 = STYLED_ITEM('color',(#17237),#8770);
#17237 = PRESENTATION_STYLE_ASSIGNMENT((#17238));
#17238 = SURFACE_STYLE_USAGE(.BOTH.,#17239);
#17239 = SURFACE_SIDE_STYLE('',(#17240));
#17240 = SURFACE_STYLE_FILL_AREA(#17241);
#17241 = FILL_AREA_STYLE('',(#17242));
#17242 = FILL_AREA_STYLE_COLOUR('',#17039);
#17243 = STYLED_ITEM('color',(#17244),#8794);
#17244 = PRESENTATION_STYLE_ASSIGNMENT((#17245));
#17245 = SURFACE_STYLE_USAGE(.BOTH.,#17246);
#17246 = SURFACE_SIDE_STYLE('',(#17247));
#17247 = SURFACE_STYLE_FILL_AREA(#17248);
#17248 = FILL_AREA_STYLE('',(#17249));
#17249 = FILL_AREA_STYLE_COLOUR('',#17039);
#17250 = STYLED_ITEM('color',(#17251),#8818);
#17251 = PRESENTATION_STYLE_ASSIGNMENT((#17252));
#17252 = SURFACE_STYLE_USAGE(.BOTH.,#17253);
#17253 = SURFACE_SIDE_STYLE('',(#17254));
#17254 = SURFACE_STYLE_FILL_AREA(#17255);
#17255 = FILL_AREA_STYLE('',(#17256));
#17256 = FILL_AREA_STYLE_COLOUR('',#17039);
#17257 = STYLED_ITEM('color',(#17258),#8835);
#17258 = PRESENTATION_STYLE_ASSIGNMENT((#17259));
#17259 = SURFACE_STYLE_USAGE(.BOTH.,#17260);
#17260 = SURFACE_SIDE_STYLE('',(#17261));
#17261 = SURFACE_STYLE_FILL_AREA(#17262);
#17262 = FILL_AREA_STYLE('',(#17263));
#17263 = FILL_AREA_STYLE_COLOUR('',#17039);
#17264 = STYLED_ITEM('color',(#17265),#8866);
#17265 = PRESENTATION_STYLE_ASSIGNMENT((#17266));
#17266 = SURFACE_STYLE_USAGE(.BOTH.,#17267);
#17267 = SURFACE_SIDE_STYLE('',(#17268));
#17268 = SURFACE_STYLE_FILL_AREA(#17269);
#17269 = FILL_AREA_STYLE('',(#17270));
#17270 = FILL_AREA_STYLE_COLOUR('',#17039);
#17271 = STYLED_ITEM('color',(#17272),#8890);
#17272 = PRESENTATION_STYLE_ASSIGNMENT((#17273));
#17273 = SURFACE_STYLE_USAGE(.BOTH.,#17274);
#17274 = SURFACE_SIDE_STYLE('',(#17275));
#17275 = SURFACE_STYLE_FILL_AREA(#17276);
#17276 = FILL_AREA_STYLE('',(#17277));
#17277 = FILL_AREA_STYLE_COLOUR('',#17039);
#17278 = STYLED_ITEM('color',(#17279),#8914);
#17279 = PRESENTATION_STYLE_ASSIGNMENT((#17280));
#17280 = SURFACE_STYLE_USAGE(.BOTH.,#17281);
#17281 = SURFACE_SIDE_STYLE('',(#17282));
#17282 = SURFACE_STYLE_FILL_AREA(#17283);
#17283 = FILL_AREA_STYLE('',(#17284));
#17284 = FILL_AREA_STYLE_COLOUR('',#17039);
#17285 = STYLED_ITEM('color',(#17286),#8931);
#17286 = PRESENTATION_STYLE_ASSIGNMENT((#17287));
#17287 = SURFACE_STYLE_USAGE(.BOTH.,#17288);
#17288 = SURFACE_SIDE_STYLE('',(#17289));
#17289 = SURFACE_STYLE_FILL_AREA(#17290);
#17290 = FILL_AREA_STYLE('',(#17291));
#17291 = FILL_AREA_STYLE_COLOUR('',#17039);
#17292 = STYLED_ITEM('color',(#17293),#8962);
#17293 = PRESENTATION_STYLE_ASSIGNMENT((#17294));
#17294 = SURFACE_STYLE_USAGE(.BOTH.,#17295);
#17295 = SURFACE_SIDE_STYLE('',(#17296));
#17296 = SURFACE_STYLE_FILL_AREA(#17297);
#17297 = FILL_AREA_STYLE('',(#17298));
#17298 = FILL_AREA_STYLE_COLOUR('',#17039);
#17299 = STYLED_ITEM('color',(#17300),#8986);
#17300 = PRESENTATION_STYLE_ASSIGNMENT((#17301));
#17301 = SURFACE_STYLE_USAGE(.BOTH.,#17302);
#17302 = SURFACE_SIDE_STYLE('',(#17303));
#17303 = SURFACE_STYLE_FILL_AREA(#17304);
#17304 = FILL_AREA_STYLE('',(#17305));
#17305 = FILL_AREA_STYLE_COLOUR('',#17039);
#17306 = STYLED_ITEM('color',(#17307),#9010);
#17307 = PRESENTATION_STYLE_ASSIGNMENT((#17308));
#17308 = SURFACE_STYLE_USAGE(.BOTH.,#17309);
#17309 = SURFACE_SIDE_STYLE('',(#17310));
#17310 = SURFACE_STYLE_FILL_AREA(#17311);
#17311 = FILL_AREA_STYLE('',(#17312));
#17312 = FILL_AREA_STYLE_COLOUR('',#17039);
#17313 = STYLED_ITEM('color',(#17314),#9027);
#17314 = PRESENTATION_STYLE_ASSIGNMENT((#17315));
#17315 = SURFACE_STYLE_USAGE(.BOTH.,#17316);
#17316 = SURFACE_SIDE_STYLE('',(#17317));
#17317 = SURFACE_STYLE_FILL_AREA(#17318);
#17318 = FILL_AREA_STYLE('',(#17319));
#17319 = FILL_AREA_STYLE_COLOUR('',#17039);
#17320 = STYLED_ITEM('color',(#17321),#9058);
#17321 = PRESENTATION_STYLE_ASSIGNMENT((#17322));
#17322 = SURFACE_STYLE_USAGE(.BOTH.,#17323);
#17323 = SURFACE_SIDE_STYLE('',(#17324));
#17324 = SURFACE_STYLE_FILL_AREA(#17325);
#17325 = FILL_AREA_STYLE('',(#17326));
#17326 = FILL_AREA_STYLE_COLOUR('',#17039);
#17327 = STYLED_ITEM('color',(#17328),#9082);
#17328 = PRESENTATION_STYLE_ASSIGNMENT((#17329));
#17329 = SURFACE_STYLE_USAGE(.BOTH.,#17330);
#17330 = SURFACE_SIDE_STYLE('',(#17331));
#17331 = SURFACE_STYLE_FILL_AREA(#17332);
#17332 = FILL_AREA_STYLE('',(#17333));
#17333 = FILL_AREA_STYLE_COLOUR('',#17039);
#17334 = STYLED_ITEM('color',(#17335),#9106);
#17335 = PRESENTATION_STYLE_ASSIGNMENT((#17336));
#17336 = SURFACE_STYLE_USAGE(.BOTH.,#17337);
#17337 = SURFACE_SIDE_STYLE('',(#17338));
#17338 = SURFACE_STYLE_FILL_AREA(#17339);
#17339 = FILL_AREA_STYLE('',(#17340));
#17340 = FILL_AREA_STYLE_COLOUR('',#17039);
#17341 = STYLED_ITEM('color',(#17342),#9123);
#17342 = PRESENTATION_STYLE_ASSIGNMENT((#17343));
#17343 = SURFACE_STYLE_USAGE(.BOTH.,#17344);
#17344 = SURFACE_SIDE_STYLE('',(#17345));
#17345 = SURFACE_STYLE_FILL_AREA(#17346);
#17346 = FILL_AREA_STYLE('',(#17347));
#17347 = FILL_AREA_STYLE_COLOUR('',#17039);
#17348 = STYLED_ITEM('color',(#17349),#9154);
#17349 = PRESENTATION_STYLE_ASSIGNMENT((#17350));
#17350 = SURFACE_STYLE_USAGE(.BOTH.,#17351);
#17351 = SURFACE_SIDE_STYLE('',(#17352));
#17352 = SURFACE_STYLE_FILL_AREA(#17353);
#17353 = FILL_AREA_STYLE('',(#17354));
#17354 = FILL_AREA_STYLE_COLOUR('',#17039);
#17355 = STYLED_ITEM('color',(#17356),#9178);
#17356 = PRESENTATION_STYLE_ASSIGNMENT((#17357));
#17357 = SURFACE_STYLE_USAGE(.BOTH.,#17358);
#17358 = SURFACE_SIDE_STYLE('',(#17359));
#17359 = SURFACE_STYLE_FILL_AREA(#17360);
#17360 = FILL_AREA_STYLE('',(#17361));
#17361 = FILL_AREA_STYLE_COLOUR('',#17039);
#17362 = STYLED_ITEM('color',(#17363),#9202);
#17363 = PRESENTATION_STYLE_ASSIGNMENT((#17364));
#17364 = SURFACE_STYLE_USAGE(.BOTH.,#17365);
#17365 = SURFACE_SIDE_STYLE('',(#17366));
#17366 = SURFACE_STYLE_FILL_AREA(#17367);
#17367 = FILL_AREA_STYLE('',(#17368));
#17368 = FILL_AREA_STYLE_COLOUR('',#17039);
#17369 = STYLED_ITEM('color',(#17370),#9219);
#17370 = PRESENTATION_STYLE_ASSIGNMENT((#17371));
#17371 = SURFACE_STYLE_USAGE(.BOTH.,#17372);
#17372 = SURFACE_SIDE_STYLE('',(#17373));
#17373 = SURFACE_STYLE_FILL_AREA(#17374);
#17374 = FILL_AREA_STYLE('',(#17375));
#17375 = FILL_AREA_STYLE_COLOUR('',#17039);
#17376 = STYLED_ITEM('color',(#17377),#9231);
#17377 = PRESENTATION_STYLE_ASSIGNMENT((#17378));
#17378 = SURFACE_STYLE_USAGE(.BOTH.,#17379);
#17379 = SURFACE_SIDE_STYLE('',(#17380));
#17380 = SURFACE_STYLE_FILL_AREA(#17381);
#17381 = FILL_AREA_STYLE('',(#17382));
#17382 = FILL_AREA_STYLE_COLOUR('',#17039);
#17383 = STYLED_ITEM('color',(#17384),#9243);
#17384 = PRESENTATION_STYLE_ASSIGNMENT((#17385));
#17385 = SURFACE_STYLE_USAGE(.BOTH.,#17386);
#17386 = SURFACE_SIDE_STYLE('',(#17387));
#17387 = SURFACE_STYLE_FILL_AREA(#17388);
#17388 = FILL_AREA_STYLE('',(#17389));
#17389 = FILL_AREA_STYLE_COLOUR('',#17039);
#17390 = STYLED_ITEM('color',(#17391),#9255);
#17391 = PRESENTATION_STYLE_ASSIGNMENT((#17392));
#17392 = SURFACE_STYLE_USAGE(.BOTH.,#17393);
#17393 = SURFACE_SIDE_STYLE('',(#17394));
#17394 = SURFACE_STYLE_FILL_AREA(#17395);
#17395 = FILL_AREA_STYLE('',(#17396));
#17396 = FILL_AREA_STYLE_COLOUR('',#17039);
#17397 = STYLED_ITEM('color',(#17398),#9267);
#17398 = PRESENTATION_STYLE_ASSIGNMENT((#17399));
#17399 = SURFACE_STYLE_USAGE(.BOTH.,#17400);
#17400 = SURFACE_SIDE_STYLE('',(#17401));
#17401 = SURFACE_STYLE_FILL_AREA(#17402);
#17402 = FILL_AREA_STYLE('',(#17403));
#17403 = FILL_AREA_STYLE_COLOUR('',#17039);
#17404 = STYLED_ITEM('color',(#17405),#9279);
#17405 = PRESENTATION_STYLE_ASSIGNMENT((#17406));
#17406 = SURFACE_STYLE_USAGE(.BOTH.,#17407);
#17407 = SURFACE_SIDE_STYLE('',(#17408));
#17408 = SURFACE_STYLE_FILL_AREA(#17409);
#17409 = FILL_AREA_STYLE('',(#17410));
#17410 = FILL_AREA_STYLE_COLOUR('',#17039);
#17411 = MECHANICAL_DESIGN_GEOMETRIC_PRESENTATION_REPRESENTATION('',(
    #17412),#16865);
#17412 = STYLED_ITEM('color',(#17413),#11966);
#17413 = PRESENTATION_STYLE_ASSIGNMENT((#17414));
#17414 = SURFACE_STYLE_USAGE(.BOTH.,#17415);
#17415 = SURFACE_SIDE_STYLE('',(#17416));
#17416 = SURFACE_STYLE_FILL_AREA(#17417);
#17417 = FILL_AREA_STYLE('',(#17418));
#17418 = FILL_AREA_STYLE_COLOUR('',#17419);
#17419 = COLOUR_RGB('',0.313304153717,0.484529207832,0.410020903123);
#17420 = MECHANICAL_DESIGN_GEOMETRIC_PRESENTATION_REPRESENTATION('',(
    #17421,#17429,#17436,#17444,#17451,#17458,#17465,#17472,#17479,
    #17486,#17493,#17500,#17507,#17514,#17521,#17528,#17535,#17542,
    #17549,#17556,#17563,#17570,#17577,#17584,#17591,#17598,#17605,
    #17612,#17619,#17626,#17633,#17640),#4194);
#17421 = STYLED_ITEM('color',(#17422),#3209);
#17422 = PRESENTATION_STYLE_ASSIGNMENT((#17423));
#17423 = SURFACE_STYLE_USAGE(.BOTH.,#17424);
#17424 = SURFACE_SIDE_STYLE('',(#17425));
#17425 = SURFACE_STYLE_FILL_AREA(#17426);
#17426 = FILL_AREA_STYLE('',(#17427));
#17427 = FILL_AREA_STYLE_COLOUR('',#17428);
#17428 = COLOUR_RGB('',0.823999987314,0.819999987296,0.781000009244);
#17429 = STYLED_ITEM('color',(#17430),#3226);
#17430 = PRESENTATION_STYLE_ASSIGNMENT((#17431));
#17431 = SURFACE_STYLE_USAGE(.BOTH.,#17432);
#17432 = SURFACE_SIDE_STYLE('',(#17433));
#17433 = SURFACE_STYLE_FILL_AREA(#17434);
#17434 = FILL_AREA_STYLE('',(#17435));
#17435 = FILL_AREA_STYLE_COLOUR('',#17428);
#17436 = STYLED_ITEM('color',(#17437),#3251);
#17437 = PRESENTATION_STYLE_ASSIGNMENT((#17438));
#17438 = SURFACE_STYLE_USAGE(.BOTH.,#17439);
#17439 = SURFACE_SIDE_STYLE('',(#17440));
#17440 = SURFACE_STYLE_FILL_AREA(#17441);
#17441 = FILL_AREA_STYLE('',(#17442));
#17442 = FILL_AREA_STYLE_COLOUR('',#17443);
#17443 = COLOUR_RGB('',0.136999991899,0.40200001271,0.726999997272);
#17444 = STYLED_ITEM('color',(#17445),#3282);
#17445 = PRESENTATION_STYLE_ASSIGNMENT((#17446));
#17446 = SURFACE_STYLE_USAGE(.BOTH.,#17447);
#17447 = SURFACE_SIDE_STYLE('',(#17448));
#17448 = SURFACE_STYLE_FILL_AREA(#17449);
#17449 = FILL_AREA_STYLE('',(#17450));
#17450 = FILL_AREA_STYLE_COLOUR('',#17443);
#17451 = STYLED_ITEM('color',(#17452),#3307);
#17452 = PRESENTATION_STYLE_ASSIGNMENT((#17453));
#17453 = SURFACE_STYLE_USAGE(.BOTH.,#17454);
#17454 = SURFACE_SIDE_STYLE('',(#17455));
#17455 = SURFACE_STYLE_FILL_AREA(#17456);
#17456 = FILL_AREA_STYLE('',(#17457));
#17457 = FILL_AREA_STYLE_COLOUR('',#17428);
#17458 = STYLED_ITEM('color',(#17459),#3332);
#17459 = PRESENTATION_STYLE_ASSIGNMENT((#17460));
#17460 = SURFACE_STYLE_USAGE(.BOTH.,#17461);
#17461 = SURFACE_SIDE_STYLE('',(#17462));
#17462 = SURFACE_STYLE_FILL_AREA(#17463);
#17463 = FILL_AREA_STYLE('',(#17464));
#17464 = FILL_AREA_STYLE_COLOUR('',#17443);
#17465 = STYLED_ITEM('color',(#17466),#3352);
#17466 = PRESENTATION_STYLE_ASSIGNMENT((#17467));
#17467 = SURFACE_STYLE_USAGE(.BOTH.,#17468);
#17468 = SURFACE_SIDE_STYLE('',(#17469));
#17469 = SURFACE_STYLE_FILL_AREA(#17470);
#17470 = FILL_AREA_STYLE('',(#17471));
#17471 = FILL_AREA_STYLE_COLOUR('',#17428);
#17472 = STYLED_ITEM('color',(#17473),#3361);
#17473 = PRESENTATION_STYLE_ASSIGNMENT((#17474));
#17474 = SURFACE_STYLE_USAGE(.BOTH.,#17475);
#17475 = SURFACE_SIDE_STYLE('',(#17476));
#17476 = SURFACE_STYLE_FILL_AREA(#17477);
#17477 = FILL_AREA_STYLE('',(#17478));
#17478 = FILL_AREA_STYLE_COLOUR('',#17443);
#17479 = STYLED_ITEM('color',(#17480),#3391);
#17480 = PRESENTATION_STYLE_ASSIGNMENT((#17481));
#17481 = SURFACE_STYLE_USAGE(.BOTH.,#17482);
#17482 = SURFACE_SIDE_STYLE('',(#17483));
#17483 = SURFACE_STYLE_FILL_AREA(#17484);
#17484 = FILL_AREA_STYLE('',(#17485));
#17485 = FILL_AREA_STYLE_COLOUR('',#17443);
#17486 = STYLED_ITEM('color',(#17487),#3426);
#17487 = PRESENTATION_STYLE_ASSIGNMENT((#17488));
#17488 = SURFACE_STYLE_USAGE(.BOTH.,#17489);
#17489 = SURFACE_SIDE_STYLE('',(#17490));
#17490 = SURFACE_STYLE_FILL_AREA(#17491);
#17491 = FILL_AREA_STYLE('',(#17492));
#17492 = FILL_AREA_STYLE_COLOUR('',#17443);
#17493 = STYLED_ITEM('color',(#17494),#3499);
#17494 = PRESENTATION_STYLE_ASSIGNMENT((#17495));
#17495 = SURFACE_STYLE_USAGE(.BOTH.,#17496);
#17496 = SURFACE_SIDE_STYLE('',(#17497));
#17497 = SURFACE_STYLE_FILL_AREA(#17498);
#17498 = FILL_AREA_STYLE('',(#17499));
#17499 = FILL_AREA_STYLE_COLOUR('',#17443);
#17500 = STYLED_ITEM('color',(#17501),#3539);
#17501 = PRESENTATION_STYLE_ASSIGNMENT((#17502));
#17502 = SURFACE_STYLE_USAGE(.BOTH.,#17503);
#17503 = SURFACE_SIDE_STYLE('',(#17504));
#17504 = SURFACE_STYLE_FILL_AREA(#17505);
#17505 = FILL_AREA_STYLE('',(#17506));
#17506 = FILL_AREA_STYLE_COLOUR('',#17443);
#17507 = STYLED_ITEM('color',(#17508),#3612);
#17508 = PRESENTATION_STYLE_ASSIGNMENT((#17509));
#17509 = SURFACE_STYLE_USAGE(.BOTH.,#17510);
#17510 = SURFACE_SIDE_STYLE('',(#17511));
#17511 = SURFACE_STYLE_FILL_AREA(#17512);
#17512 = FILL_AREA_STYLE('',(#17513));
#17513 = FILL_AREA_STYLE_COLOUR('',#17443);
#17514 = STYLED_ITEM('color',(#17515),#3637);
#17515 = PRESENTATION_STYLE_ASSIGNMENT((#17516));
#17516 = SURFACE_STYLE_USAGE(.BOTH.,#17517);
#17517 = SURFACE_SIDE_STYLE('',(#17518));
#17518 = SURFACE_STYLE_FILL_AREA(#17519);
#17519 = FILL_AREA_STYLE('',(#17520));
#17520 = FILL_AREA_STYLE_COLOUR('',#17443);
#17521 = STYLED_ITEM('color',(#17522),#3663);
#17522 = PRESENTATION_STYLE_ASSIGNMENT((#17523));
#17523 = SURFACE_STYLE_USAGE(.BOTH.,#17524);
#17524 = SURFACE_SIDE_STYLE('',(#17525));
#17525 = SURFACE_STYLE_FILL_AREA(#17526);
#17526 = FILL_AREA_STYLE('',(#17527));
#17527 = FILL_AREA_STYLE_COLOUR('',#17443);
#17528 = STYLED_ITEM('color',(#17529),#3683);
#17529 = PRESENTATION_STYLE_ASSIGNMENT((#17530));
#17530 = SURFACE_STYLE_USAGE(.BOTH.,#17531);
#17531 = SURFACE_SIDE_STYLE('',(#17532));
#17532 = SURFACE_STYLE_FILL_AREA(#17533);
#17533 = FILL_AREA_STYLE('',(#17534));
#17534 = FILL_AREA_STYLE_COLOUR('',#17443);
#17535 = STYLED_ITEM('color',(#17536),#3853);
#17536 = PRESENTATION_STYLE_ASSIGNMENT((#17537));
#17537 = SURFACE_STYLE_USAGE(.BOTH.,#17538);
#17538 = SURFACE_SIDE_STYLE('',(#17539));
#17539 = SURFACE_STYLE_FILL_AREA(#17540);
#17540 = FILL_AREA_STYLE('',(#17541));
#17541 = FILL_AREA_STYLE_COLOUR('',#17428);
#17542 = STYLED_ITEM('color',(#17543),#3923);
#17543 = PRESENTATION_STYLE_ASSIGNMENT((#17544));
#17544 = SURFACE_STYLE_USAGE(.BOTH.,#17545);
#17545 = SURFACE_SIDE_STYLE('',(#17546));
#17546 = SURFACE_STYLE_FILL_AREA(#17547);
#17547 = FILL_AREA_STYLE('',(#17548));
#17548 = FILL_AREA_STYLE_COLOUR('',#17428);
#17549 = STYLED_ITEM('color',(#17550),#3947);
#17550 = PRESENTATION_STYLE_ASSIGNMENT((#17551));
#17551 = SURFACE_STYLE_USAGE(.BOTH.,#17552);
#17552 = SURFACE_SIDE_STYLE('',(#17553));
#17553 = SURFACE_STYLE_FILL_AREA(#17554);
#17554 = FILL_AREA_STYLE('',(#17555));
#17555 = FILL_AREA_STYLE_COLOUR('',#17428);
#17556 = STYLED_ITEM('color',(#17557),#3963);
#17557 = PRESENTATION_STYLE_ASSIGNMENT((#17558));
#17558 = SURFACE_STYLE_USAGE(.BOTH.,#17559);
#17559 = SURFACE_SIDE_STYLE('',(#17560));
#17560 = SURFACE_STYLE_FILL_AREA(#17561);
#17561 = FILL_AREA_STYLE('',(#17562));
#17562 = FILL_AREA_STYLE_COLOUR('',#17428);
#17563 = STYLED_ITEM('color',(#17564),#3975);
#17564 = PRESENTATION_STYLE_ASSIGNMENT((#17565));
#17565 = SURFACE_STYLE_USAGE(.BOTH.,#17566);
#17566 = SURFACE_SIDE_STYLE('',(#17567));
#17567 = SURFACE_STYLE_FILL_AREA(#17568);
#17568 = FILL_AREA_STYLE('',(#17569));
#17569 = FILL_AREA_STYLE_COLOUR('',#17428);
#17570 = STYLED_ITEM('color',(#17571),#3999);
#17571 = PRESENTATION_STYLE_ASSIGNMENT((#17572));
#17572 = SURFACE_STYLE_USAGE(.BOTH.,#17573);
#17573 = SURFACE_SIDE_STYLE('',(#17574));
#17574 = SURFACE_STYLE_FILL_AREA(#17575);
#17575 = FILL_AREA_STYLE('',(#17576));
#17576 = FILL_AREA_STYLE_COLOUR('',#17428);
#17577 = STYLED_ITEM('color',(#17578),#4015);
#17578 = PRESENTATION_STYLE_ASSIGNMENT((#17579));
#17579 = SURFACE_STYLE_USAGE(.BOTH.,#17580);
#17580 = SURFACE_SIDE_STYLE('',(#17581));
#17581 = SURFACE_STYLE_FILL_AREA(#17582);
#17582 = FILL_AREA_STYLE('',(#17583));
#17583 = FILL_AREA_STYLE_COLOUR('',#17428);
#17584 = STYLED_ITEM('color',(#17585),#4027);
#17585 = PRESENTATION_STYLE_ASSIGNMENT((#17586));
#17586 = SURFACE_STYLE_USAGE(.BOTH.,#17587);
#17587 = SURFACE_SIDE_STYLE('',(#17588));
#17588 = SURFACE_STYLE_FILL_AREA(#17589);
#17589 = FILL_AREA_STYLE('',(#17590));
#17590 = FILL_AREA_STYLE_COLOUR('',#17428);
#17591 = STYLED_ITEM('color',(#17592),#4051);
#17592 = PRESENTATION_STYLE_ASSIGNMENT((#17593));
#17593 = SURFACE_STYLE_USAGE(.BOTH.,#17594);
#17594 = SURFACE_SIDE_STYLE('',(#17595));
#17595 = SURFACE_STYLE_FILL_AREA(#17596);
#17596 = FILL_AREA_STYLE('',(#17597));
#17597 = FILL_AREA_STYLE_COLOUR('',#17428);
#17598 = STYLED_ITEM('color',(#17599),#4067);
#17599 = PRESENTATION_STYLE_ASSIGNMENT((#17600));
#17600 = SURFACE_STYLE_USAGE(.BOTH.,#17601);
#17601 = SURFACE_SIDE_STYLE('',(#17602));
#17602 = SURFACE_STYLE_FILL_AREA(#17603);
#17603 = FILL_AREA_STYLE('',(#17604));
#17604 = FILL_AREA_STYLE_COLOUR('',#17428);
#17605 = STYLED_ITEM('color',(#17606),#4079);
#17606 = PRESENTATION_STYLE_ASSIGNMENT((#17607));
#17607 = SURFACE_STYLE_USAGE(.BOTH.,#17608);
#17608 = SURFACE_SIDE_STYLE('',(#17609));
#17609 = SURFACE_STYLE_FILL_AREA(#17610);
#17610 = FILL_AREA_STYLE('',(#17611));
#17611 = FILL_AREA_STYLE_COLOUR('',#17428);
#17612 = STYLED_ITEM('color',(#17613),#4103);
#17613 = PRESENTATION_STYLE_ASSIGNMENT((#17614));
#17614 = SURFACE_STYLE_USAGE(.BOTH.,#17615);
#17615 = SURFACE_SIDE_STYLE('',(#17616));
#17616 = SURFACE_STYLE_FILL_AREA(#17617);
#17617 = FILL_AREA_STYLE('',(#17618));
#17618 = FILL_AREA_STYLE_COLOUR('',#17428);
#17619 = STYLED_ITEM('color',(#17620),#4119);
#17620 = PRESENTATION_STYLE_ASSIGNMENT((#17621));
#17621 = SURFACE_STYLE_USAGE(.BOTH.,#17622);
#17622 = SURFACE_SIDE_STYLE('',(#17623));
#17623 = SURFACE_STYLE_FILL_AREA(#17624);
#17624 = FILL_AREA_STYLE('',(#17625));
#17625 = FILL_AREA_STYLE_COLOUR('',#17428);
#17626 = STYLED_ITEM('color',(#17627),#4133);
#17627 = PRESENTATION_STYLE_ASSIGNMENT((#17628));
#17628 = SURFACE_STYLE_USAGE(.BOTH.,#17629);
#17629 = SURFACE_SIDE_STYLE('',(#17630));
#17630 = SURFACE_STYLE_FILL_AREA(#17631);
#17631 = FILL_AREA_STYLE('',(#17632));
#17632 = FILL_AREA_STYLE_COLOUR('',#17443);
#17633 = STYLED_ITEM('color',(#17634),#4150);
#17634 = PRESENTATION_STYLE_ASSIGNMENT((#17635));
#17635 = SURFACE_STYLE_USAGE(.BOTH.,#17636);
#17636 = SURFACE_SIDE_STYLE('',(#17637));
#17637 = SURFACE_STYLE_FILL_AREA(#17638);
#17638 = FILL_AREA_STYLE('',(#17639));
#17639 = FILL_AREA_STYLE_COLOUR('',#17443);
#17640 = STYLED_ITEM('color',(#17641),#4184);
#17641 = PRESENTATION_STYLE_ASSIGNMENT((#17642));
#17642 = SURFACE_STYLE_USAGE(.BOTH.,#17643);
#17643 = SURFACE_SIDE_STYLE('',(#17644));
#17644 = SURFACE_STYLE_FILL_AREA(#17645);
#17645 = FILL_AREA_STYLE('',(#17646));
#17646 = FILL_AREA_STYLE_COLOUR('',#17428);
#17647 = MECHANICAL_DESIGN_GEOMETRIC_PRESENTATION_REPRESENTATION('',(
    #17648,#17655,#17662,#17669,#17676,#17683,#17690,#17697,#17704,
    #17711,#17719,#17726,#17733,#17740,#17747,#17754,#17761,#17768,
    #17775,#17782,#17789,#17796),#11922);
#17648 = STYLED_ITEM('color',(#17649),#11284);
#17649 = PRESENTATION_STYLE_ASSIGNMENT((#17650));
#17650 = SURFACE_STYLE_USAGE(.BOTH.,#17651);
#17651 = SURFACE_SIDE_STYLE('',(#17652));
#17652 = SURFACE_STYLE_FILL_AREA(#17653);
#17653 = FILL_AREA_STYLE('',(#17654));
#17654 = FILL_AREA_STYLE_COLOUR('',#17428);
#17655 = STYLED_ITEM('color',(#17656),#11301);
#17656 = PRESENTATION_STYLE_ASSIGNMENT((#17657));
#17657 = SURFACE_STYLE_USAGE(.BOTH.,#17658);
#17658 = SURFACE_SIDE_STYLE('',(#17659));
#17659 = SURFACE_STYLE_FILL_AREA(#17660);
#17660 = FILL_AREA_STYLE('',(#17661));
#17661 = FILL_AREA_STYLE_COLOUR('',#17428);
#17662 = STYLED_ITEM('color',(#17663),#11360);
#17663 = PRESENTATION_STYLE_ASSIGNMENT((#17664));
#17664 = SURFACE_STYLE_USAGE(.BOTH.,#17665);
#17665 = SURFACE_SIDE_STYLE('',(#17666));
#17666 = SURFACE_STYLE_FILL_AREA(#17667);
#17667 = FILL_AREA_STYLE('',(#17668));
#17668 = FILL_AREA_STYLE_COLOUR('',#17428);
#17669 = STYLED_ITEM('color',(#17670),#11408);
#17670 = PRESENTATION_STYLE_ASSIGNMENT((#17671));
#17671 = SURFACE_STYLE_USAGE(.BOTH.,#17672);
#17672 = SURFACE_SIDE_STYLE('',(#17673));
#17673 = SURFACE_STYLE_FILL_AREA(#17674);
#17674 = FILL_AREA_STYLE('',(#17675));
#17675 = FILL_AREA_STYLE_COLOUR('',#17428);
#17676 = STYLED_ITEM('color',(#17677),#11448);
#17677 = PRESENTATION_STYLE_ASSIGNMENT((#17678));
#17678 = SURFACE_STYLE_USAGE(.BOTH.,#17679);
#17679 = SURFACE_SIDE_STYLE('',(#17680));
#17680 = SURFACE_STYLE_FILL_AREA(#17681);
#17681 = FILL_AREA_STYLE('',(#17682));
#17682 = FILL_AREA_STYLE_COLOUR('',#17428);
#17683 = STYLED_ITEM('color',(#17684),#11458);
#17684 = PRESENTATION_STYLE_ASSIGNMENT((#17685));
#17685 = SURFACE_STYLE_USAGE(.BOTH.,#17686);
#17686 = SURFACE_SIDE_STYLE('',(#17687));
#17687 = SURFACE_STYLE_FILL_AREA(#17688);
#17688 = FILL_AREA_STYLE('',(#17689));
#17689 = FILL_AREA_STYLE_COLOUR('',#17428);
#17690 = STYLED_ITEM('color',(#17691),#11482);
#17691 = PRESENTATION_STYLE_ASSIGNMENT((#17692));
#17692 = SURFACE_STYLE_USAGE(.BOTH.,#17693);
#17693 = SURFACE_SIDE_STYLE('',(#17694));
#17694 = SURFACE_STYLE_FILL_AREA(#17695);
#17695 = FILL_AREA_STYLE('',(#17696));
#17696 = FILL_AREA_STYLE_COLOUR('',#17428);
#17697 = STYLED_ITEM('color',(#17698),#11540);
#17698 = PRESENTATION_STYLE_ASSIGNMENT((#17699));
#17699 = SURFACE_STYLE_USAGE(.BOTH.,#17700);
#17700 = SURFACE_SIDE_STYLE('',(#17701));
#17701 = SURFACE_STYLE_FILL_AREA(#17702);
#17702 = FILL_AREA_STYLE('',(#17703));
#17703 = FILL_AREA_STYLE_COLOUR('',#17428);
#17704 = STYLED_ITEM('color',(#17705),#11557);
#17705 = PRESENTATION_STYLE_ASSIGNMENT((#17706));
#17706 = SURFACE_STYLE_USAGE(.BOTH.,#17707);
#17707 = SURFACE_SIDE_STYLE('',(#17708));
#17708 = SURFACE_STYLE_FILL_AREA(#17709);
#17709 = FILL_AREA_STYLE('',(#17710));
#17710 = FILL_AREA_STYLE_COLOUR('',#17428);
#17711 = STYLED_ITEM('color',(#17712),#11569);
#17712 = PRESENTATION_STYLE_ASSIGNMENT((#17713));
#17713 = SURFACE_STYLE_USAGE(.BOTH.,#17714);
#17714 = SURFACE_SIDE_STYLE('',(#17715));
#17715 = SURFACE_STYLE_FILL_AREA(#17716);
#17716 = FILL_AREA_STYLE('',(#17717));
#17717 = FILL_AREA_STYLE_COLOUR('',#17718);
#17718 = COLOUR_RGB('',0.272999999305,0.272999999305,0.272999999305);
#17719 = STYLED_ITEM('color',(#17720),#11600);
#17720 = PRESENTATION_STYLE_ASSIGNMENT((#17721));
#17721 = SURFACE_STYLE_USAGE(.BOTH.,#17722);
#17722 = SURFACE_SIDE_STYLE('',(#17723));
#17723 = SURFACE_STYLE_FILL_AREA(#17724);
#17724 = FILL_AREA_STYLE('',(#17725));
#17725 = FILL_AREA_STYLE_COLOUR('',#17718);
#17726 = STYLED_ITEM('color',(#17727),#11624);
#17727 = PRESENTATION_STYLE_ASSIGNMENT((#17728));
#17728 = SURFACE_STYLE_USAGE(.BOTH.,#17729);
#17729 = SURFACE_SIDE_STYLE('',(#17730));
#17730 = SURFACE_STYLE_FILL_AREA(#17731);
#17731 = FILL_AREA_STYLE('',(#17732));
#17732 = FILL_AREA_STYLE_COLOUR('',#17718);
#17733 = STYLED_ITEM('color',(#17734),#11648);
#17734 = PRESENTATION_STYLE_ASSIGNMENT((#17735));
#17735 = SURFACE_STYLE_USAGE(.BOTH.,#17736);
#17736 = SURFACE_SIDE_STYLE('',(#17737));
#17737 = SURFACE_STYLE_FILL_AREA(#17738);
#17738 = FILL_AREA_STYLE('',(#17739));
#17739 = FILL_AREA_STYLE_COLOUR('',#17718);
#17740 = STYLED_ITEM('color',(#17741),#11665);
#17741 = PRESENTATION_STYLE_ASSIGNMENT((#17742));
#17742 = SURFACE_STYLE_USAGE(.BOTH.,#17743);
#17743 = SURFACE_SIDE_STYLE('',(#17744));
#17744 = SURFACE_STYLE_FILL_AREA(#17745);
#17745 = FILL_AREA_STYLE('',(#17746));
#17746 = FILL_AREA_STYLE_COLOUR('',#17428);
#17747 = STYLED_ITEM('color',(#17748),#11711);
#17748 = PRESENTATION_STYLE_ASSIGNMENT((#17749));
#17749 = SURFACE_STYLE_USAGE(.BOTH.,#17750);
#17750 = SURFACE_SIDE_STYLE('',(#17751));
#17751 = SURFACE_STYLE_FILL_AREA(#17752);
#17752 = FILL_AREA_STYLE('',(#17753));
#17753 = FILL_AREA_STYLE_COLOUR('',#17428);
#17754 = STYLED_ITEM('color',(#17755),#11742);
#17755 = PRESENTATION_STYLE_ASSIGNMENT((#17756));
#17756 = SURFACE_STYLE_USAGE(.BOTH.,#17757);
#17757 = SURFACE_SIDE_STYLE('',(#17758));
#17758 = SURFACE_STYLE_FILL_AREA(#17759);
#17759 = FILL_AREA_STYLE('',(#17760));
#17760 = FILL_AREA_STYLE_COLOUR('',#17428);
#17761 = STYLED_ITEM('color',(#17762),#11766);
#17762 = PRESENTATION_STYLE_ASSIGNMENT((#17763));
#17763 = SURFACE_STYLE_USAGE(.BOTH.,#17764);
#17764 = SURFACE_SIDE_STYLE('',(#17765));
#17765 = SURFACE_STYLE_FILL_AREA(#17766);
#17766 = FILL_AREA_STYLE('',(#17767));
#17767 = FILL_AREA_STYLE_COLOUR('',#17428);
#17768 = STYLED_ITEM('color',(#17769),#11807);
#17769 = PRESENTATION_STYLE_ASSIGNMENT((#17770));
#17770 = SURFACE_STYLE_USAGE(.BOTH.,#17771);
#17771 = SURFACE_SIDE_STYLE('',(#17772));
#17772 = SURFACE_STYLE_FILL_AREA(#17773);
#17773 = FILL_AREA_STYLE('',(#17774));
#17774 = FILL_AREA_STYLE_COLOUR('',#17428);
#17775 = STYLED_ITEM('color',(#17776),#11824);
#17776 = PRESENTATION_STYLE_ASSIGNMENT((#17777));
#17777 = SURFACE_STYLE_USAGE(.BOTH.,#17778);
#17778 = SURFACE_SIDE_STYLE('',(#17779));
#17779 = SURFACE_STYLE_FILL_AREA(#17780);
#17780 = FILL_AREA_STYLE('',(#17781));
#17781 = FILL_AREA_STYLE_COLOUR('',#17428);
#17782 = STYLED_ITEM('color',(#17783),#11859);
#17783 = PRESENTATION_STYLE_ASSIGNMENT((#17784));
#17784 = SURFACE_STYLE_USAGE(.BOTH.,#17785);
#17785 = SURFACE_SIDE_STYLE('',(#17786));
#17786 = SURFACE_STYLE_FILL_AREA(#17787);
#17787 = FILL_AREA_STYLE('',(#17788));
#17788 = FILL_AREA_STYLE_COLOUR('',#17428);
#17789 = STYLED_ITEM('color',(#17790),#11902);
#17790 = PRESENTATION_STYLE_ASSIGNMENT((#17791));
#17791 = SURFACE_STYLE_USAGE(.BOTH.,#17792);
#17792 = SURFACE_SIDE_STYLE('',(#17793));
#17793 = SURFACE_STYLE_FILL_AREA(#17794);
#17794 = FILL_AREA_STYLE('',(#17795));
#17795 = FILL_AREA_STYLE_COLOUR('',#17428);
#17796 = STYLED_ITEM('color',(#17797),#11913);
#17797 = PRESENTATION_STYLE_ASSIGNMENT((#17798));
#17798 = SURFACE_STYLE_USAGE(.BOTH.,#17799);
#17799 = SURFACE_SIDE_STYLE('',(#17800));
#17800 = SURFACE_STYLE_FILL_AREA(#17801);
#17801 = FILL_AREA_STYLE('',(#17802));
#17802 = FILL_AREA_STYLE_COLOUR('',#17428);
#17803 = MECHANICAL_DESIGN_GEOMETRIC_PRESENTATION_REPRESENTATION('',(
    #17804,#17812,#17819,#17826,#17833,#17840,#17847,#17854,#17861,
    #17868,#17875,#17882,#17889,#17896,#17903,#17910,#17917,#17924,
    #17931,#17938,#17945,#17952,#17959,#17966,#17973,#17980,#17987,
    #17994,#18001,#18008,#18015,#18022,#18029,#18036,#18043,#18050,
    #18057,#18064,#18071,#18078,#18085,#18092,#18099,#18106,#18113,
    #18120,#18127,#18134,#18141,#18148,#18155,#18162,#18169,#18176,
    #18183,#18190,#18197,#18204,#18211,#18218,#18225,#18232,#18239,
    #18246,#18253,#18260,#18267,#18274,#18281,#18288,#18295,#18302,
    #18309,#18316,#18323,#18330,#18337,#18344,#18351,#18358,#18365,
    #18372,#18379,#18386,#18393,#18400,#18407,#18414,#18421),#3178);
#17804 = STYLED_ITEM('color',(#17805),#559);
#17805 = PRESENTATION_STYLE_ASSIGNMENT((#17806));
#17806 = SURFACE_STYLE_USAGE(.BOTH.,#17807);
#17807 = SURFACE_SIDE_STYLE('',(#17808));
#17808 = SURFACE_STYLE_FILL_AREA(#17809);
#17809 = FILL_AREA_STYLE('',(#17810));
#17810 = FILL_AREA_STYLE_COLOUR('',#17811);
#17811 = COLOUR_RGB('',0.340000006699,0.68000001254,0.444999988852);
#17812 = STYLED_ITEM('color',(#17813),#655);
#17813 = PRESENTATION_STYLE_ASSIGNMENT((#17814));
#17814 = SURFACE_STYLE_USAGE(.BOTH.,#17815);
#17815 = SURFACE_SIDE_STYLE('',(#17816));
#17816 = SURFACE_STYLE_FILL_AREA(#17817);
#17817 = FILL_AREA_STYLE('',(#17818));
#17818 = FILL_AREA_STYLE_COLOUR('',#17811);
#17819 = STYLED_ITEM('color',(#17820),#686);
#17820 = PRESENTATION_STYLE_ASSIGNMENT((#17821));
#17821 = SURFACE_STYLE_USAGE(.BOTH.,#17822);
#17822 = SURFACE_SIDE_STYLE('',(#17823));
#17823 = SURFACE_STYLE_FILL_AREA(#17824);
#17824 = FILL_AREA_STYLE('',(#17825));
#17825 = FILL_AREA_STYLE_COLOUR('',#17811);
#17826 = STYLED_ITEM('color',(#17827),#732);
#17827 = PRESENTATION_STYLE_ASSIGNMENT((#17828));
#17828 = SURFACE_STYLE_USAGE(.BOTH.,#17829);
#17829 = SURFACE_SIDE_STYLE('',(#17830));
#17830 = SURFACE_STYLE_FILL_AREA(#17831);
#17831 = FILL_AREA_STYLE('',(#17832));
#17832 = FILL_AREA_STYLE_COLOUR('',#17811);
#17833 = STYLED_ITEM('color',(#17834),#756);
#17834 = PRESENTATION_STYLE_ASSIGNMENT((#17835));
#17835 = SURFACE_STYLE_USAGE(.BOTH.,#17836);
#17836 = SURFACE_SIDE_STYLE('',(#17837));
#17837 = SURFACE_STYLE_FILL_AREA(#17838);
#17838 = FILL_AREA_STYLE('',(#17839));
#17839 = FILL_AREA_STYLE_COLOUR('',#17811);
#17840 = STYLED_ITEM('color',(#17841),#780);
#17841 = PRESENTATION_STYLE_ASSIGNMENT((#17842));
#17842 = SURFACE_STYLE_USAGE(.BOTH.,#17843);
#17843 = SURFACE_SIDE_STYLE('',(#17844));
#17844 = SURFACE_STYLE_FILL_AREA(#17845);
#17845 = FILL_AREA_STYLE('',(#17846));
#17846 = FILL_AREA_STYLE_COLOUR('',#17811);
#17847 = STYLED_ITEM('color',(#17848),#927);
#17848 = PRESENTATION_STYLE_ASSIGNMENT((#17849));
#17849 = SURFACE_STYLE_USAGE(.BOTH.,#17850);
#17850 = SURFACE_SIDE_STYLE('',(#17851));
#17851 = SURFACE_STYLE_FILL_AREA(#17852);
#17852 = FILL_AREA_STYLE('',(#17853));
#17853 = FILL_AREA_STYLE_COLOUR('',#17811);
#17854 = STYLED_ITEM('color',(#17855),#951);
#17855 = PRESENTATION_STYLE_ASSIGNMENT((#17856));
#17856 = SURFACE_STYLE_USAGE(.BOTH.,#17857);
#17857 = SURFACE_SIDE_STYLE('',(#17858));
#17858 = SURFACE_STYLE_FILL_AREA(#17859);
#17859 = FILL_AREA_STYLE('',(#17860));
#17860 = FILL_AREA_STYLE_COLOUR('',#17811);
#17861 = STYLED_ITEM('color',(#17862),#975);
#17862 = PRESENTATION_STYLE_ASSIGNMENT((#17863));
#17863 = SURFACE_STYLE_USAGE(.BOTH.,#17864);
#17864 = SURFACE_SIDE_STYLE('',(#17865));
#17865 = SURFACE_STYLE_FILL_AREA(#17866);
#17866 = FILL_AREA_STYLE('',(#17867));
#17867 = FILL_AREA_STYLE_COLOUR('',#17811);
#17868 = STYLED_ITEM('color',(#17869),#992);
#17869 = PRESENTATION_STYLE_ASSIGNMENT((#17870));
#17870 = SURFACE_STYLE_USAGE(.BOTH.,#17871);
#17871 = SURFACE_SIDE_STYLE('',(#17872));
#17872 = SURFACE_STYLE_FILL_AREA(#17873);
#17873 = FILL_AREA_STYLE('',(#17874));
#17874 = FILL_AREA_STYLE_COLOUR('',#17811);
#17875 = STYLED_ITEM('color',(#17876),#1084);
#17876 = PRESENTATION_STYLE_ASSIGNMENT((#17877));
#17877 = SURFACE_STYLE_USAGE(.BOTH.,#17878);
#17878 = SURFACE_SIDE_STYLE('',(#17879));
#17879 = SURFACE_STYLE_FILL_AREA(#17880);
#17880 = FILL_AREA_STYLE('',(#17881));
#17881 = FILL_AREA_STYLE_COLOUR('',#17811);
#17882 = STYLED_ITEM('color',(#17883),#1101);
#17883 = PRESENTATION_STYLE_ASSIGNMENT((#17884));
#17884 = SURFACE_STYLE_USAGE(.BOTH.,#17885);
#17885 = SURFACE_SIDE_STYLE('',(#17886));
#17886 = SURFACE_STYLE_FILL_AREA(#17887);
#17887 = FILL_AREA_STYLE('',(#17888));
#17888 = FILL_AREA_STYLE_COLOUR('',#17811);
#17889 = STYLED_ITEM('color',(#17890),#1139);
#17890 = PRESENTATION_STYLE_ASSIGNMENT((#17891));
#17891 = SURFACE_STYLE_USAGE(.BOTH.,#17892);
#17892 = SURFACE_SIDE_STYLE('',(#17893));
#17893 = SURFACE_STYLE_FILL_AREA(#17894);
#17894 = FILL_AREA_STYLE('',(#17895));
#17895 = FILL_AREA_STYLE_COLOUR('',#17811);
#17896 = STYLED_ITEM('color',(#17897),#1250);
#17897 = PRESENTATION_STYLE_ASSIGNMENT((#17898));
#17898 = SURFACE_STYLE_USAGE(.BOTH.,#17899);
#17899 = SURFACE_SIDE_STYLE('',(#17900));
#17900 = SURFACE_STYLE_FILL_AREA(#17901);
#17901 = FILL_AREA_STYLE('',(#17902));
#17902 = FILL_AREA_STYLE_COLOUR('',#17811);
#17903 = STYLED_ITEM('color',(#17904),#1361);
#17904 = PRESENTATION_STYLE_ASSIGNMENT((#17905));
#17905 = SURFACE_STYLE_USAGE(.BOTH.,#17906);
#17906 = SURFACE_SIDE_STYLE('',(#17907));
#17907 = SURFACE_STYLE_FILL_AREA(#17908);
#17908 = FILL_AREA_STYLE('',(#17909));
#17909 = FILL_AREA_STYLE_COLOUR('',#17811);
#17910 = STYLED_ITEM('color',(#17911),#1373);
#17911 = PRESENTATION_STYLE_ASSIGNMENT((#17912));
#17912 = SURFACE_STYLE_USAGE(.BOTH.,#17913);
#17913 = SURFACE_SIDE_STYLE('',(#17914));
#17914 = SURFACE_STYLE_FILL_AREA(#17915);
#17915 = FILL_AREA_STYLE('',(#17916));
#17916 = FILL_AREA_STYLE_COLOUR('',#17811);
#17917 = STYLED_ITEM('color',(#17918),#1397);
#17918 = PRESENTATION_STYLE_ASSIGNMENT((#17919));
#17919 = SURFACE_STYLE_USAGE(.BOTH.,#17920);
#17920 = SURFACE_SIDE_STYLE('',(#17921));
#17921 = SURFACE_STYLE_FILL_AREA(#17922);
#17922 = FILL_AREA_STYLE('',(#17923));
#17923 = FILL_AREA_STYLE_COLOUR('',#17811);
#17924 = STYLED_ITEM('color',(#17925),#1421);
#17925 = PRESENTATION_STYLE_ASSIGNMENT((#17926));
#17926 = SURFACE_STYLE_USAGE(.BOTH.,#17927);
#17927 = SURFACE_SIDE_STYLE('',(#17928));
#17928 = SURFACE_STYLE_FILL_AREA(#17929);
#17929 = FILL_AREA_STYLE('',(#17930));
#17930 = FILL_AREA_STYLE_COLOUR('',#17811);
#17931 = STYLED_ITEM('color',(#17932),#1438);
#17932 = PRESENTATION_STYLE_ASSIGNMENT((#17933));
#17933 = SURFACE_STYLE_USAGE(.BOTH.,#17934);
#17934 = SURFACE_SIDE_STYLE('',(#17935));
#17935 = SURFACE_STYLE_FILL_AREA(#17936);
#17936 = FILL_AREA_STYLE('',(#17937));
#17937 = FILL_AREA_STYLE_COLOUR('',#17428);
#17938 = STYLED_ITEM('color',(#17939),#1469);
#17939 = PRESENTATION_STYLE_ASSIGNMENT((#17940));
#17940 = SURFACE_STYLE_USAGE(.BOTH.,#17941);
#17941 = SURFACE_SIDE_STYLE('',(#17942));
#17942 = SURFACE_STYLE_FILL_AREA(#17943);
#17943 = FILL_AREA_STYLE('',(#17944));
#17944 = FILL_AREA_STYLE_COLOUR('',#17428);
#17945 = STYLED_ITEM('color',(#17946),#1493);
#17946 = PRESENTATION_STYLE_ASSIGNMENT((#17947));
#17947 = SURFACE_STYLE_USAGE(.BOTH.,#17948);
#17948 = SURFACE_SIDE_STYLE('',(#17949));
#17949 = SURFACE_STYLE_FILL_AREA(#17950);
#17950 = FILL_AREA_STYLE('',(#17951));
#17951 = FILL_AREA_STYLE_COLOUR('',#17428);
#17952 = STYLED_ITEM('color',(#17953),#1517);
#17953 = PRESENTATION_STYLE_ASSIGNMENT((#17954));
#17954 = SURFACE_STYLE_USAGE(.BOTH.,#17955);
#17955 = SURFACE_SIDE_STYLE('',(#17956));
#17956 = SURFACE_STYLE_FILL_AREA(#17957);
#17957 = FILL_AREA_STYLE('',(#17958));
#17958 = FILL_AREA_STYLE_COLOUR('',#17428);
#17959 = STYLED_ITEM('color',(#17960),#1534);
#17960 = PRESENTATION_STYLE_ASSIGNMENT((#17961));
#17961 = SURFACE_STYLE_USAGE(.BOTH.,#17962);
#17962 = SURFACE_SIDE_STYLE('',(#17963));
#17963 = SURFACE_STYLE_FILL_AREA(#17964);
#17964 = FILL_AREA_STYLE('',(#17965));
#17965 = FILL_AREA_STYLE_COLOUR('',#17428);
#17966 = STYLED_ITEM('color',(#17967),#1565);
#17967 = PRESENTATION_STYLE_ASSIGNMENT((#17968));
#17968 = SURFACE_STYLE_USAGE(.BOTH.,#17969);
#17969 = SURFACE_SIDE_STYLE('',(#17970));
#17970 = SURFACE_STYLE_FILL_AREA(#17971);
#17971 = FILL_AREA_STYLE('',(#17972));
#17972 = FILL_AREA_STYLE_COLOUR('',#17428);
#17973 = STYLED_ITEM('color',(#17974),#1589);
#17974 = PRESENTATION_STYLE_ASSIGNMENT((#17975));
#17975 = SURFACE_STYLE_USAGE(.BOTH.,#17976);
#17976 = SURFACE_SIDE_STYLE('',(#17977));
#17977 = SURFACE_STYLE_FILL_AREA(#17978);
#17978 = FILL_AREA_STYLE('',(#17979));
#17979 = FILL_AREA_STYLE_COLOUR('',#17428);
#17980 = STYLED_ITEM('color',(#17981),#1613);
#17981 = PRESENTATION_STYLE_ASSIGNMENT((#17982));
#17982 = SURFACE_STYLE_USAGE(.BOTH.,#17983);
#17983 = SURFACE_SIDE_STYLE('',(#17984));
#17984 = SURFACE_STYLE_FILL_AREA(#17985);
#17985 = FILL_AREA_STYLE('',(#17986));
#17986 = FILL_AREA_STYLE_COLOUR('',#17428);
#17987 = STYLED_ITEM('color',(#17988),#1630);
#17988 = PRESENTATION_STYLE_ASSIGNMENT((#17989));
#17989 = SURFACE_STYLE_USAGE(.BOTH.,#17990);
#17990 = SURFACE_SIDE_STYLE('',(#17991));
#17991 = SURFACE_STYLE_FILL_AREA(#17992);
#17992 = FILL_AREA_STYLE('',(#17993));
#17993 = FILL_AREA_STYLE_COLOUR('',#17811);
#17994 = STYLED_ITEM('color',(#17995),#1659);
#17995 = PRESENTATION_STYLE_ASSIGNMENT((#17996));
#17996 = SURFACE_STYLE_USAGE(.BOTH.,#17997);
#17997 = SURFACE_SIDE_STYLE('',(#17998));
#17998 = SURFACE_STYLE_FILL_AREA(#17999);
#17999 = FILL_AREA_STYLE('',(#18000));
#18000 = FILL_AREA_STYLE_COLOUR('',#17811);
#18001 = STYLED_ITEM('color',(#18002),#1682);
#18002 = PRESENTATION_STYLE_ASSIGNMENT((#18003));
#18003 = SURFACE_STYLE_USAGE(.BOTH.,#18004);
#18004 = SURFACE_SIDE_STYLE('',(#18005));
#18005 = SURFACE_STYLE_FILL_AREA(#18006);
#18006 = FILL_AREA_STYLE('',(#18007));
#18007 = FILL_AREA_STYLE_COLOUR('',#17811);
#18008 = STYLED_ITEM('color',(#18009),#1705);
#18009 = PRESENTATION_STYLE_ASSIGNMENT((#18010));
#18010 = SURFACE_STYLE_USAGE(.BOTH.,#18011);
#18011 = SURFACE_SIDE_STYLE('',(#18012));
#18012 = SURFACE_STYLE_FILL_AREA(#18013);
#18013 = FILL_AREA_STYLE('',(#18014));
#18014 = FILL_AREA_STYLE_COLOUR('',#17811);
#18015 = STYLED_ITEM('color',(#18016),#1722);
#18016 = PRESENTATION_STYLE_ASSIGNMENT((#18017));
#18017 = SURFACE_STYLE_USAGE(.BOTH.,#18018);
#18018 = SURFACE_SIDE_STYLE('',(#18019));
#18019 = SURFACE_STYLE_FILL_AREA(#18020);
#18020 = FILL_AREA_STYLE('',(#18021));
#18021 = FILL_AREA_STYLE_COLOUR('',#17811);
#18022 = STYLED_ITEM('color',(#18023),#1751);
#18023 = PRESENTATION_STYLE_ASSIGNMENT((#18024));
#18024 = SURFACE_STYLE_USAGE(.BOTH.,#18025);
#18025 = SURFACE_SIDE_STYLE('',(#18026));
#18026 = SURFACE_STYLE_FILL_AREA(#18027);
#18027 = FILL_AREA_STYLE('',(#18028));
#18028 = FILL_AREA_STYLE_COLOUR('',#17811);
#18029 = STYLED_ITEM('color',(#18030),#1774);
#18030 = PRESENTATION_STYLE_ASSIGNMENT((#18031));
#18031 = SURFACE_STYLE_USAGE(.BOTH.,#18032);
#18032 = SURFACE_SIDE_STYLE('',(#18033));
#18033 = SURFACE_STYLE_FILL_AREA(#18034);
#18034 = FILL_AREA_STYLE('',(#18035));
#18035 = FILL_AREA_STYLE_COLOUR('',#17811);
#18036 = STYLED_ITEM('color',(#18037),#1797);
#18037 = PRESENTATION_STYLE_ASSIGNMENT((#18038));
#18038 = SURFACE_STYLE_USAGE(.BOTH.,#18039);
#18039 = SURFACE_SIDE_STYLE('',(#18040));
#18040 = SURFACE_STYLE_FILL_AREA(#18041);
#18041 = FILL_AREA_STYLE('',(#18042));
#18042 = FILL_AREA_STYLE_COLOUR('',#17811);
#18043 = STYLED_ITEM('color',(#18044),#1814);
#18044 = PRESENTATION_STYLE_ASSIGNMENT((#18045));
#18045 = SURFACE_STYLE_USAGE(.BOTH.,#18046);
#18046 = SURFACE_SIDE_STYLE('',(#18047));
#18047 = SURFACE_STYLE_FILL_AREA(#18048);
#18048 = FILL_AREA_STYLE('',(#18049));
#18049 = FILL_AREA_STYLE_COLOUR('',#17811);
#18050 = STYLED_ITEM('color',(#18051),#1826);
#18051 = PRESENTATION_STYLE_ASSIGNMENT((#18052));
#18052 = SURFACE_STYLE_USAGE(.BOTH.,#18053);
#18053 = SURFACE_SIDE_STYLE('',(#18054));
#18054 = SURFACE_STYLE_FILL_AREA(#18055);
#18055 = FILL_AREA_STYLE('',(#18056));
#18056 = FILL_AREA_STYLE_COLOUR('',#17811);
#18057 = STYLED_ITEM('color',(#18058),#1842);
#18058 = PRESENTATION_STYLE_ASSIGNMENT((#18059));
#18059 = SURFACE_STYLE_USAGE(.BOTH.,#18060);
#18060 = SURFACE_SIDE_STYLE('',(#18061));
#18061 = SURFACE_STYLE_FILL_AREA(#18062);
#18062 = FILL_AREA_STYLE('',(#18063));
#18063 = FILL_AREA_STYLE_COLOUR('',#17428);
#18064 = STYLED_ITEM('color',(#18065),#1875);
#18065 = PRESENTATION_STYLE_ASSIGNMENT((#18066));
#18066 = SURFACE_STYLE_USAGE(.BOTH.,#18067);
#18067 = SURFACE_SIDE_STYLE('',(#18068));
#18068 = SURFACE_STYLE_FILL_AREA(#18069);
#18069 = FILL_AREA_STYLE('',(#18070));
#18070 = FILL_AREA_STYLE_COLOUR('',#17428);
#18071 = STYLED_ITEM('color',(#18072),#1900);
#18072 = PRESENTATION_STYLE_ASSIGNMENT((#18073));
#18073 = SURFACE_STYLE_USAGE(.BOTH.,#18074);
#18074 = SURFACE_SIDE_STYLE('',(#18075));
#18075 = SURFACE_STYLE_FILL_AREA(#18076);
#18076 = FILL_AREA_STYLE('',(#18077));
#18077 = FILL_AREA_STYLE_COLOUR('',#17811);
#18078 = STYLED_ITEM('color',(#18079),#1938);
#18079 = PRESENTATION_STYLE_ASSIGNMENT((#18080));
#18080 = SURFACE_STYLE_USAGE(.BOTH.,#18081);
#18081 = SURFACE_SIDE_STYLE('',(#18082));
#18082 = SURFACE_STYLE_FILL_AREA(#18083);
#18083 = FILL_AREA_STYLE('',(#18084));
#18084 = FILL_AREA_STYLE_COLOUR('',#17428);
#18085 = STYLED_ITEM('color',(#18086),#1970);
#18086 = PRESENTATION_STYLE_ASSIGNMENT((#18087));
#18087 = SURFACE_STYLE_USAGE(.BOTH.,#18088);
#18088 = SURFACE_SIDE_STYLE('',(#18089));
#18089 = SURFACE_STYLE_FILL_AREA(#18090);
#18090 = FILL_AREA_STYLE('',(#18091));
#18091 = FILL_AREA_STYLE_COLOUR('',#17428);
#18092 = STYLED_ITEM('color',(#18093),#2001);
#18093 = PRESENTATION_STYLE_ASSIGNMENT((#18094));
#18094 = SURFACE_STYLE_USAGE(.BOTH.,#18095);
#18095 = SURFACE_SIDE_STYLE('',(#18096));
#18096 = SURFACE_STYLE_FILL_AREA(#18097);
#18097 = FILL_AREA_STYLE('',(#18098));
#18098 = FILL_AREA_STYLE_COLOUR('',#17811);
#18099 = STYLED_ITEM('color',(#18100),#2011);
#18100 = PRESENTATION_STYLE_ASSIGNMENT((#18101));
#18101 = SURFACE_STYLE_USAGE(.BOTH.,#18102);
#18102 = SURFACE_SIDE_STYLE('',(#18103));
#18103 = SURFACE_STYLE_FILL_AREA(#18104);
#18104 = FILL_AREA_STYLE('',(#18105));
#18105 = FILL_AREA_STYLE_COLOUR('',#17428);
#18106 = STYLED_ITEM('color',(#18107),#2029);
#18107 = PRESENTATION_STYLE_ASSIGNMENT((#18108));
#18108 = SURFACE_STYLE_USAGE(.BOTH.,#18109);
#18109 = SURFACE_SIDE_STYLE('',(#18110));
#18110 = SURFACE_STYLE_FILL_AREA(#18111);
#18111 = FILL_AREA_STYLE('',(#18112));
#18112 = FILL_AREA_STYLE_COLOUR('',#17811);
#18113 = STYLED_ITEM('color',(#18114),#2045);
#18114 = PRESENTATION_STYLE_ASSIGNMENT((#18115));
#18115 = SURFACE_STYLE_USAGE(.BOTH.,#18116);
#18116 = SURFACE_SIDE_STYLE('',(#18117));
#18117 = SURFACE_STYLE_FILL_AREA(#18118);
#18118 = FILL_AREA_STYLE('',(#18119));
#18119 = FILL_AREA_STYLE_COLOUR('',#17428);
#18120 = STYLED_ITEM('color',(#18121),#2078);
#18121 = PRESENTATION_STYLE_ASSIGNMENT((#18122));
#18122 = SURFACE_STYLE_USAGE(.BOTH.,#18123);
#18123 = SURFACE_SIDE_STYLE('',(#18124));
#18124 = SURFACE_STYLE_FILL_AREA(#18125);
#18125 = FILL_AREA_STYLE('',(#18126));
#18126 = FILL_AREA_STYLE_COLOUR('',#17428);
#18127 = STYLED_ITEM('color',(#18128),#2103);
#18128 = PRESENTATION_STYLE_ASSIGNMENT((#18129));
#18129 = SURFACE_STYLE_USAGE(.BOTH.,#18130);
#18130 = SURFACE_SIDE_STYLE('',(#18131));
#18131 = SURFACE_STYLE_FILL_AREA(#18132);
#18132 = FILL_AREA_STYLE('',(#18133));
#18133 = FILL_AREA_STYLE_COLOUR('',#17811);
#18134 = STYLED_ITEM('color',(#18135),#2141);
#18135 = PRESENTATION_STYLE_ASSIGNMENT((#18136));
#18136 = SURFACE_STYLE_USAGE(.BOTH.,#18137);
#18137 = SURFACE_SIDE_STYLE('',(#18138));
#18138 = SURFACE_STYLE_FILL_AREA(#18139);
#18139 = FILL_AREA_STYLE('',(#18140));
#18140 = FILL_AREA_STYLE_COLOUR('',#17428);
#18141 = STYLED_ITEM('color',(#18142),#2173);
#18142 = PRESENTATION_STYLE_ASSIGNMENT((#18143));
#18143 = SURFACE_STYLE_USAGE(.BOTH.,#18144);
#18144 = SURFACE_SIDE_STYLE('',(#18145));
#18145 = SURFACE_STYLE_FILL_AREA(#18146);
#18146 = FILL_AREA_STYLE('',(#18147));
#18147 = FILL_AREA_STYLE_COLOUR('',#17428);
#18148 = STYLED_ITEM('color',(#18149),#2204);
#18149 = PRESENTATION_STYLE_ASSIGNMENT((#18150));
#18150 = SURFACE_STYLE_USAGE(.BOTH.,#18151);
#18151 = SURFACE_SIDE_STYLE('',(#18152));
#18152 = SURFACE_STYLE_FILL_AREA(#18153);
#18153 = FILL_AREA_STYLE('',(#18154));
#18154 = FILL_AREA_STYLE_COLOUR('',#17811);
#18155 = STYLED_ITEM('color',(#18156),#2214);
#18156 = PRESENTATION_STYLE_ASSIGNMENT((#18157));
#18157 = SURFACE_STYLE_USAGE(.BOTH.,#18158);
#18158 = SURFACE_SIDE_STYLE('',(#18159));
#18159 = SURFACE_STYLE_FILL_AREA(#18160);
#18160 = FILL_AREA_STYLE('',(#18161));
#18161 = FILL_AREA_STYLE_COLOUR('',#17428);
#18162 = STYLED_ITEM('color',(#18163),#2232);
#18163 = PRESENTATION_STYLE_ASSIGNMENT((#18164));
#18164 = SURFACE_STYLE_USAGE(.BOTH.,#18165);
#18165 = SURFACE_SIDE_STYLE('',(#18166));
#18166 = SURFACE_STYLE_FILL_AREA(#18167);
#18167 = FILL_AREA_STYLE('',(#18168));
#18168 = FILL_AREA_STYLE_COLOUR('',#17428);
#18169 = STYLED_ITEM('color',(#18170),#2244);
#18170 = PRESENTATION_STYLE_ASSIGNMENT((#18171));
#18171 = SURFACE_STYLE_USAGE(.BOTH.,#18172);
#18172 = SURFACE_SIDE_STYLE('',(#18173));
#18173 = SURFACE_STYLE_FILL_AREA(#18174);
#18174 = FILL_AREA_STYLE('',(#18175));
#18175 = FILL_AREA_STYLE_COLOUR('',#17428);
#18176 = STYLED_ITEM('color',(#18177),#2256);
#18177 = PRESENTATION_STYLE_ASSIGNMENT((#18178));
#18178 = SURFACE_STYLE_USAGE(.BOTH.,#18179);
#18179 = SURFACE_SIDE_STYLE('',(#18180));
#18180 = SURFACE_STYLE_FILL_AREA(#18181);
#18181 = FILL_AREA_STYLE('',(#18182));
#18182 = FILL_AREA_STYLE_COLOUR('',#17811);
#18183 = STYLED_ITEM('color',(#18184),#2287);
#18184 = PRESENTATION_STYLE_ASSIGNMENT((#18185));
#18185 = SURFACE_STYLE_USAGE(.BOTH.,#18186);
#18186 = SURFACE_SIDE_STYLE('',(#18187));
#18187 = SURFACE_STYLE_FILL_AREA(#18188);
#18188 = FILL_AREA_STYLE('',(#18189));
#18189 = FILL_AREA_STYLE_COLOUR('',#17811);
#18190 = STYLED_ITEM('color',(#18191),#2304);
#18191 = PRESENTATION_STYLE_ASSIGNMENT((#18192));
#18192 = SURFACE_STYLE_USAGE(.BOTH.,#18193);
#18193 = SURFACE_SIDE_STYLE('',(#18194));
#18194 = SURFACE_STYLE_FILL_AREA(#18195);
#18195 = FILL_AREA_STYLE('',(#18196));
#18196 = FILL_AREA_STYLE_COLOUR('',#17811);
#18197 = STYLED_ITEM('color',(#18198),#2321);
#18198 = PRESENTATION_STYLE_ASSIGNMENT((#18199));
#18199 = SURFACE_STYLE_USAGE(.BOTH.,#18200);
#18200 = SURFACE_SIDE_STYLE('',(#18201));
#18201 = SURFACE_STYLE_FILL_AREA(#18202);
#18202 = FILL_AREA_STYLE('',(#18203));
#18203 = FILL_AREA_STYLE_COLOUR('',#17811);
#18204 = STYLED_ITEM('color',(#18205),#2352);
#18205 = PRESENTATION_STYLE_ASSIGNMENT((#18206));
#18206 = SURFACE_STYLE_USAGE(.BOTH.,#18207);
#18207 = SURFACE_SIDE_STYLE('',(#18208));
#18208 = SURFACE_STYLE_FILL_AREA(#18209);
#18209 = FILL_AREA_STYLE('',(#18210));
#18210 = FILL_AREA_STYLE_COLOUR('',#17811);
#18211 = STYLED_ITEM('color',(#18212),#2369);
#18212 = PRESENTATION_STYLE_ASSIGNMENT((#18213));
#18213 = SURFACE_STYLE_USAGE(.BOTH.,#18214);
#18214 = SURFACE_SIDE_STYLE('',(#18215));
#18215 = SURFACE_STYLE_FILL_AREA(#18216);
#18216 = FILL_AREA_STYLE('',(#18217));
#18217 = FILL_AREA_STYLE_COLOUR('',#17811);
#18218 = STYLED_ITEM('color',(#18219),#2386);
#18219 = PRESENTATION_STYLE_ASSIGNMENT((#18220));
#18220 = SURFACE_STYLE_USAGE(.BOTH.,#18221);
#18221 = SURFACE_SIDE_STYLE('',(#18222));
#18222 = SURFACE_STYLE_FILL_AREA(#18223);
#18223 = FILL_AREA_STYLE('',(#18224));
#18224 = FILL_AREA_STYLE_COLOUR('',#17428);
#18225 = STYLED_ITEM('color',(#18226),#2411);
#18226 = PRESENTATION_STYLE_ASSIGNMENT((#18227));
#18227 = SURFACE_STYLE_USAGE(.BOTH.,#18228);
#18228 = SURFACE_SIDE_STYLE('',(#18229));
#18229 = SURFACE_STYLE_FILL_AREA(#18230);
#18230 = FILL_AREA_STYLE('',(#18231));
#18231 = FILL_AREA_STYLE_COLOUR('',#17428);
#18232 = STYLED_ITEM('color',(#18233),#2522);
#18233 = PRESENTATION_STYLE_ASSIGNMENT((#18234));
#18234 = SURFACE_STYLE_USAGE(.BOTH.,#18235);
#18235 = SURFACE_SIDE_STYLE('',(#18236));
#18236 = SURFACE_STYLE_FILL_AREA(#18237);
#18237 = FILL_AREA_STYLE('',(#18238));
#18238 = FILL_AREA_STYLE_COLOUR('',#17428);
#18239 = STYLED_ITEM('color',(#18240),#2577);
#18240 = PRESENTATION_STYLE_ASSIGNMENT((#18241));
#18241 = SURFACE_STYLE_USAGE(.BOTH.,#18242);
#18242 = SURFACE_SIDE_STYLE('',(#18243));
#18243 = SURFACE_STYLE_FILL_AREA(#18244);
#18244 = FILL_AREA_STYLE('',(#18245));
#18245 = FILL_AREA_STYLE_COLOUR('',#17428);
#18246 = STYLED_ITEM('color',(#18247),#2587);
#18247 = PRESENTATION_STYLE_ASSIGNMENT((#18248));
#18248 = SURFACE_STYLE_USAGE(.BOTH.,#18249);
#18249 = SURFACE_SIDE_STYLE('',(#18250));
#18250 = SURFACE_STYLE_FILL_AREA(#18251);
#18251 = FILL_AREA_STYLE('',(#18252));
#18252 = FILL_AREA_STYLE_COLOUR('',#17428);
#18253 = STYLED_ITEM('color',(#18254),#2612);
#18254 = PRESENTATION_STYLE_ASSIGNMENT((#18255));
#18255 = SURFACE_STYLE_USAGE(.BOTH.,#18256);
#18256 = SURFACE_SIDE_STYLE('',(#18257));
#18257 = SURFACE_STYLE_FILL_AREA(#18258);
#18258 = FILL_AREA_STYLE('',(#18259));
#18259 = FILL_AREA_STYLE_COLOUR('',#17428);
#18260 = STYLED_ITEM('color',(#18261),#2723);
#18261 = PRESENTATION_STYLE_ASSIGNMENT((#18262));
#18262 = SURFACE_STYLE_USAGE(.BOTH.,#18263);
#18263 = SURFACE_SIDE_STYLE('',(#18264));
#18264 = SURFACE_STYLE_FILL_AREA(#18265);
#18265 = FILL_AREA_STYLE('',(#18266));
#18266 = FILL_AREA_STYLE_COLOUR('',#17428);
#18267 = STYLED_ITEM('color',(#18268),#2778);
#18268 = PRESENTATION_STYLE_ASSIGNMENT((#18269));
#18269 = SURFACE_STYLE_USAGE(.BOTH.,#18270);
#18270 = SURFACE_SIDE_STYLE('',(#18271));
#18271 = SURFACE_STYLE_FILL_AREA(#18272);
#18272 = FILL_AREA_STYLE('',(#18273));
#18273 = FILL_AREA_STYLE_COLOUR('',#17428);
#18274 = STYLED_ITEM('color',(#18275),#2788);
#18275 = PRESENTATION_STYLE_ASSIGNMENT((#18276));
#18276 = SURFACE_STYLE_USAGE(.BOTH.,#18277);
#18277 = SURFACE_SIDE_STYLE('',(#18278));
#18278 = SURFACE_STYLE_FILL_AREA(#18279);
#18279 = FILL_AREA_STYLE('',(#18280));
#18280 = FILL_AREA_STYLE_COLOUR('',#17428);
#18281 = STYLED_ITEM('color',(#18282),#2804);
#18282 = PRESENTATION_STYLE_ASSIGNMENT((#18283));
#18283 = SURFACE_STYLE_USAGE(.BOTH.,#18284);
#18284 = SURFACE_SIDE_STYLE('',(#18285));
#18285 = SURFACE_STYLE_FILL_AREA(#18286);
#18286 = FILL_AREA_STYLE('',(#18287));
#18287 = FILL_AREA_STYLE_COLOUR('',#17428);
#18288 = STYLED_ITEM('color',(#18289),#2821);
#18289 = PRESENTATION_STYLE_ASSIGNMENT((#18290));
#18290 = SURFACE_STYLE_USAGE(.BOTH.,#18291);
#18291 = SURFACE_SIDE_STYLE('',(#18292));
#18292 = SURFACE_STYLE_FILL_AREA(#18293);
#18293 = FILL_AREA_STYLE('',(#18294));
#18294 = FILL_AREA_STYLE_COLOUR('',#17428);
#18295 = STYLED_ITEM('color',(#18296),#2838);
#18296 = PRESENTATION_STYLE_ASSIGNMENT((#18297));
#18297 = SURFACE_STYLE_USAGE(.BOTH.,#18298);
#18298 = SURFACE_SIDE_STYLE('',(#18299));
#18299 = SURFACE_STYLE_FILL_AREA(#18300);
#18300 = FILL_AREA_STYLE('',(#18301));
#18301 = FILL_AREA_STYLE_COLOUR('',#17428);
#18302 = STYLED_ITEM('color',(#18303),#2855);
#18303 = PRESENTATION_STYLE_ASSIGNMENT((#18304));
#18304 = SURFACE_STYLE_USAGE(.BOTH.,#18305);
#18305 = SURFACE_SIDE_STYLE('',(#18306));
#18306 = SURFACE_STYLE_FILL_AREA(#18307);
#18307 = FILL_AREA_STYLE('',(#18308));
#18308 = FILL_AREA_STYLE_COLOUR('',#17428);
#18309 = STYLED_ITEM('color',(#18310),#2865);
#18310 = PRESENTATION_STYLE_ASSIGNMENT((#18311));
#18311 = SURFACE_STYLE_USAGE(.BOTH.,#18312);
#18312 = SURFACE_SIDE_STYLE('',(#18313));
#18313 = SURFACE_STYLE_FILL_AREA(#18314);
#18314 = FILL_AREA_STYLE('',(#18315));
#18315 = FILL_AREA_STYLE_COLOUR('',#17428);
#18316 = STYLED_ITEM('color',(#18317),#2875);
#18317 = PRESENTATION_STYLE_ASSIGNMENT((#18318));
#18318 = SURFACE_STYLE_USAGE(.BOTH.,#18319);
#18319 = SURFACE_SIDE_STYLE('',(#18320));
#18320 = SURFACE_STYLE_FILL_AREA(#18321);
#18321 = FILL_AREA_STYLE('',(#18322));
#18322 = FILL_AREA_STYLE_COLOUR('',#17428);
#18323 = STYLED_ITEM('color',(#18324),#2906);
#18324 = PRESENTATION_STYLE_ASSIGNMENT((#18325));
#18325 = SURFACE_STYLE_USAGE(.BOTH.,#18326);
#18326 = SURFACE_SIDE_STYLE('',(#18327));
#18327 = SURFACE_STYLE_FILL_AREA(#18328);
#18328 = FILL_AREA_STYLE('',(#18329));
#18329 = FILL_AREA_STYLE_COLOUR('',#17428);
#18330 = STYLED_ITEM('color',(#18331),#2930);
#18331 = PRESENTATION_STYLE_ASSIGNMENT((#18332));
#18332 = SURFACE_STYLE_USAGE(.BOTH.,#18333);
#18333 = SURFACE_SIDE_STYLE('',(#18334));
#18334 = SURFACE_STYLE_FILL_AREA(#18335);
#18335 = FILL_AREA_STYLE('',(#18336));
#18336 = FILL_AREA_STYLE_COLOUR('',#17428);
#18337 = STYLED_ITEM('color',(#18338),#2954);
#18338 = PRESENTATION_STYLE_ASSIGNMENT((#18339));
#18339 = SURFACE_STYLE_USAGE(.BOTH.,#18340);
#18340 = SURFACE_SIDE_STYLE('',(#18341));
#18341 = SURFACE_STYLE_FILL_AREA(#18342);
#18342 = FILL_AREA_STYLE('',(#18343));
#18343 = FILL_AREA_STYLE_COLOUR('',#17428);
#18344 = STYLED_ITEM('color',(#18345),#2971);
#18345 = PRESENTATION_STYLE_ASSIGNMENT((#18346));
#18346 = SURFACE_STYLE_USAGE(.BOTH.,#18347);
#18347 = SURFACE_SIDE_STYLE('',(#18348));
#18348 = SURFACE_STYLE_FILL_AREA(#18349);
#18349 = FILL_AREA_STYLE('',(#18350));
#18350 = FILL_AREA_STYLE_COLOUR('',#17428);
#18351 = STYLED_ITEM('color',(#18352),#2987);
#18352 = PRESENTATION_STYLE_ASSIGNMENT((#18353));
#18353 = SURFACE_STYLE_USAGE(.BOTH.,#18354);
#18354 = SURFACE_SIDE_STYLE('',(#18355));
#18355 = SURFACE_STYLE_FILL_AREA(#18356);
#18356 = FILL_AREA_STYLE('',(#18357));
#18357 = FILL_AREA_STYLE_COLOUR('',#17428);
#18358 = STYLED_ITEM('color',(#18359),#3004);
#18359 = PRESENTATION_STYLE_ASSIGNMENT((#18360));
#18360 = SURFACE_STYLE_USAGE(.BOTH.,#18361);
#18361 = SURFACE_SIDE_STYLE('',(#18362));
#18362 = SURFACE_STYLE_FILL_AREA(#18363);
#18363 = FILL_AREA_STYLE('',(#18364));
#18364 = FILL_AREA_STYLE_COLOUR('',#17428);
#18365 = STYLED_ITEM('color',(#18366),#3021);
#18366 = PRESENTATION_STYLE_ASSIGNMENT((#18367));
#18367 = SURFACE_STYLE_USAGE(.BOTH.,#18368);
#18368 = SURFACE_SIDE_STYLE('',(#18369));
#18369 = SURFACE_STYLE_FILL_AREA(#18370);
#18370 = FILL_AREA_STYLE('',(#18371));
#18371 = FILL_AREA_STYLE_COLOUR('',#17428);
#18372 = STYLED_ITEM('color',(#18373),#3038);
#18373 = PRESENTATION_STYLE_ASSIGNMENT((#18374));
#18374 = SURFACE_STYLE_USAGE(.BOTH.,#18375);
#18375 = SURFACE_SIDE_STYLE('',(#18376));
#18376 = SURFACE_STYLE_FILL_AREA(#18377);
#18377 = FILL_AREA_STYLE('',(#18378));
#18378 = FILL_AREA_STYLE_COLOUR('',#17428);
#18379 = STYLED_ITEM('color',(#18380),#3048);
#18380 = PRESENTATION_STYLE_ASSIGNMENT((#18381));
#18381 = SURFACE_STYLE_USAGE(.BOTH.,#18382);
#18382 = SURFACE_SIDE_STYLE('',(#18383));
#18383 = SURFACE_STYLE_FILL_AREA(#18384);
#18384 = FILL_AREA_STYLE('',(#18385));
#18385 = FILL_AREA_STYLE_COLOUR('',#17428);
#18386 = STYLED_ITEM('color',(#18387),#3058);
#18387 = PRESENTATION_STYLE_ASSIGNMENT((#18388));
#18388 = SURFACE_STYLE_USAGE(.BOTH.,#18389);
#18389 = SURFACE_SIDE_STYLE('',(#18390));
#18390 = SURFACE_STYLE_FILL_AREA(#18391);
#18391 = FILL_AREA_STYLE('',(#18392));
#18392 = FILL_AREA_STYLE_COLOUR('',#17428);
#18393 = STYLED_ITEM('color',(#18394),#3089);
#18394 = PRESENTATION_STYLE_ASSIGNMENT((#18395));
#18395 = SURFACE_STYLE_USAGE(.BOTH.,#18396);
#18396 = SURFACE_SIDE_STYLE('',(#18397));
#18397 = SURFACE_STYLE_FILL_AREA(#18398);
#18398 = FILL_AREA_STYLE('',(#18399));
#18399 = FILL_AREA_STYLE_COLOUR('',#17428);
#18400 = STYLED_ITEM('color',(#18401),#3113);
#18401 = PRESENTATION_STYLE_ASSIGNMENT((#18402));
#18402 = SURFACE_STYLE_USAGE(.BOTH.,#18403);
#18403 = SURFACE_SIDE_STYLE('',(#18404));
#18404 = SURFACE_STYLE_FILL_AREA(#18405);
#18405 = FILL_AREA_STYLE('',(#18406));
#18406 = FILL_AREA_STYLE_COLOUR('',#17428);
#18407 = STYLED_ITEM('color',(#18408),#3137);
#18408 = PRESENTATION_STYLE_ASSIGNMENT((#18409));
#18409 = SURFACE_STYLE_USAGE(.BOTH.,#18410);
#18410 = SURFACE_SIDE_STYLE('',(#18411));
#18411 = SURFACE_STYLE_FILL_AREA(#18412);
#18412 = FILL_AREA_STYLE('',(#18413));
#18413 = FILL_AREA_STYLE_COLOUR('',#17428);
#18414 = STYLED_ITEM('color',(#18415),#3154);
#18415 = PRESENTATION_STYLE_ASSIGNMENT((#18416));
#18416 = SURFACE_STYLE_USAGE(.BOTH.,#18417);
#18417 = SURFACE_SIDE_STYLE('',(#18418));
#18418 = SURFACE_STYLE_FILL_AREA(#18419);
#18419 = FILL_AREA_STYLE('',(#18420));
#18420 = FILL_AREA_STYLE_COLOUR('',#17811);
#18421 = STYLED_ITEM('color',(#18422),#3166);
#18422 = PRESENTATION_STYLE_ASSIGNMENT((#18423));
#18423 = SURFACE_STYLE_USAGE(.BOTH.,#18424);
#18424 = SURFACE_SIDE_STYLE('',(#18425));
#18425 = SURFACE_STYLE_FILL_AREA(#18426);
#18426 = FILL_AREA_STYLE('',(#18427));
#18427 = FILL_AREA_STYLE_COLOUR('',#17811);
#18428 = MECHANICAL_DESIGN_GEOMETRIC_PRESENTATION_REPRESENTATION('',(
    #18429,#18437,#18444,#18451,#18458,#18465,#18472,#18479,#18486,
    #18493,#18500,#18507,#18514,#18521,#18528,#18535),#538);
#18429 = STYLED_ITEM('color',(#18430),#115);
#18430 = PRESENTATION_STYLE_ASSIGNMENT((#18431));
#18431 = SURFACE_STYLE_USAGE(.BOTH.,#18432);
#18432 = SURFACE_SIDE_STYLE('',(#18433));
#18433 = SURFACE_STYLE_FILL_AREA(#18434);
#18434 = FILL_AREA_STYLE('',(#18435));
#18435 = FILL_AREA_STYLE_COLOUR('',#18436);
#18436 = COLOUR_RGB('',0.699999984889,9.999999991362E-02,
  5.000000142576E-02);
#18437 = STYLED_ITEM('color',(#18438),#142);
#18438 = PRESENTATION_STYLE_ASSIGNMENT((#18439));
#18439 = SURFACE_STYLE_USAGE(.BOTH.,#18440);
#18440 = SURFACE_SIDE_STYLE('',(#18441));
#18441 = SURFACE_STYLE_FILL_AREA(#18442);
#18442 = FILL_AREA_STYLE('',(#18443));
#18443 = FILL_AREA_STYLE_COLOUR('',#18436);
#18444 = STYLED_ITEM('color',(#18445),#167);
#18445 = PRESENTATION_STYLE_ASSIGNMENT((#18446));
#18446 = SURFACE_STYLE_USAGE(.BOTH.,#18447);
#18447 = SURFACE_SIDE_STYLE('',(#18448));
#18448 = SURFACE_STYLE_FILL_AREA(#18449);
#18449 = FILL_AREA_STYLE('',(#18450));
#18450 = FILL_AREA_STYLE_COLOUR('',#18436);
#18451 = STYLED_ITEM('color',(#18452),#195);
#18452 = PRESENTATION_STYLE_ASSIGNMENT((#18453));
#18453 = SURFACE_STYLE_USAGE(.BOTH.,#18454);
#18454 = SURFACE_SIDE_STYLE('',(#18455));
#18455 = SURFACE_STYLE_FILL_AREA(#18456);
#18456 = FILL_AREA_STYLE('',(#18457));
#18457 = FILL_AREA_STYLE_COLOUR('',#18436);
#18458 = STYLED_ITEM('color',(#18459),#227);
#18459 = PRESENTATION_STYLE_ASSIGNMENT((#18460));
#18460 = SURFACE_STYLE_USAGE(.BOTH.,#18461);
#18461 = SURFACE_SIDE_STYLE('',(#18462));
#18462 = SURFACE_STYLE_FILL_AREA(#18463);
#18463 = FILL_AREA_STYLE('',(#18464));
#18464 = FILL_AREA_STYLE_COLOUR('',#18436);
#18465 = STYLED_ITEM('color',(#18466),#244);
#18466 = PRESENTATION_STYLE_ASSIGNMENT((#18467));
#18467 = SURFACE_STYLE_USAGE(.BOTH.,#18468);
#18468 = SURFACE_SIDE_STYLE('',(#18469));
#18469 = SURFACE_STYLE_FILL_AREA(#18470);
#18470 = FILL_AREA_STYLE('',(#18471));
#18471 = FILL_AREA_STYLE_COLOUR('',#18436);
#18472 = STYLED_ITEM('color',(#18473),#322);
#18473 = PRESENTATION_STYLE_ASSIGNMENT((#18474));
#18474 = SURFACE_STYLE_USAGE(.BOTH.,#18475);
#18475 = SURFACE_SIDE_STYLE('',(#18476));
#18476 = SURFACE_STYLE_FILL_AREA(#18477);
#18477 = FILL_AREA_STYLE('',(#18478));
#18478 = FILL_AREA_STYLE_COLOUR('',#17428);
#18479 = STYLED_ITEM('color',(#18480),#353);
#18480 = PRESENTATION_STYLE_ASSIGNMENT((#18481));
#18481 = SURFACE_STYLE_USAGE(.BOTH.,#18482);
#18482 = SURFACE_SIDE_STYLE('',(#18483));
#18483 = SURFACE_STYLE_FILL_AREA(#18484);
#18484 = FILL_AREA_STYLE('',(#18485));
#18485 = FILL_AREA_STYLE_COLOUR('',#17428);
#18486 = STYLED_ITEM('color',(#18487),#377);
#18487 = PRESENTATION_STYLE_ASSIGNMENT((#18488));
#18488 = SURFACE_STYLE_USAGE(.BOTH.,#18489);
#18489 = SURFACE_SIDE_STYLE('',(#18490));
#18490 = SURFACE_STYLE_FILL_AREA(#18491);
#18491 = FILL_AREA_STYLE('',(#18492));
#18492 = FILL_AREA_STYLE_COLOUR('',#17428);
#18493 = STYLED_ITEM('color',(#18494),#401);
#18494 = PRESENTATION_STYLE_ASSIGNMENT((#18495));
#18495 = SURFACE_STYLE_USAGE(.BOTH.,#18496);
#18496 = SURFACE_SIDE_STYLE('',(#18497));
#18497 = SURFACE_STYLE_FILL_AREA(#18498);
#18498 = FILL_AREA_STYLE('',(#18499));
#18499 = FILL_AREA_STYLE_COLOUR('',#17428);
#18500 = STYLED_ITEM('color',(#18501),#418);
#18501 = PRESENTATION_STYLE_ASSIGNMENT((#18502));
#18502 = SURFACE_STYLE_USAGE(.BOTH.,#18503);
#18503 = SURFACE_SIDE_STYLE('',(#18504));
#18504 = SURFACE_STYLE_FILL_AREA(#18505);
#18505 = FILL_AREA_STYLE('',(#18506));
#18506 = FILL_AREA_STYLE_COLOUR('',#17428);
#18507 = STYLED_ITEM('color',(#18508),#449);
#18508 = PRESENTATION_STYLE_ASSIGNMENT((#18509));
#18509 = SURFACE_STYLE_USAGE(.BOTH.,#18510);
#18510 = SURFACE_SIDE_STYLE('',(#18511));
#18511 = SURFACE_STYLE_FILL_AREA(#18512);
#18512 = FILL_AREA_STYLE('',(#18513));
#18513 = FILL_AREA_STYLE_COLOUR('',#17428);
#18514 = STYLED_ITEM('color',(#18515),#473);
#18515 = PRESENTATION_STYLE_ASSIGNMENT((#18516));
#18516 = SURFACE_STYLE_USAGE(.BOTH.,#18517);
#18517 = SURFACE_SIDE_STYLE('',(#18518));
#18518 = SURFACE_STYLE_FILL_AREA(#18519);
#18519 = FILL_AREA_STYLE('',(#18520));
#18520 = FILL_AREA_STYLE_COLOUR('',#17428);
#18521 = STYLED_ITEM('color',(#18522),#497);
#18522 = PRESENTATION_STYLE_ASSIGNMENT((#18523));
#18523 = SURFACE_STYLE_USAGE(.BOTH.,#18524);
#18524 = SURFACE_SIDE_STYLE('',(#18525));
#18525 = SURFACE_STYLE_FILL_AREA(#18526);
#18526 = FILL_AREA_STYLE('',(#18527));
#18527 = FILL_AREA_STYLE_COLOUR('',#17428);
#18528 = STYLED_ITEM('color',(#18529),#514);
#18529 = PRESENTATION_STYLE_ASSIGNMENT((#18530));
#18530 = SURFACE_STYLE_USAGE(.BOTH.,#18531);
#18531 = SURFACE_SIDE_STYLE('',(#18532));
#18532 = SURFACE_STYLE_FILL_AREA(#18533);
#18533 = FILL_AREA_STYLE('',(#18534));
#18534 = FILL_AREA_STYLE_COLOUR('',#17428);
#18535 = STYLED_ITEM('color',(#18536),#526);
#18536 = PRESENTATION_STYLE_ASSIGNMENT((#18537));
#18537 = SURFACE_STYLE_USAGE(.BOTH.,#18538);
#18538 = SURFACE_SIDE_STYLE('',(#18539));
#18539 = SURFACE_STYLE_FILL_AREA(#18540);
#18540 = FILL_AREA_STYLE('',(#18541));
#18541 = FILL_AREA_STYLE_COLOUR('',#17428);
#18542 = MECHANICAL_DESIGN_GEOMETRIC_PRESENTATION_REPRESENTATION('',(
    #18543,#18550,#18557,#18564,#18571,#18578,#18585,#18593,#18600,
    #18607,#18614,#18621,#18628,#18635,#18642,#18649,#18656,#18663,
    #18670,#18677,#18684),#5109);
#18543 = STYLED_ITEM('color',(#18544),#4626);
#18544 = PRESENTATION_STYLE_ASSIGNMENT((#18545));
#18545 = SURFACE_STYLE_USAGE(.BOTH.,#18546);
#18546 = SURFACE_SIDE_STYLE('',(#18547));
#18547 = SURFACE_STYLE_FILL_AREA(#18548);
#18548 = FILL_AREA_STYLE('',(#18549));
#18549 = FILL_AREA_STYLE_COLOUR('',#17428);
#18550 = STYLED_ITEM('color',(#18551),#4659);
#18551 = PRESENTATION_STYLE_ASSIGNMENT((#18552));
#18552 = SURFACE_STYLE_USAGE(.BOTH.,#18553);
#18553 = SURFACE_SIDE_STYLE('',(#18554));
#18554 = SURFACE_STYLE_FILL_AREA(#18555);
#18555 = FILL_AREA_STYLE('',(#18556));
#18556 = FILL_AREA_STYLE_COLOUR('',#17428);
#18557 = STYLED_ITEM('color',(#18558),#4668);
#18558 = PRESENTATION_STYLE_ASSIGNMENT((#18559));
#18559 = SURFACE_STYLE_USAGE(.BOTH.,#18560);
#18560 = SURFACE_SIDE_STYLE('',(#18561));
#18561 = SURFACE_STYLE_FILL_AREA(#18562);
#18562 = FILL_AREA_STYLE('',(#18563));
#18563 = FILL_AREA_STYLE_COLOUR('',#17428);
#18564 = STYLED_ITEM('color',(#18565),#4694);
#18565 = PRESENTATION_STYLE_ASSIGNMENT((#18566));
#18566 = SURFACE_STYLE_USAGE(.BOTH.,#18567);
#18567 = SURFACE_SIDE_STYLE('',(#18568));
#18568 = SURFACE_STYLE_FILL_AREA(#18569);
#18569 = FILL_AREA_STYLE('',(#18570));
#18570 = FILL_AREA_STYLE_COLOUR('',#17428);
#18571 = STYLED_ITEM('color',(#18572),#4719);
#18572 = PRESENTATION_STYLE_ASSIGNMENT((#18573));
#18573 = SURFACE_STYLE_USAGE(.BOTH.,#18574);
#18574 = SURFACE_SIDE_STYLE('',(#18575));
#18575 = SURFACE_STYLE_FILL_AREA(#18576);
#18576 = FILL_AREA_STYLE('',(#18577));
#18577 = FILL_AREA_STYLE_COLOUR('',#17428);
#18578 = STYLED_ITEM('color',(#18579),#4739);
#18579 = PRESENTATION_STYLE_ASSIGNMENT((#18580));
#18580 = SURFACE_STYLE_USAGE(.BOTH.,#18581);
#18581 = SURFACE_SIDE_STYLE('',(#18582));
#18582 = SURFACE_STYLE_FILL_AREA(#18583);
#18583 = FILL_AREA_STYLE('',(#18584));
#18584 = FILL_AREA_STYLE_COLOUR('',#17428);
#18585 = STYLED_ITEM('color',(#18586),#4764);
#18586 = PRESENTATION_STYLE_ASSIGNMENT((#18587));
#18587 = SURFACE_STYLE_USAGE(.BOTH.,#18588);
#18588 = SURFACE_SIDE_STYLE('',(#18589));
#18589 = SURFACE_STYLE_FILL_AREA(#18590);
#18590 = FILL_AREA_STYLE('',(#18591));
#18591 = FILL_AREA_STYLE_COLOUR('',#18592);
#18592 = COLOUR_RGB('',0.,0.631244006163,0.748016017657);
#18593 = STYLED_ITEM('color',(#18594),#4784);
#18594 = PRESENTATION_STYLE_ASSIGNMENT((#18595));
#18595 = SURFACE_STYLE_USAGE(.BOTH.,#18596);
#18596 = SURFACE_SIDE_STYLE('',(#18597));
#18597 = SURFACE_STYLE_FILL_AREA(#18598);
#18598 = FILL_AREA_STYLE('',(#18599));
#18599 = FILL_AREA_STYLE_COLOUR('',#18592);
#18600 = STYLED_ITEM('color',(#18601),#4814);
#18601 = PRESENTATION_STYLE_ASSIGNMENT((#18602));
#18602 = SURFACE_STYLE_USAGE(.BOTH.,#18603);
#18603 = SURFACE_SIDE_STYLE('',(#18604));
#18604 = SURFACE_STYLE_FILL_AREA(#18605);
#18605 = FILL_AREA_STYLE('',(#18606));
#18606 = FILL_AREA_STYLE_COLOUR('',#18592);
#18607 = STYLED_ITEM('color',(#18608),#4839);
#18608 = PRESENTATION_STYLE_ASSIGNMENT((#18609));
#18609 = SURFACE_STYLE_USAGE(.BOTH.,#18610);
#18610 = SURFACE_SIDE_STYLE('',(#18611));
#18611 = SURFACE_STYLE_FILL_AREA(#18612);
#18612 = FILL_AREA_STYLE('',(#18613));
#18613 = FILL_AREA_STYLE_COLOUR('',#18436);
#18614 = STYLED_ITEM('color',(#18615),#4859);
#18615 = PRESENTATION_STYLE_ASSIGNMENT((#18616));
#18616 = SURFACE_STYLE_USAGE(.BOTH.,#18617);
#18617 = SURFACE_SIDE_STYLE('',(#18618));
#18618 = SURFACE_STYLE_FILL_AREA(#18619);
#18619 = FILL_AREA_STYLE('',(#18620));
#18620 = FILL_AREA_STYLE_COLOUR('',#18436);
#18621 = STYLED_ITEM('color',(#18622),#4884);
#18622 = PRESENTATION_STYLE_ASSIGNMENT((#18623));
#18623 = SURFACE_STYLE_USAGE(.BOTH.,#18624);
#18624 = SURFACE_SIDE_STYLE('',(#18625));
#18625 = SURFACE_STYLE_FILL_AREA(#18626);
#18626 = FILL_AREA_STYLE('',(#18627));
#18627 = FILL_AREA_STYLE_COLOUR('',#18436);
#18628 = STYLED_ITEM('color',(#18629),#4904);
#18629 = PRESENTATION_STYLE_ASSIGNMENT((#18630));
#18630 = SURFACE_STYLE_USAGE(.BOTH.,#18631);
#18631 = SURFACE_SIDE_STYLE('',(#18632));
#18632 = SURFACE_STYLE_FILL_AREA(#18633);
#18633 = FILL_AREA_STYLE('',(#18634));
#18634 = FILL_AREA_STYLE_COLOUR('',#18592);
#18635 = STYLED_ITEM('color',(#18636),#4929);
#18636 = PRESENTATION_STYLE_ASSIGNMENT((#18637));
#18637 = SURFACE_STYLE_USAGE(.BOTH.,#18638);
#18638 = SURFACE_SIDE_STYLE('',(#18639));
#18639 = SURFACE_STYLE_FILL_AREA(#18640);
#18640 = FILL_AREA_STYLE('',(#18641));
#18641 = FILL_AREA_STYLE_COLOUR('',#18592);
#18642 = STYLED_ITEM('color',(#18643),#4959);
#18643 = PRESENTATION_STYLE_ASSIGNMENT((#18644));
#18644 = SURFACE_STYLE_USAGE(.BOTH.,#18645);
#18645 = SURFACE_SIDE_STYLE('',(#18646));
#18646 = SURFACE_STYLE_FILL_AREA(#18647);
#18647 = FILL_AREA_STYLE('',(#18648));
#18648 = FILL_AREA_STYLE_COLOUR('',#18592);
#18649 = STYLED_ITEM('color',(#18650),#4979);
#18650 = PRESENTATION_STYLE_ASSIGNMENT((#18651));
#18651 = SURFACE_STYLE_USAGE(.BOTH.,#18652);
#18652 = SURFACE_SIDE_STYLE('',(#18653));
#18653 = SURFACE_STYLE_FILL_AREA(#18654);
#18654 = FILL_AREA_STYLE('',(#18655));
#18655 = FILL_AREA_STYLE_COLOUR('',#17428);
#18656 = STYLED_ITEM('color',(#18657),#5004);
#18657 = PRESENTATION_STYLE_ASSIGNMENT((#18658));
#18658 = SURFACE_STYLE_USAGE(.BOTH.,#18659);
#18659 = SURFACE_SIDE_STYLE('',(#18660));
#18660 = SURFACE_STYLE_FILL_AREA(#18661);
#18661 = FILL_AREA_STYLE('',(#18662));
#18662 = FILL_AREA_STYLE_COLOUR('',#17428);
#18663 = STYLED_ITEM('color',(#18664),#5024);
#18664 = PRESENTATION_STYLE_ASSIGNMENT((#18665));
#18665 = SURFACE_STYLE_USAGE(.BOTH.,#18666);
#18666 = SURFACE_SIDE_STYLE('',(#18667));
#18667 = SURFACE_STYLE_FILL_AREA(#18668);
#18668 = FILL_AREA_STYLE('',(#18669));
#18669 = FILL_AREA_STYLE_COLOUR('',#17428);
#18670 = STYLED_ITEM('color',(#18671),#5049);
#18671 = PRESENTATION_STYLE_ASSIGNMENT((#18672));
#18672 = SURFACE_STYLE_USAGE(.BOTH.,#18673);
#18673 = SURFACE_SIDE_STYLE('',(#18674));
#18674 = SURFACE_STYLE_FILL_AREA(#18675);
#18675 = FILL_AREA_STYLE('',(#18676));
#18676 = FILL_AREA_STYLE_COLOUR('',#17428);
#18677 = STYLED_ITEM('color',(#18678),#5075);
#18678 = PRESENTATION_STYLE_ASSIGNMENT((#18679));
#18679 = SURFACE_STYLE_USAGE(.BOTH.,#18680);
#18680 = SURFACE_SIDE_STYLE('',(#18681));
#18681 = SURFACE_STYLE_FILL_AREA(#18682);
#18682 = FILL_AREA_STYLE('',(#18683));
#18683 = FILL_AREA_STYLE_COLOUR('',#17428);
#18684 = STYLED_ITEM('color',(#18685),#5100);
#18685 = PRESENTATION_STYLE_ASSIGNMENT((#18686));
#18686 = SURFACE_STYLE_USAGE(.BOTH.,#18687);
#18687 = SURFACE_SIDE_STYLE('',(#18688));
#18688 = SURFACE_STYLE_FILL_AREA(#18689);
#18689 = FILL_AREA_STYLE('',(#18690));
#18690 = FILL_AREA_STYLE_COLOUR('',#17428);
#18691 = MECHANICAL_DESIGN_GEOMETRIC_PRESENTATION_REPRESENTATION('',(
    #18692,#18699,#18706,#18713,#18720,#18727,#18734,#18741,#18748,
    #18755,#18762,#18769,#18776,#18783,#18790,#18797,#18804,#18811,
    #18818,#18825,#18832,#18839,#18846,#18853,#18860,#18867,#18874,
    #18881,#18888,#18895,#18902,#18909,#18916,#18923,#18930,#18937,
    #18944,#18951,#18958,#18965,#18972,#18979,#18986,#18993,#19000,
    #19007,#19014,#19021),#10852);
#18692 = STYLED_ITEM('color',(#18693),#9312);
#18693 = PRESENTATION_STYLE_ASSIGNMENT((#18694));
#18694 = SURFACE_STYLE_USAGE(.BOTH.,#18695);
#18695 = SURFACE_SIDE_STYLE('',(#18696));
#18696 = SURFACE_STYLE_FILL_AREA(#18697);
#18697 = FILL_AREA_STYLE('',(#18698));
#18698 = FILL_AREA_STYLE_COLOUR('',#16884);
#18699 = STYLED_ITEM('color',(#18700),#9368);
#18700 = PRESENTATION_STYLE_ASSIGNMENT((#18701));
#18701 = SURFACE_STYLE_USAGE(.BOTH.,#18702);
#18702 = SURFACE_SIDE_STYLE('',(#18703));
#18703 = SURFACE_STYLE_FILL_AREA(#18704);
#18704 = FILL_AREA_STYLE('',(#18705));
#18705 = FILL_AREA_STYLE_COLOUR('',#16884);
#18706 = STYLED_ITEM('color',(#18707),#9495);
#18707 = PRESENTATION_STYLE_ASSIGNMENT((#18708));
#18708 = SURFACE_STYLE_USAGE(.BOTH.,#18709);
#18709 = SURFACE_SIDE_STYLE('',(#18710));
#18710 = SURFACE_STYLE_FILL_AREA(#18711);
#18711 = FILL_AREA_STYLE('',(#18712));
#18712 = FILL_AREA_STYLE_COLOUR('',#16884);
#18713 = STYLED_ITEM('color',(#18714),#9519);
#18714 = PRESENTATION_STYLE_ASSIGNMENT((#18715));
#18715 = SURFACE_STYLE_USAGE(.BOTH.,#18716);
#18716 = SURFACE_SIDE_STYLE('',(#18717));
#18717 = SURFACE_STYLE_FILL_AREA(#18718);
#18718 = FILL_AREA_STYLE('',(#18719));
#18719 = FILL_AREA_STYLE_COLOUR('',#16884);
#18720 = STYLED_ITEM('color',(#18721),#9543);
#18721 = PRESENTATION_STYLE_ASSIGNMENT((#18722));
#18722 = SURFACE_STYLE_USAGE(.BOTH.,#18723);
#18723 = SURFACE_SIDE_STYLE('',(#18724));
#18724 = SURFACE_STYLE_FILL_AREA(#18725);
#18725 = FILL_AREA_STYLE('',(#18726));
#18726 = FILL_AREA_STYLE_COLOUR('',#16884);
#18727 = STYLED_ITEM('color',(#18728),#9599);
#18728 = PRESENTATION_STYLE_ASSIGNMENT((#18729));
#18729 = SURFACE_STYLE_USAGE(.BOTH.,#18730);
#18730 = SURFACE_SIDE_STYLE('',(#18731));
#18731 = SURFACE_STYLE_FILL_AREA(#18732);
#18732 = FILL_AREA_STYLE('',(#18733));
#18733 = FILL_AREA_STYLE_COLOUR('',#16884);
#18734 = STYLED_ITEM('color',(#18735),#9646);
#18735 = PRESENTATION_STYLE_ASSIGNMENT((#18736));
#18736 = SURFACE_STYLE_USAGE(.BOTH.,#18737);
#18737 = SURFACE_SIDE_STYLE('',(#18738));
#18738 = SURFACE_STYLE_FILL_AREA(#18739);
#18739 = FILL_AREA_STYLE('',(#18740));
#18740 = FILL_AREA_STYLE_COLOUR('',#16884);
#18741 = STYLED_ITEM('color',(#18742),#9732);
#18742 = PRESENTATION_STYLE_ASSIGNMENT((#18743));
#18743 = SURFACE_STYLE_USAGE(.BOTH.,#18744);
#18744 = SURFACE_SIDE_STYLE('',(#18745));
#18745 = SURFACE_STYLE_FILL_AREA(#18746);
#18746 = FILL_AREA_STYLE('',(#18747));
#18747 = FILL_AREA_STYLE_COLOUR('',#16884);
#18748 = STYLED_ITEM('color',(#18749),#9746);
#18749 = PRESENTATION_STYLE_ASSIGNMENT((#18750));
#18750 = SURFACE_STYLE_USAGE(.BOTH.,#18751);
#18751 = SURFACE_SIDE_STYLE('',(#18752));
#18752 = SURFACE_STYLE_FILL_AREA(#18753);
#18753 = FILL_AREA_STYLE('',(#18754));
#18754 = FILL_AREA_STYLE_COLOUR('',#17428);
#18755 = STYLED_ITEM('color',(#18756),#9786);
#18756 = PRESENTATION_STYLE_ASSIGNMENT((#18757));
#18757 = SURFACE_STYLE_USAGE(.BOTH.,#18758);
#18758 = SURFACE_SIDE_STYLE('',(#18759));
#18759 = SURFACE_STYLE_FILL_AREA(#18760);
#18760 = FILL_AREA_STYLE('',(#18761));
#18761 = FILL_AREA_STYLE_COLOUR('',#17428);
#18762 = STYLED_ITEM('color',(#18763),#9810);
#18763 = PRESENTATION_STYLE_ASSIGNMENT((#18764));
#18764 = SURFACE_STYLE_USAGE(.BOTH.,#18765);
#18765 = SURFACE_SIDE_STYLE('',(#18766));
#18766 = SURFACE_STYLE_FILL_AREA(#18767);
#18767 = FILL_AREA_STYLE('',(#18768));
#18768 = FILL_AREA_STYLE_COLOUR('',#17428);
#18769 = STYLED_ITEM('color',(#18770),#9843);
#18770 = PRESENTATION_STYLE_ASSIGNMENT((#18771));
#18771 = SURFACE_STYLE_USAGE(.BOTH.,#18772);
#18772 = SURFACE_SIDE_STYLE('',(#18773));
#18773 = SURFACE_STYLE_FILL_AREA(#18774);
#18774 = FILL_AREA_STYLE('',(#18775));
#18775 = FILL_AREA_STYLE_COLOUR('',#17428);
#18776 = STYLED_ITEM('color',(#18777),#9883);
#18777 = PRESENTATION_STYLE_ASSIGNMENT((#18778));
#18778 = SURFACE_STYLE_USAGE(.BOTH.,#18779);
#18779 = SURFACE_SIDE_STYLE('',(#18780));
#18780 = SURFACE_STYLE_FILL_AREA(#18781);
#18781 = FILL_AREA_STYLE('',(#18782));
#18782 = FILL_AREA_STYLE_COLOUR('',#17428);
#18783 = STYLED_ITEM('color',(#18784),#9907);
#18784 = PRESENTATION_STYLE_ASSIGNMENT((#18785));
#18785 = SURFACE_STYLE_USAGE(.BOTH.,#18786);
#18786 = SURFACE_SIDE_STYLE('',(#18787));
#18787 = SURFACE_STYLE_FILL_AREA(#18788);
#18788 = FILL_AREA_STYLE('',(#18789));
#18789 = FILL_AREA_STYLE_COLOUR('',#17428);
#18790 = STYLED_ITEM('color',(#18791),#9940);
#18791 = PRESENTATION_STYLE_ASSIGNMENT((#18792));
#18792 = SURFACE_STYLE_USAGE(.BOTH.,#18793);
#18793 = SURFACE_SIDE_STYLE('',(#18794));
#18794 = SURFACE_STYLE_FILL_AREA(#18795);
#18795 = FILL_AREA_STYLE('',(#18796));
#18796 = FILL_AREA_STYLE_COLOUR('',#17428);
#18797 = STYLED_ITEM('color',(#18798),#9980);
#18798 = PRESENTATION_STYLE_ASSIGNMENT((#18799));
#18799 = SURFACE_STYLE_USAGE(.BOTH.,#18800);
#18800 = SURFACE_SIDE_STYLE('',(#18801));
#18801 = SURFACE_STYLE_FILL_AREA(#18802);
#18802 = FILL_AREA_STYLE('',(#18803));
#18803 = FILL_AREA_STYLE_COLOUR('',#17428);
#18804 = STYLED_ITEM('color',(#18805),#10004);
#18805 = PRESENTATION_STYLE_ASSIGNMENT((#18806));
#18806 = SURFACE_STYLE_USAGE(.BOTH.,#18807);
#18807 = SURFACE_SIDE_STYLE('',(#18808));
#18808 = SURFACE_STYLE_FILL_AREA(#18809);
#18809 = FILL_AREA_STYLE('',(#18810));
#18810 = FILL_AREA_STYLE_COLOUR('',#17428);
#18811 = STYLED_ITEM('color',(#18812),#10037);
#18812 = PRESENTATION_STYLE_ASSIGNMENT((#18813));
#18813 = SURFACE_STYLE_USAGE(.BOTH.,#18814);
#18814 = SURFACE_SIDE_STYLE('',(#18815));
#18815 = SURFACE_STYLE_FILL_AREA(#18816);
#18816 = FILL_AREA_STYLE('',(#18817));
#18817 = FILL_AREA_STYLE_COLOUR('',#17428);
#18818 = STYLED_ITEM('color',(#18819),#10077);
#18819 = PRESENTATION_STYLE_ASSIGNMENT((#18820));
#18820 = SURFACE_STYLE_USAGE(.BOTH.,#18821);
#18821 = SURFACE_SIDE_STYLE('',(#18822));
#18822 = SURFACE_STYLE_FILL_AREA(#18823);
#18823 = FILL_AREA_STYLE('',(#18824));
#18824 = FILL_AREA_STYLE_COLOUR('',#17428);
#18825 = STYLED_ITEM('color',(#18826),#10112);
#18826 = PRESENTATION_STYLE_ASSIGNMENT((#18827));
#18827 = SURFACE_STYLE_USAGE(.BOTH.,#18828);
#18828 = SURFACE_SIDE_STYLE('',(#18829));
#18829 = SURFACE_STYLE_FILL_AREA(#18830);
#18830 = FILL_AREA_STYLE('',(#18831));
#18831 = FILL_AREA_STYLE_COLOUR('',#17428);
#18832 = STYLED_ITEM('color',(#18833),#10145);
#18833 = PRESENTATION_STYLE_ASSIGNMENT((#18834));
#18834 = SURFACE_STYLE_USAGE(.BOTH.,#18835);
#18835 = SURFACE_SIDE_STYLE('',(#18836));
#18836 = SURFACE_STYLE_FILL_AREA(#18837);
#18837 = FILL_AREA_STYLE('',(#18838));
#18838 = FILL_AREA_STYLE_COLOUR('',#17428);
#18839 = STYLED_ITEM('color',(#18840),#10162);
#18840 = PRESENTATION_STYLE_ASSIGNMENT((#18841));
#18841 = SURFACE_STYLE_USAGE(.BOTH.,#18842);
#18842 = SURFACE_SIDE_STYLE('',(#18843));
#18843 = SURFACE_STYLE_FILL_AREA(#18844);
#18844 = FILL_AREA_STYLE('',(#18845));
#18845 = FILL_AREA_STYLE_COLOUR('',#17428);
#18846 = STYLED_ITEM('color',(#18847),#10219);
#18847 = PRESENTATION_STYLE_ASSIGNMENT((#18848));
#18848 = SURFACE_STYLE_USAGE(.BOTH.,#18849);
#18849 = SURFACE_SIDE_STYLE('',(#18850));
#18850 = SURFACE_STYLE_FILL_AREA(#18851);
#18851 = FILL_AREA_STYLE('',(#18852));
#18852 = FILL_AREA_STYLE_COLOUR('',#17428);
#18853 = STYLED_ITEM('color',(#18854),#10276);
#18854 = PRESENTATION_STYLE_ASSIGNMENT((#18855));
#18855 = SURFACE_STYLE_USAGE(.BOTH.,#18856);
#18856 = SURFACE_SIDE_STYLE('',(#18857));
#18857 = SURFACE_STYLE_FILL_AREA(#18858);
#18858 = FILL_AREA_STYLE('',(#18859));
#18859 = FILL_AREA_STYLE_COLOUR('',#17428);
#18860 = STYLED_ITEM('color',(#18861),#10333);
#18861 = PRESENTATION_STYLE_ASSIGNMENT((#18862));
#18862 = SURFACE_STYLE_USAGE(.BOTH.,#18863);
#18863 = SURFACE_SIDE_STYLE('',(#18864));
#18864 = SURFACE_STYLE_FILL_AREA(#18865);
#18865 = FILL_AREA_STYLE('',(#18866));
#18866 = FILL_AREA_STYLE_COLOUR('',#17428);
#18867 = STYLED_ITEM('color',(#18868),#10390);
#18868 = PRESENTATION_STYLE_ASSIGNMENT((#18869));
#18869 = SURFACE_STYLE_USAGE(.BOTH.,#18870);
#18870 = SURFACE_SIDE_STYLE('',(#18871));
#18871 = SURFACE_STYLE_FILL_AREA(#18872);
#18872 = FILL_AREA_STYLE('',(#18873));
#18873 = FILL_AREA_STYLE_COLOUR('',#17428);
#18874 = STYLED_ITEM('color',(#18875),#10407);
#18875 = PRESENTATION_STYLE_ASSIGNMENT((#18876));
#18876 = SURFACE_STYLE_USAGE(.BOTH.,#18877);
#18877 = SURFACE_SIDE_STYLE('',(#18878));
#18878 = SURFACE_STYLE_FILL_AREA(#18879);
#18879 = FILL_AREA_STYLE('',(#18880));
#18880 = FILL_AREA_STYLE_COLOUR('',#17428);
#18881 = STYLED_ITEM('color',(#18882),#10424);
#18882 = PRESENTATION_STYLE_ASSIGNMENT((#18883));
#18883 = SURFACE_STYLE_USAGE(.BOTH.,#18884);
#18884 = SURFACE_SIDE_STYLE('',(#18885));
#18885 = SURFACE_STYLE_FILL_AREA(#18886);
#18886 = FILL_AREA_STYLE('',(#18887));
#18887 = FILL_AREA_STYLE_COLOUR('',#17428);
#18888 = STYLED_ITEM('color',(#18889),#10481);
#18889 = PRESENTATION_STYLE_ASSIGNMENT((#18890));
#18890 = SURFACE_STYLE_USAGE(.BOTH.,#18891);
#18891 = SURFACE_SIDE_STYLE('',(#18892));
#18892 = SURFACE_STYLE_FILL_AREA(#18893);
#18893 = FILL_AREA_STYLE('',(#18894));
#18894 = FILL_AREA_STYLE_COLOUR('',#17428);
#18895 = STYLED_ITEM('color',(#18896),#10498);
#18896 = PRESENTATION_STYLE_ASSIGNMENT((#18897));
#18897 = SURFACE_STYLE_USAGE(.BOTH.,#18898);
#18898 = SURFACE_SIDE_STYLE('',(#18899));
#18899 = SURFACE_STYLE_FILL_AREA(#18900);
#18900 = FILL_AREA_STYLE('',(#18901));
#18901 = FILL_AREA_STYLE_COLOUR('',#17428);
#18902 = STYLED_ITEM('color',(#18903),#10515);
#18903 = PRESENTATION_STYLE_ASSIGNMENT((#18904));
#18904 = SURFACE_STYLE_USAGE(.BOTH.,#18905);
#18905 = SURFACE_SIDE_STYLE('',(#18906));
#18906 = SURFACE_STYLE_FILL_AREA(#18907);
#18907 = FILL_AREA_STYLE('',(#18908));
#18908 = FILL_AREA_STYLE_COLOUR('',#17428);
#18909 = STYLED_ITEM('color',(#18910),#10572);
#18910 = PRESENTATION_STYLE_ASSIGNMENT((#18911));
#18911 = SURFACE_STYLE_USAGE(.BOTH.,#18912);
#18912 = SURFACE_SIDE_STYLE('',(#18913));
#18913 = SURFACE_STYLE_FILL_AREA(#18914);
#18914 = FILL_AREA_STYLE('',(#18915));
#18915 = FILL_AREA_STYLE_COLOUR('',#17428);
#18916 = STYLED_ITEM('color',(#18917),#10589);
#18917 = PRESENTATION_STYLE_ASSIGNMENT((#18918));
#18918 = SURFACE_STYLE_USAGE(.BOTH.,#18919);
#18919 = SURFACE_SIDE_STYLE('',(#18920));
#18920 = SURFACE_STYLE_FILL_AREA(#18921);
#18921 = FILL_AREA_STYLE('',(#18922));
#18922 = FILL_AREA_STYLE_COLOUR('',#17428);
#18923 = STYLED_ITEM('color',(#18924),#10606);
#18924 = PRESENTATION_STYLE_ASSIGNMENT((#18925));
#18925 = SURFACE_STYLE_USAGE(.BOTH.,#18926);
#18926 = SURFACE_SIDE_STYLE('',(#18927));
#18927 = SURFACE_STYLE_FILL_AREA(#18928);
#18928 = FILL_AREA_STYLE('',(#18929));
#18929 = FILL_AREA_STYLE_COLOUR('',#17428);
#18930 = STYLED_ITEM('color',(#18931),#10634);
#18931 = PRESENTATION_STYLE_ASSIGNMENT((#18932));
#18932 = SURFACE_STYLE_USAGE(.BOTH.,#18933);
#18933 = SURFACE_SIDE_STYLE('',(#18934));
#18934 = SURFACE_STYLE_FILL_AREA(#18935);
#18935 = FILL_AREA_STYLE('',(#18936));
#18936 = FILL_AREA_STYLE_COLOUR('',#17428);
#18937 = STYLED_ITEM('color',(#18938),#10646);
#18938 = PRESENTATION_STYLE_ASSIGNMENT((#18939));
#18939 = SURFACE_STYLE_USAGE(.BOTH.,#18940);
#18940 = SURFACE_SIDE_STYLE('',(#18941));
#18941 = SURFACE_STYLE_FILL_AREA(#18942);
#18942 = FILL_AREA_STYLE('',(#18943));
#18943 = FILL_AREA_STYLE_COLOUR('',#17428);
#18944 = STYLED_ITEM('color',(#18945),#10663);
#18945 = PRESENTATION_STYLE_ASSIGNMENT((#18946));
#18946 = SURFACE_STYLE_USAGE(.BOTH.,#18947);
#18947 = SURFACE_SIDE_STYLE('',(#18948));
#18948 = SURFACE_STYLE_FILL_AREA(#18949);
#18949 = FILL_AREA_STYLE('',(#18950));
#18950 = FILL_AREA_STYLE_COLOUR('',#17428);
#18951 = STYLED_ITEM('color',(#18952),#10680);
#18952 = PRESENTATION_STYLE_ASSIGNMENT((#18953));
#18953 = SURFACE_STYLE_USAGE(.BOTH.,#18954);
#18954 = SURFACE_SIDE_STYLE('',(#18955));
#18955 = SURFACE_STYLE_FILL_AREA(#18956);
#18956 = FILL_AREA_STYLE('',(#18957));
#18957 = FILL_AREA_STYLE_COLOUR('',#17428);
#18958 = STYLED_ITEM('color',(#18959),#10697);
#18959 = PRESENTATION_STYLE_ASSIGNMENT((#18960));
#18960 = SURFACE_STYLE_USAGE(.BOTH.,#18961);
#18961 = SURFACE_SIDE_STYLE('',(#18962));
#18962 = SURFACE_STYLE_FILL_AREA(#18963);
#18963 = FILL_AREA_STYLE('',(#18964));
#18964 = FILL_AREA_STYLE_COLOUR('',#17428);
#18965 = STYLED_ITEM('color',(#18966),#10714);
#18966 = PRESENTATION_STYLE_ASSIGNMENT((#18967));
#18967 = SURFACE_STYLE_USAGE(.BOTH.,#18968);
#18968 = SURFACE_SIDE_STYLE('',(#18969));
#18969 = SURFACE_STYLE_FILL_AREA(#18970);
#18970 = FILL_AREA_STYLE('',(#18971));
#18971 = FILL_AREA_STYLE_COLOUR('',#17428);
#18972 = STYLED_ITEM('color',(#18973),#10726);
#18973 = PRESENTATION_STYLE_ASSIGNMENT((#18974));
#18974 = SURFACE_STYLE_USAGE(.BOTH.,#18975);
#18975 = SURFACE_SIDE_STYLE('',(#18976));
#18976 = SURFACE_STYLE_FILL_AREA(#18977);
#18977 = FILL_AREA_STYLE('',(#18978));
#18978 = FILL_AREA_STYLE_COLOUR('',#17428);
#18979 = STYLED_ITEM('color',(#18980),#10743);
#18980 = PRESENTATION_STYLE_ASSIGNMENT((#18981));
#18981 = SURFACE_STYLE_USAGE(.BOTH.,#18982);
#18982 = SURFACE_SIDE_STYLE('',(#18983));
#18983 = SURFACE_STYLE_FILL_AREA(#18984);
#18984 = FILL_AREA_STYLE('',(#18985));
#18985 = FILL_AREA_STYLE_COLOUR('',#17428);
#18986 = STYLED_ITEM('color',(#18987),#10760);
#18987 = PRESENTATION_STYLE_ASSIGNMENT((#18988));
#18988 = SURFACE_STYLE_USAGE(.BOTH.,#18989);
#18989 = SURFACE_SIDE_STYLE('',(#18990));
#18990 = SURFACE_STYLE_FILL_AREA(#18991);
#18991 = FILL_AREA_STYLE('',(#18992));
#18992 = FILL_AREA_STYLE_COLOUR('',#17428);
#18993 = STYLED_ITEM('color',(#18994),#10777);
#18994 = PRESENTATION_STYLE_ASSIGNMENT((#18995));
#18995 = SURFACE_STYLE_USAGE(.BOTH.,#18996);
#18996 = SURFACE_SIDE_STYLE('',(#18997));
#18997 = SURFACE_STYLE_FILL_AREA(#18998);
#18998 = FILL_AREA_STYLE('',(#18999));
#18999 = FILL_AREA_STYLE_COLOUR('',#17428);
#19000 = STYLED_ITEM('color',(#19001),#10789);
#19001 = PRESENTATION_STYLE_ASSIGNMENT((#19002));
#19002 = SURFACE_STYLE_USAGE(.BOTH.,#19003);
#19003 = SURFACE_SIDE_STYLE('',(#19004));
#19004 = SURFACE_STYLE_FILL_AREA(#19005);
#19005 = FILL_AREA_STYLE('',(#19006));
#19006 = FILL_AREA_STYLE_COLOUR('',#17428);
#19007 = STYLED_ITEM('color',(#19008),#10806);
#19008 = PRESENTATION_STYLE_ASSIGNMENT((#19009));
#19009 = SURFACE_STYLE_USAGE(.BOTH.,#19010);
#19010 = SURFACE_SIDE_STYLE('',(#19011));
#19011 = SURFACE_STYLE_FILL_AREA(#19012);
#19012 = FILL_AREA_STYLE('',(#19013));
#19013 = FILL_AREA_STYLE_COLOUR('',#17428);
#19014 = STYLED_ITEM('color',(#19015),#10823);
#19015 = PRESENTATION_STYLE_ASSIGNMENT((#19016));
#19016 = SURFACE_STYLE_USAGE(.BOTH.,#19017);
#19017 = SURFACE_SIDE_STYLE('',(#19018));
#19018 = SURFACE_STYLE_FILL_AREA(#19019);
#19019 = FILL_AREA_STYLE('',(#19020));
#19020 = FILL_AREA_STYLE_COLOUR('',#17428);
#19021 = STYLED_ITEM('color',(#19022),#10840);
#19022 = PRESENTATION_STYLE_ASSIGNMENT((#19023));
#19023 = SURFACE_STYLE_USAGE(.BOTH.,#19024);
#19024 = SURFACE_SIDE_STYLE('',(#19025));
#19025 = SURFACE_STYLE_FILL_AREA(#19026);
#19026 = FILL_AREA_STYLE('',(#19027));
#19027 = FILL_AREA_STYLE_COLOUR('',#17428);
#19028 = MECHANICAL_DESIGN_GEOMETRIC_PRESENTATION_REPRESENTATION('',(
    #19029,#19037,#19044,#19051,#19058,#19065,#19072,#19079,#19086,
    #19093,#19100,#19107,#19114,#19121,#19128,#19135,#19142),#11263);
#19029 = STYLED_ITEM('color',(#19030),#10878);
#19030 = PRESENTATION_STYLE_ASSIGNMENT((#19031));
#19031 = SURFACE_STYLE_USAGE(.BOTH.,#19032);
#19032 = SURFACE_SIDE_STYLE('',(#19033));
#19033 = SURFACE_STYLE_FILL_AREA(#19034);
#19034 = FILL_AREA_STYLE('',(#19035));
#19035 = FILL_AREA_STYLE_COLOUR('',#19036);
#19036 = COLOUR_RGB('',0.883000012551,0.711000022565,0.492000011028);
#19037 = STYLED_ITEM('color',(#19038),#10911);
#19038 = PRESENTATION_STYLE_ASSIGNMENT((#19039));
#19039 = SURFACE_STYLE_USAGE(.BOTH.,#19040);
#19040 = SURFACE_SIDE_STYLE('',(#19041));
#19041 = SURFACE_STYLE_FILL_AREA(#19042);
#19042 = FILL_AREA_STYLE('',(#19043));
#19043 = FILL_AREA_STYLE_COLOUR('',#19036);
#19044 = STYLED_ITEM('color',(#19045),#10937);
#19045 = PRESENTATION_STYLE_ASSIGNMENT((#19046));
#19046 = SURFACE_STYLE_USAGE(.BOTH.,#19047);
#19047 = SURFACE_SIDE_STYLE('',(#19048));
#19048 = SURFACE_STYLE_FILL_AREA(#19049);
#19049 = FILL_AREA_STYLE('',(#19050));
#19050 = FILL_AREA_STYLE_COLOUR('',#19036);
#19051 = STYLED_ITEM('color',(#19052),#10957);
#19052 = PRESENTATION_STYLE_ASSIGNMENT((#19053));
#19053 = SURFACE_STYLE_USAGE(.BOTH.,#19054);
#19054 = SURFACE_SIDE_STYLE('',(#19055));
#19055 = SURFACE_STYLE_FILL_AREA(#19056);
#19056 = FILL_AREA_STYLE('',(#19057));
#19057 = FILL_AREA_STYLE_COLOUR('',#19036);
#19058 = STYLED_ITEM('color',(#19059),#10977);
#19059 = PRESENTATION_STYLE_ASSIGNMENT((#19060));
#19060 = SURFACE_STYLE_USAGE(.BOTH.,#19061);
#19061 = SURFACE_SIDE_STYLE('',(#19062));
#19062 = SURFACE_STYLE_FILL_AREA(#19063);
#19063 = FILL_AREA_STYLE('',(#19064));
#19064 = FILL_AREA_STYLE_COLOUR('',#19036);
#19065 = STYLED_ITEM('color',(#19066),#11002);
#19066 = PRESENTATION_STYLE_ASSIGNMENT((#19067));
#19067 = SURFACE_STYLE_USAGE(.BOTH.,#19068);
#19068 = SURFACE_SIDE_STYLE('',(#19069));
#19069 = SURFACE_STYLE_FILL_AREA(#19070);
#19070 = FILL_AREA_STYLE('',(#19071));
#19071 = FILL_AREA_STYLE_COLOUR('',#17428);
#19072 = STYLED_ITEM('color',(#19073),#11027);
#19073 = PRESENTATION_STYLE_ASSIGNMENT((#19074));
#19074 = SURFACE_STYLE_USAGE(.BOTH.,#19075);
#19075 = SURFACE_SIDE_STYLE('',(#19076));
#19076 = SURFACE_STYLE_FILL_AREA(#19077);
#19077 = FILL_AREA_STYLE('',(#19078));
#19078 = FILL_AREA_STYLE_COLOUR('',#19036);
#19079 = STYLED_ITEM('color',(#19080),#11047);
#19080 = PRESENTATION_STYLE_ASSIGNMENT((#19081));
#19081 = SURFACE_STYLE_USAGE(.BOTH.,#19082);
#19082 = SURFACE_SIDE_STYLE('',(#19083));
#19083 = SURFACE_STYLE_FILL_AREA(#19084);
#19084 = FILL_AREA_STYLE('',(#19085));
#19085 = FILL_AREA_STYLE_COLOUR('',#17428);
#19086 = STYLED_ITEM('color',(#19087),#11073);
#19087 = PRESENTATION_STYLE_ASSIGNMENT((#19088));
#19088 = SURFACE_STYLE_USAGE(.BOTH.,#19089);
#19089 = SURFACE_SIDE_STYLE('',(#19090));
#19090 = SURFACE_STYLE_FILL_AREA(#19091);
#19091 = FILL_AREA_STYLE('',(#19092));
#19092 = FILL_AREA_STYLE_COLOUR('',#19036);
#19093 = STYLED_ITEM('color',(#19094),#11098);
#19094 = PRESENTATION_STYLE_ASSIGNMENT((#19095));
#19095 = SURFACE_STYLE_USAGE(.BOTH.,#19096);
#19096 = SURFACE_SIDE_STYLE('',(#19097));
#19097 = SURFACE_STYLE_FILL_AREA(#19098);
#19098 = FILL_AREA_STYLE('',(#19099));
#19099 = FILL_AREA_STYLE_COLOUR('',#17428);
#19100 = STYLED_ITEM('color',(#19101),#11123);
#19101 = PRESENTATION_STYLE_ASSIGNMENT((#19102));
#19102 = SURFACE_STYLE_USAGE(.BOTH.,#19103);
#19103 = SURFACE_SIDE_STYLE('',(#19104));
#19104 = SURFACE_STYLE_FILL_AREA(#19105);
#19105 = FILL_AREA_STYLE('',(#19106));
#19106 = FILL_AREA_STYLE_COLOUR('',#19036);
#19107 = STYLED_ITEM('color',(#19108),#11149);
#19108 = PRESENTATION_STYLE_ASSIGNMENT((#19109));
#19109 = SURFACE_STYLE_USAGE(.BOTH.,#19110);
#19110 = SURFACE_SIDE_STYLE('',(#19111));
#19111 = SURFACE_STYLE_FILL_AREA(#19112);
#19112 = FILL_AREA_STYLE('',(#19113));
#19113 = FILL_AREA_STYLE_COLOUR('',#17428);
#19114 = STYLED_ITEM('color',(#19115),#11158);
#19115 = PRESENTATION_STYLE_ASSIGNMENT((#19116));
#19116 = SURFACE_STYLE_USAGE(.BOTH.,#19117);
#19117 = SURFACE_SIDE_STYLE('',(#19118));
#19118 = SURFACE_STYLE_FILL_AREA(#19119);
#19119 = FILL_AREA_STYLE('',(#19120));
#19120 = FILL_AREA_STYLE_COLOUR('',#19036);
#19121 = STYLED_ITEM('color',(#19122),#11178);
#19122 = PRESENTATION_STYLE_ASSIGNMENT((#19123));
#19123 = SURFACE_STYLE_USAGE(.BOTH.,#19124);
#19124 = SURFACE_SIDE_STYLE('',(#19125));
#19125 = SURFACE_STYLE_FILL_AREA(#19126);
#19126 = FILL_AREA_STYLE('',(#19127));
#19127 = FILL_AREA_STYLE_COLOUR('',#17428);
#19128 = STYLED_ITEM('color',(#19129),#11203);
#19129 = PRESENTATION_STYLE_ASSIGNMENT((#19130));
#19130 = SURFACE_STYLE_USAGE(.BOTH.,#19131);
#19131 = SURFACE_SIDE_STYLE('',(#19132));
#19132 = SURFACE_STYLE_FILL_AREA(#19133);
#19133 = FILL_AREA_STYLE('',(#19134));
#19134 = FILL_AREA_STYLE_COLOUR('',#17428);
#19135 = STYLED_ITEM('color',(#19136),#11229);
#19136 = PRESENTATION_STYLE_ASSIGNMENT((#19137));
#19137 = SURFACE_STYLE_USAGE(.BOTH.,#19138);
#19138 = SURFACE_SIDE_STYLE('',(#19139));
#19139 = SURFACE_STYLE_FILL_AREA(#19140);
#19140 = FILL_AREA_STYLE('',(#19141));
#19141 = FILL_AREA_STYLE_COLOUR('',#17428);
#19142 = STYLED_ITEM('color',(#19143),#11254);
#19143 = PRESENTATION_STYLE_ASSIGNMENT((#19144));
#19144 = SURFACE_STYLE_USAGE(.BOTH.,#19145);
#19145 = SURFACE_SIDE_STYLE('',(#19146));
#19146 = SURFACE_STYLE_FILL_AREA(#19147);
#19147 = FILL_AREA_STYLE('',(#19148));
#19148 = FILL_AREA_STYLE_COLOUR('',#17428);
#19149 = MECHANICAL_DESIGN_GEOMETRIC_PRESENTATION_REPRESENTATION('',(
    #19150,#19157,#19164,#19171,#19178,#19185,#19192,#19199,#19206,
    #19213,#19220,#19227,#19234,#19241,#19248,#19255,#19262),#4600);
#19150 = STYLED_ITEM('color',(#19151),#4215);
#19151 = PRESENTATION_STYLE_ASSIGNMENT((#19152));
#19152 = SURFACE_STYLE_USAGE(.BOTH.,#19153);
#19153 = SURFACE_SIDE_STYLE('',(#19154));
#19154 = SURFACE_STYLE_FILL_AREA(#19155);
#19155 = FILL_AREA_STYLE('',(#19156));
#19156 = FILL_AREA_STYLE_COLOUR('',#19036);
#19157 = STYLED_ITEM('color',(#19158),#4248);
#19158 = PRESENTATION_STYLE_ASSIGNMENT((#19159));
#19159 = SURFACE_STYLE_USAGE(.BOTH.,#19160);
#19160 = SURFACE_SIDE_STYLE('',(#19161));
#19161 = SURFACE_STYLE_FILL_AREA(#19162);
#19162 = FILL_AREA_STYLE('',(#19163));
#19163 = FILL_AREA_STYLE_COLOUR('',#19036);
#19164 = STYLED_ITEM('color',(#19165),#4274);
#19165 = PRESENTATION_STYLE_ASSIGNMENT((#19166));
#19166 = SURFACE_STYLE_USAGE(.BOTH.,#19167);
#19167 = SURFACE_SIDE_STYLE('',(#19168));
#19168 = SURFACE_STYLE_FILL_AREA(#19169);
#19169 = FILL_AREA_STYLE('',(#19170));
#19170 = FILL_AREA_STYLE_COLOUR('',#19036);
#19171 = STYLED_ITEM('color',(#19172),#4294);
#19172 = PRESENTATION_STYLE_ASSIGNMENT((#19173));
#19173 = SURFACE_STYLE_USAGE(.BOTH.,#19174);
#19174 = SURFACE_SIDE_STYLE('',(#19175));
#19175 = SURFACE_STYLE_FILL_AREA(#19176);
#19176 = FILL_AREA_STYLE('',(#19177));
#19177 = FILL_AREA_STYLE_COLOUR('',#19036);
#19178 = STYLED_ITEM('color',(#19179),#4314);
#19179 = PRESENTATION_STYLE_ASSIGNMENT((#19180));
#19180 = SURFACE_STYLE_USAGE(.BOTH.,#19181);
#19181 = SURFACE_SIDE_STYLE('',(#19182));
#19182 = SURFACE_STYLE_FILL_AREA(#19183);
#19183 = FILL_AREA_STYLE('',(#19184));
#19184 = FILL_AREA_STYLE_COLOUR('',#19036);
#19185 = STYLED_ITEM('color',(#19186),#4339);
#19186 = PRESENTATION_STYLE_ASSIGNMENT((#19187));
#19187 = SURFACE_STYLE_USAGE(.BOTH.,#19188);
#19188 = SURFACE_SIDE_STYLE('',(#19189));
#19189 = SURFACE_STYLE_FILL_AREA(#19190);
#19190 = FILL_AREA_STYLE('',(#19191));
#19191 = FILL_AREA_STYLE_COLOUR('',#17428);
#19192 = STYLED_ITEM('color',(#19193),#4364);
#19193 = PRESENTATION_STYLE_ASSIGNMENT((#19194));
#19194 = SURFACE_STYLE_USAGE(.BOTH.,#19195);
#19195 = SURFACE_SIDE_STYLE('',(#19196));
#19196 = SURFACE_STYLE_FILL_AREA(#19197);
#19197 = FILL_AREA_STYLE('',(#19198));
#19198 = FILL_AREA_STYLE_COLOUR('',#19036);
#19199 = STYLED_ITEM('color',(#19200),#4384);
#19200 = PRESENTATION_STYLE_ASSIGNMENT((#19201));
#19201 = SURFACE_STYLE_USAGE(.BOTH.,#19202);
#19202 = SURFACE_SIDE_STYLE('',(#19203));
#19203 = SURFACE_STYLE_FILL_AREA(#19204);
#19204 = FILL_AREA_STYLE('',(#19205));
#19205 = FILL_AREA_STYLE_COLOUR('',#17428);
#19206 = STYLED_ITEM('color',(#19207),#4410);
#19207 = PRESENTATION_STYLE_ASSIGNMENT((#19208));
#19208 = SURFACE_STYLE_USAGE(.BOTH.,#19209);
#19209 = SURFACE_SIDE_STYLE('',(#19210));
#19210 = SURFACE_STYLE_FILL_AREA(#19211);
#19211 = FILL_AREA_STYLE('',(#19212));
#19212 = FILL_AREA_STYLE_COLOUR('',#19036);
#19213 = STYLED_ITEM('color',(#19214),#4435);
#19214 = PRESENTATION_STYLE_ASSIGNMENT((#19215));
#19215 = SURFACE_STYLE_USAGE(.BOTH.,#19216);
#19216 = SURFACE_SIDE_STYLE('',(#19217));
#19217 = SURFACE_STYLE_FILL_AREA(#19218);
#19218 = FILL_AREA_STYLE('',(#19219));
#19219 = FILL_AREA_STYLE_COLOUR('',#17428);
#19220 = STYLED_ITEM('color',(#19221),#4460);
#19221 = PRESENTATION_STYLE_ASSIGNMENT((#19222));
#19222 = SURFACE_STYLE_USAGE(.BOTH.,#19223);
#19223 = SURFACE_SIDE_STYLE('',(#19224));
#19224 = SURFACE_STYLE_FILL_AREA(#19225);
#19225 = FILL_AREA_STYLE('',(#19226));
#19226 = FILL_AREA_STYLE_COLOUR('',#19036);
#19227 = STYLED_ITEM('color',(#19228),#4486);
#19228 = PRESENTATION_STYLE_ASSIGNMENT((#19229));
#19229 = SURFACE_STYLE_USAGE(.BOTH.,#19230);
#19230 = SURFACE_SIDE_STYLE('',(#19231));
#19231 = SURFACE_STYLE_FILL_AREA(#19232);
#19232 = FILL_AREA_STYLE('',(#19233));
#19233 = FILL_AREA_STYLE_COLOUR('',#17428);
#19234 = STYLED_ITEM('color',(#19235),#4495);
#19235 = PRESENTATION_STYLE_ASSIGNMENT((#19236));
#19236 = SURFACE_STYLE_USAGE(.BOTH.,#19237);
#19237 = SURFACE_SIDE_STYLE('',(#19238));
#19238 = SURFACE_STYLE_FILL_AREA(#19239);
#19239 = FILL_AREA_STYLE('',(#19240));
#19240 = FILL_AREA_STYLE_COLOUR('',#19036);
#19241 = STYLED_ITEM('color',(#19242),#4515);
#19242 = PRESENTATION_STYLE_ASSIGNMENT((#19243));
#19243 = SURFACE_STYLE_USAGE(.BOTH.,#19244);
#19244 = SURFACE_SIDE_STYLE('',(#19245));
#19245 = SURFACE_STYLE_FILL_AREA(#19246);
#19246 = FILL_AREA_STYLE('',(#19247));
#19247 = FILL_AREA_STYLE_COLOUR('',#17428);
#19248 = STYLED_ITEM('color',(#19249),#4540);
#19249 = PRESENTATION_STYLE_ASSIGNMENT((#19250));
#19250 = SURFACE_STYLE_USAGE(.BOTH.,#19251);
#19251 = SURFACE_SIDE_STYLE('',(#19252));
#19252 = SURFACE_STYLE_FILL_AREA(#19253);
#19253 = FILL_AREA_STYLE('',(#19254));
#19254 = FILL_AREA_STYLE_COLOUR('',#17428);
#19255 = STYLED_ITEM('color',(#19256),#4566);
#19256 = PRESENTATION_STYLE_ASSIGNMENT((#19257));
#19257 = SURFACE_STYLE_USAGE(.BOTH.,#19258);
#19258 = SURFACE_SIDE_STYLE('',(#19259));
#19259 = SURFACE_STYLE_FILL_AREA(#19260);
#19260 = FILL_AREA_STYLE('',(#19261));
#19261 = FILL_AREA_STYLE_COLOUR('',#17428);
#19262 = STYLED_ITEM('color',(#19263),#4591);
#19263 = PRESENTATION_STYLE_ASSIGNMENT((#19264));
#19264 = SURFACE_STYLE_USAGE(.BOTH.,#19265);
#19265 = SURFACE_SIDE_STYLE('',(#19266));
#19266 = SURFACE_STYLE_FILL_AREA(#19267);
#19267 = FILL_AREA_STYLE('',(#19268));
#19268 = FILL_AREA_STYLE_COLOUR('',#17428);
#19269 = MECHANICAL_DESIGN_GEOMETRIC_PRESENTATION_REPRESENTATION('',(
    #19270,#19281,#19288,#19295,#19302,#19309,#19316,#19323,#19330,
    #19337,#19344,#19351,#19358,#19365,#19372,#19379,#19386,#19393,
    #19400,#19407,#19414,#19421,#19428,#19435,#19442,#19449,#19456,
    #19463,#19470,#19477,#19484,#19491,#19498,#19505,#19512,#19521,
    #19528,#19535,#19542,#19549,#19556,#19563,#19570,#19577,#19584,
    #19591,#19598,#19605,#19614,#19621,#19628,#19635,#19642,#19649,
    #19656,#19663,#19670,#19679,#19686,#19693,#19700,#19707,#19714,
    #19721,#19728,#19735,#19742,#19749,#19756,#19763,#19770,#19777,
    #19784,#19793,#19800,#19807,#19814,#19821,#19828,#19835),#7161);
#19270 = STYLED_ITEM('color',(#19271),#5128);
#19271 = PRESENTATION_STYLE_ASSIGNMENT((#19272,#19278));
#19272 = SURFACE_STYLE_USAGE(.BOTH.,#19273);
#19273 = SURFACE_SIDE_STYLE('',(#19274));
#19274 = SURFACE_STYLE_FILL_AREA(#19275);
#19275 = FILL_AREA_STYLE('',(#19276));
#19276 = FILL_AREA_STYLE_COLOUR('',#19277);
#19277 = COLOUR_RGB('',0.800000010877,0.800000010877,0.800000010877);
#19278 = CURVE_STYLE('',#19279,POSITIVE_LENGTH_MEASURE(0.1),#19280);
#19279 = DRAUGHTING_PRE_DEFINED_CURVE_FONT('continuous');
#19280 = COLOUR_RGB('',9.803921802644E-02,9.803921802644E-02,
  9.803921802644E-02);
#19281 = OVER_RIDING_STYLED_ITEM('overriding color',(#19282),#5130,
  #19270);
#19282 = PRESENTATION_STYLE_ASSIGNMENT((#19283));
#19283 = SURFACE_STYLE_USAGE(.BOTH.,#19284);
#19284 = SURFACE_SIDE_STYLE('',(#19285));
#19285 = SURFACE_STYLE_FILL_AREA(#19286);
#19286 = FILL_AREA_STYLE('',(#19287));
#19287 = FILL_AREA_STYLE_COLOUR('',#16884);
#19288 = OVER_RIDING_STYLED_ITEM('overriding color',(#19289),#5170,
  #19270);
#19289 = PRESENTATION_STYLE_ASSIGNMENT((#19290));
#19290 = SURFACE_STYLE_USAGE(.BOTH.,#19291);
#19291 = SURFACE_SIDE_STYLE('',(#19292));
#19292 = SURFACE_STYLE_FILL_AREA(#19293);
#19293 = FILL_AREA_STYLE('',(#19294));
#19294 = FILL_AREA_STYLE_COLOUR('',#16884);
#19295 = OVER_RIDING_STYLED_ITEM('overriding color',(#19296),#5203,
  #19270);
#19296 = PRESENTATION_STYLE_ASSIGNMENT((#19297));
#19297 = SURFACE_STYLE_USAGE(.BOTH.,#19298);
#19298 = SURFACE_SIDE_STYLE('',(#19299));
#19299 = SURFACE_STYLE_FILL_AREA(#19300);
#19300 = FILL_AREA_STYLE('',(#19301));
#19301 = FILL_AREA_STYLE_COLOUR('',#16884);
#19302 = OVER_RIDING_STYLED_ITEM('overriding color',(#19303),#5244,
  #19270);
#19303 = PRESENTATION_STYLE_ASSIGNMENT((#19304));
#19304 = SURFACE_STYLE_USAGE(.BOTH.,#19305);
#19305 = SURFACE_SIDE_STYLE('',(#19306));
#19306 = SURFACE_STYLE_FILL_AREA(#19307);
#19307 = FILL_AREA_STYLE('',(#19308));
#19308 = FILL_AREA_STYLE_COLOUR('',#16884);
#19309 = OVER_RIDING_STYLED_ITEM('overriding color',(#19310),#5277,
  #19270);
#19310 = PRESENTATION_STYLE_ASSIGNMENT((#19311));
#19311 = SURFACE_STYLE_USAGE(.BOTH.,#19312);
#19312 = SURFACE_SIDE_STYLE('',(#19313));
#19313 = SURFACE_STYLE_FILL_AREA(#19314);
#19314 = FILL_AREA_STYLE('',(#19315));
#19315 = FILL_AREA_STYLE_COLOUR('',#16884);
#19316 = OVER_RIDING_STYLED_ITEM('overriding color',(#19317),#5310,
  #19270);
#19317 = PRESENTATION_STYLE_ASSIGNMENT((#19318));
#19318 = SURFACE_STYLE_USAGE(.BOTH.,#19319);
#19319 = SURFACE_SIDE_STYLE('',(#19320));
#19320 = SURFACE_STYLE_FILL_AREA(#19321);
#19321 = FILL_AREA_STYLE('',(#19322));
#19322 = FILL_AREA_STYLE_COLOUR('',#16884);
#19323 = OVER_RIDING_STYLED_ITEM('overriding color',(#19324),#5327,
  #19270);
#19324 = PRESENTATION_STYLE_ASSIGNMENT((#19325));
#19325 = SURFACE_STYLE_USAGE(.BOTH.,#19326);
#19326 = SURFACE_SIDE_STYLE('',(#19327));
#19327 = SURFACE_STYLE_FILL_AREA(#19328);
#19328 = FILL_AREA_STYLE('',(#19329));
#19329 = FILL_AREA_STYLE_COLOUR('',#16884);
#19330 = OVER_RIDING_STYLED_ITEM('overriding color',(#19331),#5344,
  #19270);
#19331 = PRESENTATION_STYLE_ASSIGNMENT((#19332));
#19332 = SURFACE_STYLE_USAGE(.BOTH.,#19333);
#19333 = SURFACE_SIDE_STYLE('',(#19334));
#19334 = SURFACE_STYLE_FILL_AREA(#19335);
#19335 = FILL_AREA_STYLE('',(#19336));
#19336 = FILL_AREA_STYLE_COLOUR('',#16884);
#19337 = OVER_RIDING_STYLED_ITEM('overriding color',(#19338),#5391,
  #19270);
#19338 = PRESENTATION_STYLE_ASSIGNMENT((#19339));
#19339 = SURFACE_STYLE_USAGE(.BOTH.,#19340);
#19340 = SURFACE_SIDE_STYLE('',(#19341));
#19341 = SURFACE_STYLE_FILL_AREA(#19342);
#19342 = FILL_AREA_STYLE('',(#19343));
#19343 = FILL_AREA_STYLE_COLOUR('',#16884);
#19344 = OVER_RIDING_STYLED_ITEM('overriding color',(#19345),#5408,
  #19270);
#19345 = PRESENTATION_STYLE_ASSIGNMENT((#19346));
#19346 = SURFACE_STYLE_USAGE(.BOTH.,#19347);
#19347 = SURFACE_SIDE_STYLE('',(#19348));
#19348 = SURFACE_STYLE_FILL_AREA(#19349);
#19349 = FILL_AREA_STYLE('',(#19350));
#19350 = FILL_AREA_STYLE_COLOUR('',#16884);
#19351 = OVER_RIDING_STYLED_ITEM('overriding color',(#19352),#5440,
  #19270);
#19352 = PRESENTATION_STYLE_ASSIGNMENT((#19353));
#19353 = SURFACE_STYLE_USAGE(.BOTH.,#19354);
#19354 = SURFACE_SIDE_STYLE('',(#19355));
#19355 = SURFACE_STYLE_FILL_AREA(#19356);
#19356 = FILL_AREA_STYLE('',(#19357));
#19357 = FILL_AREA_STYLE_COLOUR('',#16884);
#19358 = OVER_RIDING_STYLED_ITEM('overriding color',(#19359),#5472,
  #19270);
#19359 = PRESENTATION_STYLE_ASSIGNMENT((#19360));
#19360 = SURFACE_STYLE_USAGE(.BOTH.,#19361);
#19361 = SURFACE_SIDE_STYLE('',(#19362));
#19362 = SURFACE_STYLE_FILL_AREA(#19363);
#19363 = FILL_AREA_STYLE('',(#19364));
#19364 = FILL_AREA_STYLE_COLOUR('',#16884);
#19365 = OVER_RIDING_STYLED_ITEM('overriding color',(#19366),#5489,
  #19270);
#19366 = PRESENTATION_STYLE_ASSIGNMENT((#19367));
#19367 = SURFACE_STYLE_USAGE(.BOTH.,#19368);
#19368 = SURFACE_SIDE_STYLE('',(#19369));
#19369 = SURFACE_STYLE_FILL_AREA(#19370);
#19370 = FILL_AREA_STYLE('',(#19371));
#19371 = FILL_AREA_STYLE_COLOUR('',#16884);
#19372 = OVER_RIDING_STYLED_ITEM('overriding color',(#19373),#5531,
  #19270);
#19373 = PRESENTATION_STYLE_ASSIGNMENT((#19374));
#19374 = SURFACE_STYLE_USAGE(.BOTH.,#19375);
#19375 = SURFACE_SIDE_STYLE('',(#19376));
#19376 = SURFACE_STYLE_FILL_AREA(#19377);
#19377 = FILL_AREA_STYLE('',(#19378));
#19378 = FILL_AREA_STYLE_COLOUR('',#16884);
#19379 = OVER_RIDING_STYLED_ITEM('overriding color',(#19380),#5578,
  #19270);
#19380 = PRESENTATION_STYLE_ASSIGNMENT((#19381));
#19381 = SURFACE_STYLE_USAGE(.BOTH.,#19382);
#19382 = SURFACE_SIDE_STYLE('',(#19383));
#19383 = SURFACE_STYLE_FILL_AREA(#19384);
#19384 = FILL_AREA_STYLE('',(#19385));
#19385 = FILL_AREA_STYLE_COLOUR('',#16884);
#19386 = OVER_RIDING_STYLED_ITEM('overriding color',(#19387),#5596,
  #19270);
#19387 = PRESENTATION_STYLE_ASSIGNMENT((#19388));
#19388 = SURFACE_STYLE_USAGE(.BOTH.,#19389);
#19389 = SURFACE_SIDE_STYLE('',(#19390));
#19390 = SURFACE_STYLE_FILL_AREA(#19391);
#19391 = FILL_AREA_STYLE('',(#19392));
#19392 = FILL_AREA_STYLE_COLOUR('',#16884);
#19393 = OVER_RIDING_STYLED_ITEM('overriding color',(#19394),#5614,
  #19270);
#19394 = PRESENTATION_STYLE_ASSIGNMENT((#19395));
#19395 = SURFACE_STYLE_USAGE(.BOTH.,#19396);
#19396 = SURFACE_SIDE_STYLE('',(#19397));
#19397 = SURFACE_STYLE_FILL_AREA(#19398);
#19398 = FILL_AREA_STYLE('',(#19399));
#19399 = FILL_AREA_STYLE_COLOUR('',#16884);
#19400 = OVER_RIDING_STYLED_ITEM('overriding color',(#19401),#5657,
  #19270);
#19401 = PRESENTATION_STYLE_ASSIGNMENT((#19402));
#19402 = SURFACE_STYLE_USAGE(.BOTH.,#19403);
#19403 = SURFACE_SIDE_STYLE('',(#19404));
#19404 = SURFACE_STYLE_FILL_AREA(#19405);
#19405 = FILL_AREA_STYLE('',(#19406));
#19406 = FILL_AREA_STYLE_COLOUR('',#16884);
#19407 = OVER_RIDING_STYLED_ITEM('overriding color',(#19408),#5682,
  #19270);
#19408 = PRESENTATION_STYLE_ASSIGNMENT((#19409));
#19409 = SURFACE_STYLE_USAGE(.BOTH.,#19410);
#19410 = SURFACE_SIDE_STYLE('',(#19411));
#19411 = SURFACE_STYLE_FILL_AREA(#19412);
#19412 = FILL_AREA_STYLE('',(#19413));
#19413 = FILL_AREA_STYLE_COLOUR('',#16884);
#19414 = OVER_RIDING_STYLED_ITEM('overriding color',(#19415),#5699,
  #19270);
#19415 = PRESENTATION_STYLE_ASSIGNMENT((#19416));
#19416 = SURFACE_STYLE_USAGE(.BOTH.,#19417);
#19417 = SURFACE_SIDE_STYLE('',(#19418));
#19418 = SURFACE_STYLE_FILL_AREA(#19419);
#19419 = FILL_AREA_STYLE('',(#19420));
#19420 = FILL_AREA_STYLE_COLOUR('',#16884);
#19421 = OVER_RIDING_STYLED_ITEM('overriding color',(#19422),#5717,
  #19270);
#19422 = PRESENTATION_STYLE_ASSIGNMENT((#19423));
#19423 = SURFACE_STYLE_USAGE(.BOTH.,#19424);
#19424 = SURFACE_SIDE_STYLE('',(#19425));
#19425 = SURFACE_STYLE_FILL_AREA(#19426);
#19426 = FILL_AREA_STYLE('',(#19427));
#19427 = FILL_AREA_STYLE_COLOUR('',#16884);
#19428 = OVER_RIDING_STYLED_ITEM('overriding color',(#19429),#5748,
  #19270);
#19429 = PRESENTATION_STYLE_ASSIGNMENT((#19430));
#19430 = SURFACE_STYLE_USAGE(.BOTH.,#19431);
#19431 = SURFACE_SIDE_STYLE('',(#19432));
#19432 = SURFACE_STYLE_FILL_AREA(#19433);
#19433 = FILL_AREA_STYLE('',(#19434));
#19434 = FILL_AREA_STYLE_COLOUR('',#16884);
#19435 = OVER_RIDING_STYLED_ITEM('overriding color',(#19436),#5774,
  #19270);
#19436 = PRESENTATION_STYLE_ASSIGNMENT((#19437));
#19437 = SURFACE_STYLE_USAGE(.BOTH.,#19438);
#19438 = SURFACE_SIDE_STYLE('',(#19439));
#19439 = SURFACE_STYLE_FILL_AREA(#19440);
#19440 = FILL_AREA_STYLE('',(#19441));
#19441 = FILL_AREA_STYLE_COLOUR('',#16884);
#19442 = OVER_RIDING_STYLED_ITEM('overriding color',(#19443),#5791,
  #19270);
#19443 = PRESENTATION_STYLE_ASSIGNMENT((#19444));
#19444 = SURFACE_STYLE_USAGE(.BOTH.,#19445);
#19445 = SURFACE_SIDE_STYLE('',(#19446));
#19446 = SURFACE_STYLE_FILL_AREA(#19447);
#19447 = FILL_AREA_STYLE('',(#19448));
#19448 = FILL_AREA_STYLE_COLOUR('',#16884);
#19449 = OVER_RIDING_STYLED_ITEM('overriding color',(#19450),#5803,
  #19270);
#19450 = PRESENTATION_STYLE_ASSIGNMENT((#19451));
#19451 = SURFACE_STYLE_USAGE(.BOTH.,#19452);
#19452 = SURFACE_SIDE_STYLE('',(#19453));
#19453 = SURFACE_STYLE_FILL_AREA(#19454);
#19454 = FILL_AREA_STYLE('',(#19455));
#19455 = FILL_AREA_STYLE_COLOUR('',#16884);
#19456 = OVER_RIDING_STYLED_ITEM('overriding color',(#19457),#5852,
  #19270);
#19457 = PRESENTATION_STYLE_ASSIGNMENT((#19458));
#19458 = SURFACE_STYLE_USAGE(.BOTH.,#19459);
#19459 = SURFACE_SIDE_STYLE('',(#19460));
#19460 = SURFACE_STYLE_FILL_AREA(#19461);
#19461 = FILL_AREA_STYLE('',(#19462));
#19462 = FILL_AREA_STYLE_COLOUR('',#16884);
#19463 = OVER_RIDING_STYLED_ITEM('overriding color',(#19464),#5875,
  #19270);
#19464 = PRESENTATION_STYLE_ASSIGNMENT((#19465));
#19465 = SURFACE_STYLE_USAGE(.BOTH.,#19466);
#19466 = SURFACE_SIDE_STYLE('',(#19467));
#19467 = SURFACE_STYLE_FILL_AREA(#19468);
#19468 = FILL_AREA_STYLE('',(#19469));
#19469 = FILL_AREA_STYLE_COLOUR('',#16884);
#19470 = OVER_RIDING_STYLED_ITEM('overriding color',(#19471),#5887,
  #19270);
#19471 = PRESENTATION_STYLE_ASSIGNMENT((#19472));
#19472 = SURFACE_STYLE_USAGE(.BOTH.,#19473);
#19473 = SURFACE_SIDE_STYLE('',(#19474));
#19474 = SURFACE_STYLE_FILL_AREA(#19475);
#19475 = FILL_AREA_STYLE('',(#19476));
#19476 = FILL_AREA_STYLE_COLOUR('',#16884);
#19477 = OVER_RIDING_STYLED_ITEM('overriding color',(#19478),#5901,
  #19270);
#19478 = PRESENTATION_STYLE_ASSIGNMENT((#19479));
#19479 = SURFACE_STYLE_USAGE(.BOTH.,#19480);
#19480 = SURFACE_SIDE_STYLE('',(#19481));
#19481 = SURFACE_STYLE_FILL_AREA(#19482);
#19482 = FILL_AREA_STYLE('',(#19483));
#19483 = FILL_AREA_STYLE_COLOUR('',#16884);
#19484 = OVER_RIDING_STYLED_ITEM('overriding color',(#19485),#5932,
  #19270);
#19485 = PRESENTATION_STYLE_ASSIGNMENT((#19486));
#19486 = SURFACE_STYLE_USAGE(.BOTH.,#19487);
#19487 = SURFACE_SIDE_STYLE('',(#19488));
#19488 = SURFACE_STYLE_FILL_AREA(#19489);
#19489 = FILL_AREA_STYLE('',(#19490));
#19490 = FILL_AREA_STYLE_COLOUR('',#16884);
#19491 = OVER_RIDING_STYLED_ITEM('overriding color',(#19492),#5956,
  #19270);
#19492 = PRESENTATION_STYLE_ASSIGNMENT((#19493));
#19493 = SURFACE_STYLE_USAGE(.BOTH.,#19494);
#19494 = SURFACE_SIDE_STYLE('',(#19495));
#19495 = SURFACE_STYLE_FILL_AREA(#19496);
#19496 = FILL_AREA_STYLE('',(#19497));
#19497 = FILL_AREA_STYLE_COLOUR('',#16884);
#19498 = OVER_RIDING_STYLED_ITEM('overriding color',(#19499),#5980,
  #19270);
#19499 = PRESENTATION_STYLE_ASSIGNMENT((#19500));
#19500 = SURFACE_STYLE_USAGE(.BOTH.,#19501);
#19501 = SURFACE_SIDE_STYLE('',(#19502));
#19502 = SURFACE_STYLE_FILL_AREA(#19503);
#19503 = FILL_AREA_STYLE('',(#19504));
#19504 = FILL_AREA_STYLE_COLOUR('',#16884);
#19505 = OVER_RIDING_STYLED_ITEM('overriding color',(#19506),#5997,
  #19270);
#19506 = PRESENTATION_STYLE_ASSIGNMENT((#19507));
#19507 = SURFACE_STYLE_USAGE(.BOTH.,#19508);
#19508 = SURFACE_SIDE_STYLE('',(#19509));
#19509 = SURFACE_STYLE_FILL_AREA(#19510);
#19510 = FILL_AREA_STYLE('',(#19511));
#19511 = FILL_AREA_STYLE_COLOUR('',#16884);
#19512 = STYLED_ITEM('color',(#19513),#6009);
#19513 = PRESENTATION_STYLE_ASSIGNMENT((#19514,#19519));
#19514 = SURFACE_STYLE_USAGE(.BOTH.,#19515);
#19515 = SURFACE_SIDE_STYLE('',(#19516));
#19516 = SURFACE_STYLE_FILL_AREA(#19517);
#19517 = FILL_AREA_STYLE('',(#19518));
#19518 = FILL_AREA_STYLE_COLOUR('',#19277);
#19519 = CURVE_STYLE('',#19520,POSITIVE_LENGTH_MEASURE(0.1),#19280);
#19520 = DRAUGHTING_PRE_DEFINED_CURVE_FONT('continuous');
#19521 = OVER_RIDING_STYLED_ITEM('overriding color',(#19522),#6011,
  #19512);
#19522 = PRESENTATION_STYLE_ASSIGNMENT((#19523));
#19523 = SURFACE_STYLE_USAGE(.BOTH.,#19524);
#19524 = SURFACE_SIDE_STYLE('',(#19525));
#19525 = SURFACE_STYLE_FILL_AREA(#19526);
#19526 = FILL_AREA_STYLE('',(#19527));
#19527 = FILL_AREA_STYLE_COLOUR('',#17428);
#19528 = OVER_RIDING_STYLED_ITEM('overriding color',(#19529),#6051,
  #19512);
#19529 = PRESENTATION_STYLE_ASSIGNMENT((#19530));
#19530 = SURFACE_STYLE_USAGE(.BOTH.,#19531);
#19531 = SURFACE_SIDE_STYLE('',(#19532));
#19532 = SURFACE_STYLE_FILL_AREA(#19533);
#19533 = FILL_AREA_STYLE('',(#19534));
#19534 = FILL_AREA_STYLE_COLOUR('',#17428);
#19535 = OVER_RIDING_STYLED_ITEM('overriding color',(#19536),#6084,
  #19512);
#19536 = PRESENTATION_STYLE_ASSIGNMENT((#19537));
#19537 = SURFACE_STYLE_USAGE(.BOTH.,#19538);
#19538 = SURFACE_SIDE_STYLE('',(#19539));
#19539 = SURFACE_STYLE_FILL_AREA(#19540);
#19540 = FILL_AREA_STYLE('',(#19541));
#19541 = FILL_AREA_STYLE_COLOUR('',#17428);
#19542 = OVER_RIDING_STYLED_ITEM('overriding color',(#19543),#6115,
  #19512);
#19543 = PRESENTATION_STYLE_ASSIGNMENT((#19544));
#19544 = SURFACE_STYLE_USAGE(.BOTH.,#19545);
#19545 = SURFACE_SIDE_STYLE('',(#19546));
#19546 = SURFACE_STYLE_FILL_AREA(#19547);
#19547 = FILL_AREA_STYLE('',(#19548));
#19548 = FILL_AREA_STYLE_COLOUR('',#17428);
#19549 = OVER_RIDING_STYLED_ITEM('overriding color',(#19550),#6175,
  #19512);
#19550 = PRESENTATION_STYLE_ASSIGNMENT((#19551));
#19551 = SURFACE_STYLE_USAGE(.BOTH.,#19552);
#19552 = SURFACE_SIDE_STYLE('',(#19553));
#19553 = SURFACE_STYLE_FILL_AREA(#19554);
#19554 = FILL_AREA_STYLE('',(#19555));
#19555 = FILL_AREA_STYLE_COLOUR('',#17428);
#19556 = OVER_RIDING_STYLED_ITEM('overriding color',(#19557),#6200,
  #19512);
#19557 = PRESENTATION_STYLE_ASSIGNMENT((#19558));
#19558 = SURFACE_STYLE_USAGE(.BOTH.,#19559);
#19559 = SURFACE_SIDE_STYLE('',(#19560));
#19560 = SURFACE_STYLE_FILL_AREA(#19561);
#19561 = FILL_AREA_STYLE('',(#19562));
#19562 = FILL_AREA_STYLE_COLOUR('',#17428);
#19563 = OVER_RIDING_STYLED_ITEM('overriding color',(#19564),#6219,
  #19512);
#19564 = PRESENTATION_STYLE_ASSIGNMENT((#19565));
#19565 = SURFACE_STYLE_USAGE(.BOTH.,#19566);
#19566 = SURFACE_SIDE_STYLE('',(#19567));
#19567 = SURFACE_STYLE_FILL_AREA(#19568);
#19568 = FILL_AREA_STYLE('',(#19569));
#19569 = FILL_AREA_STYLE_COLOUR('',#17428);
#19570 = OVER_RIDING_STYLED_ITEM('overriding color',(#19571),#6244,
  #19512);
#19571 = PRESENTATION_STYLE_ASSIGNMENT((#19572));
#19572 = SURFACE_STYLE_USAGE(.BOTH.,#19573);
#19573 = SURFACE_SIDE_STYLE('',(#19574));
#19574 = SURFACE_STYLE_FILL_AREA(#19575);
#19575 = FILL_AREA_STYLE('',(#19576));
#19576 = FILL_AREA_STYLE_COLOUR('',#17428);
#19577 = OVER_RIDING_STYLED_ITEM('overriding color',(#19578),#6269,
  #19512);
#19578 = PRESENTATION_STYLE_ASSIGNMENT((#19579));
#19579 = SURFACE_STYLE_USAGE(.BOTH.,#19580);
#19580 = SURFACE_SIDE_STYLE('',(#19581));
#19581 = SURFACE_STYLE_FILL_AREA(#19582);
#19582 = FILL_AREA_STYLE('',(#19583));
#19583 = FILL_AREA_STYLE_COLOUR('',#17428);
#19584 = OVER_RIDING_STYLED_ITEM('overriding color',(#19585),#6313,
  #19512);
#19585 = PRESENTATION_STYLE_ASSIGNMENT((#19586));
#19586 = SURFACE_STYLE_USAGE(.BOTH.,#19587);
#19587 = SURFACE_SIDE_STYLE('',(#19588));
#19588 = SURFACE_STYLE_FILL_AREA(#19589);
#19589 = FILL_AREA_STYLE('',(#19590));
#19590 = FILL_AREA_STYLE_COLOUR('',#17428);
#19591 = OVER_RIDING_STYLED_ITEM('overriding color',(#19592),#6338,
  #19512);
#19592 = PRESENTATION_STYLE_ASSIGNMENT((#19593));
#19593 = SURFACE_STYLE_USAGE(.BOTH.,#19594);
#19594 = SURFACE_SIDE_STYLE('',(#19595));
#19595 = SURFACE_STYLE_FILL_AREA(#19596);
#19596 = FILL_AREA_STYLE('',(#19597));
#19597 = FILL_AREA_STYLE_COLOUR('',#17428);
#19598 = OVER_RIDING_STYLED_ITEM('overriding color',(#19599),#6347,
  #19512);
#19599 = PRESENTATION_STYLE_ASSIGNMENT((#19600));
#19600 = SURFACE_STYLE_USAGE(.BOTH.,#19601);
#19601 = SURFACE_SIDE_STYLE('',(#19602));
#19602 = SURFACE_STYLE_FILL_AREA(#19603);
#19603 = FILL_AREA_STYLE('',(#19604));
#19604 = FILL_AREA_STYLE_COLOUR('',#17428);
#19605 = STYLED_ITEM('color',(#19606),#6361);
#19606 = PRESENTATION_STYLE_ASSIGNMENT((#19607,#19612));
#19607 = SURFACE_STYLE_USAGE(.BOTH.,#19608);
#19608 = SURFACE_SIDE_STYLE('',(#19609));
#19609 = SURFACE_STYLE_FILL_AREA(#19610);
#19610 = FILL_AREA_STYLE('',(#19611));
#19611 = FILL_AREA_STYLE_COLOUR('',#19277);
#19612 = CURVE_STYLE('',#19613,POSITIVE_LENGTH_MEASURE(0.1),#19280);
#19613 = DRAUGHTING_PRE_DEFINED_CURVE_FONT('continuous');
#19614 = OVER_RIDING_STYLED_ITEM('overriding color',(#19615),#6363,
  #19605);
#19615 = PRESENTATION_STYLE_ASSIGNMENT((#19616));
#19616 = SURFACE_STYLE_USAGE(.BOTH.,#19617);
#19617 = SURFACE_SIDE_STYLE('',(#19618));
#19618 = SURFACE_STYLE_FILL_AREA(#19619);
#19619 = FILL_AREA_STYLE('',(#19620));
#19620 = FILL_AREA_STYLE_COLOUR('',#17428);
#19621 = OVER_RIDING_STYLED_ITEM('overriding color',(#19622),#6403,
  #19605);
#19622 = PRESENTATION_STYLE_ASSIGNMENT((#19623));
#19623 = SURFACE_STYLE_USAGE(.BOTH.,#19624);
#19624 = SURFACE_SIDE_STYLE('',(#19625));
#19625 = SURFACE_STYLE_FILL_AREA(#19626);
#19626 = FILL_AREA_STYLE('',(#19627));
#19627 = FILL_AREA_STYLE_COLOUR('',#17428);
#19628 = OVER_RIDING_STYLED_ITEM('overriding color',(#19629),#6434,
  #19605);
#19629 = PRESENTATION_STYLE_ASSIGNMENT((#19630));
#19630 = SURFACE_STYLE_USAGE(.BOTH.,#19631);
#19631 = SURFACE_SIDE_STYLE('',(#19632));
#19632 = SURFACE_STYLE_FILL_AREA(#19633);
#19633 = FILL_AREA_STYLE('',(#19634));
#19634 = FILL_AREA_STYLE_COLOUR('',#17428);
#19635 = OVER_RIDING_STYLED_ITEM('overriding color',(#19636),#6465,
  #19605);
#19636 = PRESENTATION_STYLE_ASSIGNMENT((#19637));
#19637 = SURFACE_STYLE_USAGE(.BOTH.,#19638);
#19638 = SURFACE_SIDE_STYLE('',(#19639));
#19639 = SURFACE_STYLE_FILL_AREA(#19640);
#19640 = FILL_AREA_STYLE('',(#19641));
#19641 = FILL_AREA_STYLE_COLOUR('',#17428);
#19642 = OVER_RIDING_STYLED_ITEM('overriding color',(#19643),#6501,
  #19605);
#19643 = PRESENTATION_STYLE_ASSIGNMENT((#19644));
#19644 = SURFACE_STYLE_USAGE(.BOTH.,#19645);
#19645 = SURFACE_SIDE_STYLE('',(#19646));
#19646 = SURFACE_STYLE_FILL_AREA(#19647);
#19647 = FILL_AREA_STYLE('',(#19648));
#19648 = FILL_AREA_STYLE_COLOUR('',#17428);
#19649 = OVER_RIDING_STYLED_ITEM('overriding color',(#19650),#6532,
  #19605);
#19650 = PRESENTATION_STYLE_ASSIGNMENT((#19651));
#19651 = SURFACE_STYLE_USAGE(.BOTH.,#19652);
#19652 = SURFACE_SIDE_STYLE('',(#19653));
#19653 = SURFACE_STYLE_FILL_AREA(#19654);
#19654 = FILL_AREA_STYLE('',(#19655));
#19655 = FILL_AREA_STYLE_COLOUR('',#17428);
#19656 = OVER_RIDING_STYLED_ITEM('overriding color',(#19657),#6559,
  #19605);
#19657 = PRESENTATION_STYLE_ASSIGNMENT((#19658));
#19658 = SURFACE_STYLE_USAGE(.BOTH.,#19659);
#19659 = SURFACE_SIDE_STYLE('',(#19660));
#19660 = SURFACE_STYLE_FILL_AREA(#19661);
#19661 = FILL_AREA_STYLE('',(#19662));
#19662 = FILL_AREA_STYLE_COLOUR('',#17428);
#19663 = OVER_RIDING_STYLED_ITEM('overriding color',(#19664),#6573,
  #19605);
#19664 = PRESENTATION_STYLE_ASSIGNMENT((#19665));
#19665 = SURFACE_STYLE_USAGE(.BOTH.,#19666);
#19666 = SURFACE_SIDE_STYLE('',(#19667));
#19667 = SURFACE_STYLE_FILL_AREA(#19668);
#19668 = FILL_AREA_STYLE('',(#19669));
#19669 = FILL_AREA_STYLE_COLOUR('',#17428);
#19670 = STYLED_ITEM('color',(#19671),#6587);
#19671 = PRESENTATION_STYLE_ASSIGNMENT((#19672,#19677));
#19672 = SURFACE_STYLE_USAGE(.BOTH.,#19673);
#19673 = SURFACE_SIDE_STYLE('',(#19674));
#19674 = SURFACE_STYLE_FILL_AREA(#19675);
#19675 = FILL_AREA_STYLE('',(#19676));
#19676 = FILL_AREA_STYLE_COLOUR('',#19277);
#19677 = CURVE_STYLE('',#19678,POSITIVE_LENGTH_MEASURE(0.1),#19280);
#19678 = DRAUGHTING_PRE_DEFINED_CURVE_FONT('continuous');
#19679 = OVER_RIDING_STYLED_ITEM('overriding color',(#19680),#6589,
  #19670);
#19680 = PRESENTATION_STYLE_ASSIGNMENT((#19681));
#19681 = SURFACE_STYLE_USAGE(.BOTH.,#19682);
#19682 = SURFACE_SIDE_STYLE('',(#19683));
#19683 = SURFACE_STYLE_FILL_AREA(#19684);
#19684 = FILL_AREA_STYLE('',(#19685));
#19685 = FILL_AREA_STYLE_COLOUR('',#17428);
#19686 = OVER_RIDING_STYLED_ITEM('overriding color',(#19687),#6631,
  #19670);
#19687 = PRESENTATION_STYLE_ASSIGNMENT((#19688));
#19688 = SURFACE_STYLE_USAGE(.BOTH.,#19689);
#19689 = SURFACE_SIDE_STYLE('',(#19690));
#19690 = SURFACE_STYLE_FILL_AREA(#19691);
#19691 = FILL_AREA_STYLE('',(#19692));
#19692 = FILL_AREA_STYLE_COLOUR('',#17428);
#19693 = OVER_RIDING_STYLED_ITEM('overriding color',(#19694),#6662,
  #19670);
#19694 = PRESENTATION_STYLE_ASSIGNMENT((#19695));
#19695 = SURFACE_STYLE_USAGE(.BOTH.,#19696);
#19696 = SURFACE_SIDE_STYLE('',(#19697));
#19697 = SURFACE_STYLE_FILL_AREA(#19698);
#19698 = FILL_AREA_STYLE('',(#19699));
#19699 = FILL_AREA_STYLE_COLOUR('',#17428);
#19700 = OVER_RIDING_STYLED_ITEM('overriding color',(#19701),#6693,
  #19670);
#19701 = PRESENTATION_STYLE_ASSIGNMENT((#19702));
#19702 = SURFACE_STYLE_USAGE(.BOTH.,#19703);
#19703 = SURFACE_SIDE_STYLE('',(#19704));
#19704 = SURFACE_STYLE_FILL_AREA(#19705);
#19705 = FILL_AREA_STYLE('',(#19706));
#19706 = FILL_AREA_STYLE_COLOUR('',#17428);
#19707 = OVER_RIDING_STYLED_ITEM('overriding color',(#19708),#6721,
  #19670);
#19708 = PRESENTATION_STYLE_ASSIGNMENT((#19709));
#19709 = SURFACE_STYLE_USAGE(.BOTH.,#19710);
#19710 = SURFACE_SIDE_STYLE('',(#19711));
#19711 = SURFACE_STYLE_FILL_AREA(#19712);
#19712 = FILL_AREA_STYLE('',(#19713));
#19713 = FILL_AREA_STYLE_COLOUR('',#17428);
#19714 = OVER_RIDING_STYLED_ITEM('overriding color',(#19715),#6749,
  #19670);
#19715 = PRESENTATION_STYLE_ASSIGNMENT((#19716));
#19716 = SURFACE_STYLE_USAGE(.BOTH.,#19717);
#19717 = SURFACE_SIDE_STYLE('',(#19718));
#19718 = SURFACE_STYLE_FILL_AREA(#19719);
#19719 = FILL_AREA_STYLE('',(#19720));
#19720 = FILL_AREA_STYLE_COLOUR('',#17428);
#19721 = OVER_RIDING_STYLED_ITEM('overriding color',(#19722),#6780,
  #19670);
#19722 = PRESENTATION_STYLE_ASSIGNMENT((#19723));
#19723 = SURFACE_STYLE_USAGE(.BOTH.,#19724);
#19724 = SURFACE_SIDE_STYLE('',(#19725));
#19725 = SURFACE_STYLE_FILL_AREA(#19726);
#19726 = FILL_AREA_STYLE('',(#19727));
#19727 = FILL_AREA_STYLE_COLOUR('',#17428);
#19728 = OVER_RIDING_STYLED_ITEM('overriding color',(#19729),#6811,
  #19670);
#19729 = PRESENTATION_STYLE_ASSIGNMENT((#19730));
#19730 = SURFACE_STYLE_USAGE(.BOTH.,#19731);
#19731 = SURFACE_SIDE_STYLE('',(#19732));
#19732 = SURFACE_STYLE_FILL_AREA(#19733);
#19733 = FILL_AREA_STYLE('',(#19734));
#19734 = FILL_AREA_STYLE_COLOUR('',#17428);
#19735 = OVER_RIDING_STYLED_ITEM('overriding color',(#19736),#6828,
  #19670);
#19736 = PRESENTATION_STYLE_ASSIGNMENT((#19737));
#19737 = SURFACE_STYLE_USAGE(.BOTH.,#19738);
#19738 = SURFACE_SIDE_STYLE('',(#19739));
#19739 = SURFACE_STYLE_FILL_AREA(#19740);
#19740 = FILL_AREA_STYLE('',(#19741));
#19741 = FILL_AREA_STYLE_COLOUR('',#17428);
#19742 = OVER_RIDING_STYLED_ITEM('overriding color',(#19743),#6845,
  #19670);
#19743 = PRESENTATION_STYLE_ASSIGNMENT((#19744));
#19744 = SURFACE_STYLE_USAGE(.BOTH.,#19745);
#19745 = SURFACE_SIDE_STYLE('',(#19746));
#19746 = SURFACE_STYLE_FILL_AREA(#19747);
#19747 = FILL_AREA_STYLE('',(#19748));
#19748 = FILL_AREA_STYLE_COLOUR('',#17428);
#19749 = OVER_RIDING_STYLED_ITEM('overriding color',(#19750),#6876,
  #19670);
#19750 = PRESENTATION_STYLE_ASSIGNMENT((#19751));
#19751 = SURFACE_STYLE_USAGE(.BOTH.,#19752);
#19752 = SURFACE_SIDE_STYLE('',(#19753));
#19753 = SURFACE_STYLE_FILL_AREA(#19754);
#19754 = FILL_AREA_STYLE('',(#19755));
#19755 = FILL_AREA_STYLE_COLOUR('',#17428);
#19756 = OVER_RIDING_STYLED_ITEM('overriding color',(#19757),#6893,
  #19670);
#19757 = PRESENTATION_STYLE_ASSIGNMENT((#19758));
#19758 = SURFACE_STYLE_USAGE(.BOTH.,#19759);
#19759 = SURFACE_SIDE_STYLE('',(#19760));
#19760 = SURFACE_STYLE_FILL_AREA(#19761);
#19761 = FILL_AREA_STYLE('',(#19762));
#19762 = FILL_AREA_STYLE_COLOUR('',#17428);
#19763 = OVER_RIDING_STYLED_ITEM('overriding color',(#19764),#6917,
  #19670);
#19764 = PRESENTATION_STYLE_ASSIGNMENT((#19765));
#19765 = SURFACE_STYLE_USAGE(.BOTH.,#19766);
#19766 = SURFACE_SIDE_STYLE('',(#19767));
#19767 = SURFACE_STYLE_FILL_AREA(#19768);
#19768 = FILL_AREA_STYLE('',(#19769));
#19769 = FILL_AREA_STYLE_COLOUR('',#17428);
#19770 = OVER_RIDING_STYLED_ITEM('overriding color',(#19771),#6941,
  #19670);
#19771 = PRESENTATION_STYLE_ASSIGNMENT((#19772));
#19772 = SURFACE_STYLE_USAGE(.BOTH.,#19773);
#19773 = SURFACE_SIDE_STYLE('',(#19774));
#19774 = SURFACE_STYLE_FILL_AREA(#19775);
#19775 = FILL_AREA_STYLE('',(#19776));
#19776 = FILL_AREA_STYLE_COLOUR('',#17428);
#19777 = OVER_RIDING_STYLED_ITEM('overriding color',(#19778),#6958,
  #19670);
#19778 = PRESENTATION_STYLE_ASSIGNMENT((#19779));
#19779 = SURFACE_STYLE_USAGE(.BOTH.,#19780);
#19780 = SURFACE_SIDE_STYLE('',(#19781));
#19781 = SURFACE_STYLE_FILL_AREA(#19782);
#19782 = FILL_AREA_STYLE('',(#19783));
#19783 = FILL_AREA_STYLE_COLOUR('',#17428);
#19784 = STYLED_ITEM('color',(#19785),#6970);
#19785 = PRESENTATION_STYLE_ASSIGNMENT((#19786,#19791));
#19786 = SURFACE_STYLE_USAGE(.BOTH.,#19787);
#19787 = SURFACE_SIDE_STYLE('',(#19788));
#19788 = SURFACE_STYLE_FILL_AREA(#19789);
#19789 = FILL_AREA_STYLE('',(#19790));
#19790 = FILL_AREA_STYLE_COLOUR('',#19277);
#19791 = CURVE_STYLE('',#19792,POSITIVE_LENGTH_MEASURE(0.1),#19280);
#19792 = DRAUGHTING_PRE_DEFINED_CURVE_FONT('continuous');
#19793 = OVER_RIDING_STYLED_ITEM('overriding color',(#19794),#6972,
  #19784);
#19794 = PRESENTATION_STYLE_ASSIGNMENT((#19795));
#19795 = SURFACE_STYLE_USAGE(.BOTH.,#19796);
#19796 = SURFACE_SIDE_STYLE('',(#19797));
#19797 = SURFACE_STYLE_FILL_AREA(#19798);
#19798 = FILL_AREA_STYLE('',(#19799));
#19799 = FILL_AREA_STYLE_COLOUR('',#17428);
#19800 = OVER_RIDING_STYLED_ITEM('overriding color',(#19801),#7014,
  #19784);
#19801 = PRESENTATION_STYLE_ASSIGNMENT((#19802));
#19802 = SURFACE_STYLE_USAGE(.BOTH.,#19803);
#19803 = SURFACE_SIDE_STYLE('',(#19804));
#19804 = SURFACE_STYLE_FILL_AREA(#19805);
#19805 = FILL_AREA_STYLE('',(#19806));
#19806 = FILL_AREA_STYLE_COLOUR('',#17428);
#19807 = OVER_RIDING_STYLED_ITEM('overriding color',(#19808),#7045,
  #19784);
#19808 = PRESENTATION_STYLE_ASSIGNMENT((#19809));
#19809 = SURFACE_STYLE_USAGE(.BOTH.,#19810);
#19810 = SURFACE_SIDE_STYLE('',(#19811));
#19811 = SURFACE_STYLE_FILL_AREA(#19812);
#19812 = FILL_AREA_STYLE('',(#19813));
#19813 = FILL_AREA_STYLE_COLOUR('',#17428);
#19814 = OVER_RIDING_STYLED_ITEM('overriding color',(#19815),#7076,
  #19784);
#19815 = PRESENTATION_STYLE_ASSIGNMENT((#19816));
#19816 = SURFACE_STYLE_USAGE(.BOTH.,#19817);
#19817 = SURFACE_SIDE_STYLE('',(#19818));
#19818 = SURFACE_STYLE_FILL_AREA(#19819);
#19819 = FILL_AREA_STYLE('',(#19820));
#19820 = FILL_AREA_STYLE_COLOUR('',#17428);
#19821 = OVER_RIDING_STYLED_ITEM('overriding color',(#19822),#7098,
  #19784);
#19822 = PRESENTATION_STYLE_ASSIGNMENT((#19823));
#19823 = SURFACE_STYLE_USAGE(.BOTH.,#19824);
#19824 = SURFACE_SIDE_STYLE('',(#19825));
#19825 = SURFACE_STYLE_FILL_AREA(#19826);
#19826 = FILL_AREA_STYLE('',(#19827));
#19827 = FILL_AREA_STYLE_COLOUR('',#17428);
#19828 = OVER_RIDING_STYLED_ITEM('overriding color',(#19829),#7131,
  #19784);
#19829 = PRESENTATION_STYLE_ASSIGNMENT((#19830));
#19830 = SURFACE_STYLE_USAGE(.BOTH.,#19831);
#19831 = SURFACE_SIDE_STYLE('',(#19832));
#19832 = SURFACE_STYLE_FILL_AREA(#19833);
#19833 = FILL_AREA_STYLE('',(#19834));
#19834 = FILL_AREA_STYLE_COLOUR('',#17428);
#19835 = OVER_RIDING_STYLED_ITEM('overriding color',(#19836),#7146,
  #19784);
#19836 = PRESENTATION_STYLE_ASSIGNMENT((#19837));
#19837 = SURFACE_STYLE_USAGE(.BOTH.,#19838);
#19838 = SURFACE_SIDE_STYLE('',(#19839));
#19839 = SURFACE_STYLE_FILL_AREA(#19840);
#19840 = FILL_AREA_STYLE('',(#19841));
#19841 = FILL_AREA_STYLE_COLOUR('',#17428);
ENDSEC;
END-ISO-10303-21;
